sig_vehicle_pct,sig_on_only_pct,sig_off_only_pct,sig_combo_pct,sig_combo_kcat0_pct,E_ON,E_OFF,E_combo,E_bliss_expected,dE_bliss_excess,C_TCI_on_only_M,C_TCI_combo_M,C_TCI_combo_kcat0_M,D_access_end_vehicle_M,D_access_end_on_only_M,D_access_end_off_only_M,D_access_end_combo_M,D_access_end_combo_kcat0_M,AUC_D_access_vehicle_Ms,AUC_D_access_on_only_Ms,AUC_D_access_combo_Ms,AUC_D_access_combo_kcat0_Ms,I_OFF_assoc_off_only_M,I_OFF_assoc_combo_M,I_OFF_assoc_combo_kcat0_M,off_bound_pct_off_only,off_bound_pct_combo,off_bound_pct_combo_kcat0,AUC_off_bound_off_only,AUC_off_bound_combo,AUC_off_bound_combo_kcat0,on_trapped_pct_on_only,on_trapped_pct_combo,ras_gtp_pct_vehicle,ras_gtp_pct_combo,engagement_gain_vs_off_only_pp,engagement_gain_vs_kcat0_pp,engagement_gain_vs_off_only_ratio,engagement_gain_vs_kcat0_ratio,assoc_gain_vs_kcat0_ratio,AUC_engagement_gain_vs_kcat0_ratio,hsa_excess,beats_best_single_agent,sig_bliss_expected_pct,sig_excess_pp,E_ON_AUC,E_OFF_AUC,E_combo_AUC,dE_bliss_excess_AUC,on_trapped_pct_off_only,wt_on_trapped_pct_on_only,wt_on_trapped_pct_combo,signalling_above_vehicle,E_ON_kcat0,E_combo_kcat0,dE_bliss_excess_kcat0,variant,design,on_dose_M,off_dose_M,theta_ON,theta_OFF,kcat_TCI,Phi,k_escape
34.06417307483321,34.047380485706576,34.057469056632925,34.04067573967351,34.05355810273574,0.0004929692286890219,0.00019680554656509308,0.0006897961417726695,0.0006896777561756231,1.1838559704638665e-07,6.156555407770478e-10,6.155197376753606e-10,0.0,7.832895208760798e-08,7.837119666541306e-08,7.830422151849626e-08,7.834644509170657e-08,7.828516024957221e-08,0.0007171450218081682,0.0007175358701333784,0.0007172732633412771,0.000716698933494268,2.4079621969855505e-06,2.408919931334839e-06,2.4075094749277354e-06,0.028136195948897987,0.028147097293597618,0.028131273618314783,261.7289015499425,261.8330003869004,261.67969339502633,0.02040489824071686,0.020399182241884233,60.831528644433654,60.794633994000726,1.090134469963061e-05,1.5823675282834737e-05,1.0003874491320515,1.000562494094563,1.0005858570534372,1.0005858574270132,0.00019682691308364753,True,34.040679772380976,4.032707465739804e-06,0.0004466371548654813,0.00015762733430513265,0.0006042979993950981,1.039124486072263e-07,0.0,0.02132313098760997,0.021320597146551185,False,0.0001148473366138214,0.0003116169024313109,-1.337815474974349e-08,G12D,matched_theta,3.64e-10,2e-10,0.001,0.001,0.00144,4.3783830279284865,0.0003288885396308731
34.06417307483321,34.047380485706576,34.04297942967678,34.026183847185116,34.03907109905725,0.0004929692286890219,0.0006221681973571647,0.0011152253003363644,0.0011148307162698206,3.9458406654374265e-07,6.156555407770478e-10,6.152263358051054e-10,0.0,7.832895208760798e-08,7.837119666541306e-08,7.825078897415895e-08,7.829297055976201e-08,7.82317512435476e-08,0.0007171450218081682,0.0007175358701333784,0.0007167059455328038,0.0007161321972476374,7.61015103297593e-06,7.613177996530583e-06,7.608720408883124e-06,0.08893082444494314,0.08896527643032665,0.08891527187649376,827.1709860796749,827.4999973875036,827.0154859225291,0.02040489824071686,0.02038683043062518,60.831528644433654,60.76055561522735,3.4451985383501804e-05,5.00045538328886e-05,1.0003874020689512,1.0005623843101143,1.0005858524703122,1.000585855371782,0.0004930571029791997,True,34.02619728836505,1.3441179930850922e-05,0.0004466371548654813,0.0004982570828926391,0.0009449983311048404,3.2663347261478737e-07,0.0,0.02132313098760997,0.021315118839419913,False,0.0001148473366138214,0.0007369025433497933,-4.153626080040905e-08,G12D,matched_theta,3.64e-10,6.324555320336758e-10,0.001,0.0031622776601683794,0.00144,4.3783830279284865,0.0003288885396308731
34.06417307483321,34.047380485706576,33.9972147056811,33.98041224810319,33.99331529643828,0.0004929692286890219,0.001965653738460249,0.002458912668920732,0.0024576539603419524,1.2587085787794938e-06,6.156555407770478e-10,6.143007134070254e-10,0.0,7.832895208760798e-08,7.837119666541306e-08,7.808220157519993e-08,7.812424955260111e-08,7.806323502608674e-08,0.0007171450218081682,0.0007175358701333784,0.0007149165026237628,0.0007143446079621455,2.4020550288826822e-05,2.403010531177757e-05,2.4016036305471357e-05,0.28078820126999415,0.2808969346947125,0.28073914420299895,2610.868301637576,2611.9068747902834,2610.3776654183216,0.02040489824071686,0.020347845038008617,60.831528644433654,60.65299245869466,0.00010873342471834357,0.00015779049171354975,1.00038724356731,1.0005620537604811,1.0005858171651334,1.0005858192062476,0.0004932589304604829,True,33.98045512497007,4.287686687831638e-05,0.0004466371548654813,0.0015735761499731105,0.0020205326036798477,1.022116415844241e-06,0.0,0.02132313098760997,0.021297805081565428,False,0.0001148473366138214,0.0020801261853402586,-1.4913963724454485e-07,G12D,matched_theta,3.64e-10,2e-09,0.001,0.01,0.00144,4.3783830279284865,0.0003288885396308731
34.06417307483321,34.047380485706576,33.85305058768519,33.83622625725928,33.84917852958479,0.0004929692286890219,0.0061977869441954825,0.006691687981773997,0.0066877008546350454,3.987127138951711e-06,6.156555407770478e-10,6.113954837670349e-10,0.0,7.832895208760798e-08,7.837119666541306e-08,7.755286367782949e-08,7.759449445087619e-08,7.753412425739678e-08,0.0007171450218081682,0.0007175358701333784,0.0007093033538911421,0.0007087372710791159,7.551356137848383e-05,7.554360814684006e-05,7.549938842339392e-05,0.8835927099191969,0.8839344437564194,0.8834388505178249,8207.80361008352,8211.069489365173,8206.263102184967,0.02040489824071686,0.02022530306640938,60.831528644433654,60.314857630176796,0.00034173383722246875,0.0004955932385944939,1.0003867549306216,1.0005609819381431,1.000585696445621,1.000585697426509,0.0004939010375785147,True,33.83636207544821,0.00013581818893015907,0.0004466371548654813,0.004955572911258255,0.0054032146996271235,3.2179764892000667e-06,0.0,0.02132313098760997,0.021243155601398975,False,0.0001148473366138214,0.006311456461194909,-4.660202909548619e-07,G12D,matched_theta,3.64e-10,6.324555320336758e-09,0.001,0.03162277660168379,0.00144,4.3783830279284865,0.0003288885396308731
34.06417307483321,34.047380485706576,33.40272006915595,33.38583014023154,33.398934273143624,0.0004929692286890219,0.01941785007445096,0.019913676844920403,0.01990124690056598,1.2429944354422351e-05,6.156555407770478e-10,6.024230857882238e-10,0.0,7.832895208760798e-08,7.837119666541306e-08,7.591610847261896e-08,7.595644800930217e-08,7.589806523980182e-08,0.0007171450218081682,0.0007175358701333784,0.0006919994119121896,0.0006914512208541542,0.00023441275837416179,0.00023450609373818854,0.0002343689389111263,2.7514199292816413,2.7524795326946707,2.7509458852300095,25479.049151462576,25489.19409821341,25474.28628942767,0.02040489824071686,0.01984510854689242,60.831528644433654,59.26541362747884,0.001059603413029464,0.0015336474646612253,1.0003851114843476,1.000557498231025,1.0005852090626832,1.0005852100669814,0.000495826770469443,True,33.38625355600734,0.0004234157757991852,0.0004466371548654813,0.015467310614378893,0.01591705932350218,1.001982986403166e-05,0.0,0.02132313098760997,0.02107138339484641,False,0.0001148473366138214,0.019528987250862273,-1.4800718386893952e-06,G12D,matched_theta,3.64e-10,2e-08,0.001,0.1,0.00144,4.3783830279284865,0.0003288885396308731
34.06417307483321,34.047380485706576,32.03381327274278,32.016743845799965,32.03029232979479,0.0004929692286890219,0.05960396565711623,0.060105061835359574,0.06006755196482846,3.7509870531117484e-05,6.156555407770478e-10,5.760844939336355e-10,0.0,7.832895208760798e-08,7.837119666541306e-08,7.109104936535851e-08,7.112761117888098e-08,7.107501958720743e-08,0.0007171450218081682,0.0007175358701333784,0.000641462770272866,0.0006409665117810992,0.0006998673887788331,0.0007001461562165089,0.0006997383633731854,8.292772299167678,8.295918375098989,8.291392700233803,76070.7384682043,76101.03862909101,76056.7142925027,0.02040489824071686,0.018713089479478896,60.831528644433654,56.13662417688016,0.0031460759313102216,0.004525674865185181,1.0003793756560306,1.0005458280687944,1.0005827790280895,1.0005827800609142,0.0005010961782433432,True,32.01802158852175,0.0012777427217827153,0.0004466371548654813,0.04692736393673114,0.047383267893585046,3.0226306302463812e-05,0.0,0.02132313098760997,0.02053941444319127,False,0.0001148473366138214,0.05970732771261833,-4.639924404380158e-06,G12D,matched_theta,3.64e-10,6.324555320336758e-08,0.001,0.31622776601683794,0.00144,4.3783830279284865,0.0003288885396308731
34.06417307483321,34.047380485706576,28.231146158421637,28.213784738958896,28.2283732820104,0.0004929692286890219,0.17123641614893748,0.1717460841636167,0.17164497109363408,0.00010111306998261682,6.156555407770478e-10,5.098337716905288e-10,0.0,7.832895208760798e-08,7.837119666541306e-08,5.875745142857092e-08,5.878463146030767e-08,5.874619118196857e-08,0.0007171450218081682,0.0007175358701333784,0.0005157688207228945,0.0005153981316988784,0.0018666417225765032,0.0018673766262172378,0.001866313744267758,22.7075387179831,22.71565671064724,22.704175065800097,202890.9002182779,202970.77935081697,202855.25121038922,0.02040489824071686,0.015746204358037752,60.831528644433654,47.88897597044303,0.008117992664143259,0.011481644847144423,1.0003575020950075,1.0005057063211444,1.0005695087188553,1.0005695102282954,0.000509668014679221,True,28.21722907207491,0.003444333116014775,0.0004466371548654813,0.1304023798653201,0.13087269164864634,8.191717639149942e-05,0.0,0.02132313098760997,0.01898485920217417,False,0.0001148473366138214,0.17131781769669108,-1.3779742534220096e-05,G12D,matched_theta,3.64e-10,2e-07,0.001,1.0,0.00144,4.3783830279284865,0.0003288885396308731
34.06417307483321,34.047380485706576,20.25092863366288,20.234207520903304,20.24967795439934,0.0004929692286890219,0.4055065247239371,0.4059973956669318,0.4057995917139046,0.0001978039530272091,6.156555407770478e-10,3.9849878108122656e-10,0.0,7.832895208760798e-08,7.837119666541306e-08,3.6862778007474814e-08,3.687550894104067e-08,3.685809297017136e-08,0.0007171450218081682,0.0007175358701333784,0.00030697183354785944,0.00030678711038204095,0.003834262564220854,0.0038356712728653598,0.0038336695635895436,49.21427492237976,49.22862566621776,49.20899339075631,416756.96573826816,416910.0831929175,416692.51026500046,0.02040489824071686,0.010276985484241741,60.831528644433654,32.33166932573109,0.014350743838001279,0.01963227546144708,1.0002915971811153,1.000398957062697,1.000522139230472,1.0005221426412936,0.0004908709429947145,True,20.24094554899411,0.006738028090804704,0.0004466371548654813,0.28769218245638695,0.288176814134277,0.0001664885408739214,0.0,0.02132313098760997,0.015341342477255075,False,0.0001148473366138214,0.4055432401099468,-3.156060626008372e-05,G12D,matched_theta,3.64e-10,6.324555320336758e-07,0.001,3.1622776601683795,0.00144,4.3783830279284865,0.0003288885396308731
34.06417307483321,34.047380485706576,11.107295649806387,11.093678951417587,11.107661991114183,0.0004929692286890219,0.6739302719779652,0.674330008626757,0.6740910143202871,0.0002389943064698974,6.156555407770478e-10,3.041233702189615e-10,0.0,7.832895208760798e-08,7.837119666541306e-08,1.6252522690747642e-08,1.6256067995206877e-08,1.625135107889017e-08,0.0007171450218081682,0.0007175358701333784,0.0001289787369876029,0.00012891621309734424,0.005542451016165115,0.005544249796607106,0.005541717992084439,75.15520570279804,75.17036780523736,75.15019497474137,602423.9823149095,602619.4986159708,602344.3068743282,0.02040489824071686,0.005069934310340618,60.831528644433654,16.70072460190884,0.01516210243931937,0.020172830495994276,1.0002017438751918,1.0002684335084264,1.0004568627501946,1.000456867838713,0.00039973664879178195,True,11.101820094837079,0.00814114341949157,0.0004466371548654813,0.44341292595601767,0.44388709002875226,0.00022557160554870226,0.0,0.02132313098760997,0.01034267869854711,False,0.0001148473366138214,0.673919517532026,-4.8202685753007124e-05,G12D,matched_theta,3.64e-10,2e-06,0.001,10.0,0.00144,4.3783830279284865,0.0003288885396308731
34.06417307483321,34.047380485706576,5.782891838716925,5.772184357690354,5.784177475968065,0.0004929692286890219,0.8302353670522724,0.8305496996797825,0.8303190557924354,0.00023064388734717056,6.156555407770478e-10,2.6028137169832645e-10,0.0,7.832895208760798e-08,7.837119666541306e-08,5.77058783492246e-09,5.771474686645332e-09,5.770301787977695e-09,0.0007171450218081682,0.0007175358701333784,4.48197791819628e-05,4.480059882709829e-05,0.006361609344764015,0.006363506345905859,0.006360838217095235,88.68208592074616,88.69533312234118,88.67781309384893,691459.9898362196,691666.182730505,691376.1725336605,0.02040489824071686,0.0024788866403726863,60.831528644433654,8.418616962294054,0.013247201595021352,0.017520028492256756,1.0001493785521336,1.0001975694695324,1.0004194618255584,1.0004194680238714,0.0003143326275101277,True,5.780041050987599,0.00785669329724481,0.0004466371548654813,0.5252509690937353,0.5257081630890748,0.00024515343890041397,0.0,0.02132313098760997,0.006731577774295245,False,0.0001148473366138214,0.8301976254271252,-5.723864109252741e-05,G12D,matched_theta,3.64e-10,6.324555320336758e-06,0.001,31.622776601683793,0.00144,4.3783830279284865,0.0003288885396308731
34.06417307483321,34.047380485706576,3.684413161188216,3.6750453333733604,3.686065257040302,0.0004929692286890219,0.8918390546838115,0.8921140599743927,0.8918923747015983,0.00022168527279442518,6.156555407770478e-10,2.4472382109993155e-10,0.0,7.832895208760798e-08,7.837119666541306e-08,1.8926662316315486e-09,1.8929134345146525e-09,1.892586027440301e-09,0.0007171450218081682,0.0007175358701333784,1.4593918146538357e-05,1.4587966916561191e-05,0.006657926419252809,0.006659843449663293,0.006657145500876056,93.74594394400567,93.75807384775236,93.74200840750257,723667.2664841724,723875.6367127476,723582.3849129664,0.02040489824071686,0.001538990960019004,60.831528644433654,5.295366205695828,0.012129903746682658,0.01606544024978973,1.0001293912380245,1.0001713793049958,1.0004052711161087,1.0004052776931773,0.0002750052905812206,True,3.6825968588739717,0.0075515255006113335,0.0004466371548654813,0.5561094164513692,0.5565581817387926,0.00025050726011555113,0.0,0.02132313098760997,0.005052606504555828,False,0.0001148473366138214,0.8917905551694256,-6.0921510881106755e-05,G12D,matched_theta,3.64e-10,1.9999999999999998e-05,0.001,100.0,0.00144,4.3783830279284865,0.0003288885396308731
34.06417307483321,34.047380485706576,2.9711852321673438,2.962295383820864,2.972963821713436,0.0004929692286890219,0.9127768278525313,0.9130378014075609,0.9128198261924286,0.00021797521513222673,6.156555407770478e-10,2.396351043748382e-10,0.0,7.832895208760798e-08,7.837119666541306e-08,6.054091829542116e-10,6.054836941590522e-10,6.053848802951194e-10,0.0007171450218081682,0.0007175358701333784,4.65736031955334e-06,4.655491707002258e-06,0.006755604811029768,0.0067575266153580985,0.006754821063557591,95.43447957440513,95.44619028504424,95.4306599751624,734284.115858374,734493.0050810389,734198.9267481489,0.02040489824071686,0.0012297836455990756,60.831528644433654,4.2510342905875635,0.011710710639107447,0.015530309881839344,1.000122709430505,1.000162739206518,1.0004005364131856,1.0004005431255432,0.00026097355502952,True,2.969720529275152,0.00742514545428774,0.0004466371548654813,0.5664354885722822,0.5668811939172846,0.00025205932516769725,0.0,0.02132313098760997,0.004433004898107189,False,0.0001148473366138214,0.9127246149442014,-6.223025734208854e-05,G12D,matched_theta,3.64e-10,6.324555320336758e-05,0.001,316.2277660168379,0.00144,4.3783830279284865,0.0003288885396308731
34.06417307483321,34.047380485706576,2.740380606989306,2.7316478245564517,2.742200036110372,0.0004929692286890219,0.9195524106524131,0.9198087733245283,0.9195920688384837,0.00021670448604460546,6.156555407770478e-10,2.380092565175839e-10,0.0,7.832895208760798e-08,7.837119666541306e-08,1.9213970930380348e-10,1.9216289499505476e-10,1.9213213193230894e-10,0.0007171450218081682,0.0007175358701333784,1.4770284230074485e-06,1.4764389097806484e-06,0.006786896867486295,0.006788820005690011,0.006786112244897085,95.97741211825888,95.9889831913145,95.97363052929764,737685.3082993135,737894.3425365901,737600.024057496,0.02040489824071686,0.0011308357613423262,60.831528644433654,3.914924159594864,0.011571073055620218,0.015352662016866248,1.0001205603776997,1.0001599675028672,1.0003990150317603,1.0003990217861911,0.0002563626721151513,True,2.739029683675167,0.0073818591187153615,0.0004466371548654813,0.5697600152532303,0.5702047092761294,0.0002525328602024368,0.0,0.02132313098760997,0.0042260983727193035,False,0.0001148473366138214,0.9194989988429714,-6.265100081526143e-05,G12D,matched_theta,3.64e-10,0.00019999999999999998,0.001,1000.0,0.00144,4.3783830279284865,0.0003288885396308731
34.06417307483321,34.01112302827034,34.057469056632925,34.004415924529106,34.045102327917185,0.0015573560657504704,0.00019680554656509308,0.0017542521925550947,0.001753855116003847,3.970765512476167e-07,1.9440702368408493e-09,1.943640997269257e-09,0.0,7.832895208760798e-08,7.846234635784262e-08,7.830422151849626e-08,7.843755344532888e-08,7.824397243266056e-08,0.0007171450218081682,0.0007183793811222501,0.0007181163906805509,0.0007163020839499006,2.4079621969855505e-06,2.410985931541581e-06,2.4065309979760863e-06,0.028136195948897987,0.028170608489302914,0.028120635051335233,261.7289015499425,262.05756062803243,261.57333954551643,0.06442427706612797,0.06440621197412227,60.831528644433654,60.74905150885733,3.4412540404926695e-05,4.997343796768125e-05,1.0012230701146463,1.001777109154059,1.001851184783924,1.0018511866819353,0.00019689612680462432,True,34.004429450613465,1.3526084359227752e-05,0.0014111693595275643,0.00015762733430513265,0.0015688970557170556,3.2280074875406205e-07,0.0,0.06734453986866416,0.06733652631075697,False,0.0003631577901773708,0.0005598476403383401,-4.4224936738548534e-08,G12D,matched_theta,1.15106906830129e-09,2e-10,0.0031622776601683794,0.001,0.00144,4.3783830279284865,0.0003288885396308731
34.06417307483321,34.01112302827034,34.04297942967678,33.98991903806413,34.03062104933959,0.0015573560657504704,0.0006221681973571647,0.0021798279560742984,0.002178555325691564,1.2726303827343723e-06,1.9440702368408493e-09,1.9427136280679506e-09,0.0,7.832895208760798e-08,7.846234635784262e-08,7.825078897415895e-08,7.838398912927363e-08,7.81906141399391e-08,0.0007171450218081682,0.0007183793811222501,0.0007175482481240458,0.0007157357971543866,7.61015103297593e-06,7.619707577312449e-06,7.60562840134963e-06,0.08893082444494314,0.0890395806578138,0.08888165831252384,827.1709860796749,828.2097163951021,826.679406106467,0.06442427706612797,0.06436717505203934,60.831528644433654,60.71496723351637,0.00010875621287065318,0.0001579223452899542,1.0012229304467763,1.001776770914137,1.0018511522283051,1.001851153273362,0.000622471890323828,True,33.98996238916575,4.335110161690636e-05,0.0014111693595275643,0.0004982570828926391,0.0019097437999401334,1.0204826484756704e-06,0.0,0.06734453986866416,0.06731920084246612,False,0.0003631577901773708,0.0009849652131554976,-1.3482915136708157e-07,G12D,matched_theta,1.15106906830129e-09,6.324555320336758e-10,0.0031622776601683794,0.0031622776601683794,0.00144,4.3783830279284865,0.0003288885396308731
34.06417307483321,34.01112302827034,33.9972147056811,33.94413254132605,33.98488422492829,0.0015573560657504704,0.001965653738460249,0.0035239526655600484,0.003519948581437963,4.004084122085326e-06,1.9440702368408493e-09,1.9397879628942334e-09,0.0,7.832895208760798e-08,7.846234635784262e-08,7.808220157519993e-08,7.821498064330736e-08,7.802225330888945e-08,0.0007171450218081682,0.0007183793811222501,0.0007157562192473055,0.0007139496253274392,2.4020550288826822e-05,2.4050717222446888e-05,2.4006280621781035e-05,0.28078820126999415,0.28113144761326514,0.28063312195987283,2610.868301637576,2614.147243666007,2609.317287008513,0.06442427706612797,0.06424396731725629,60.831528644433654,60.60738762208889,0.00034324634327098646,0.0004983256533923064,1.0012224386271165,1.0017757193089403,1.001851040624158,1.0018510422942972,0.0015582989270997993,True,33.94426893714059,0.00013639581454327754,0.0014111693595275643,0.0015735761499731105,0.0029857468267224796,3.221899669530147e-06,0.0,0.06734453986866416,0.06726444773340474,False,0.0003631577901773708,0.002327631724120649,-4.659620490578796e-07,G12D,matched_theta,1.15106906830129e-09,2e-09,0.0031622776601683794,0.01,0.00144,4.3783830279284865,0.0003288885396308731
34.06417307483321,34.01112302827034,33.85305058768519,33.79990021796732,33.84080667867454,0.0015573560657504704,0.0061977869441954825,0.007758088132224006,0.007745490848854181,1.259728336982461e-05,1.9440702368408493e-09,1.9306052181036703e-09,0.0,7.832895208760798e-08,7.846234635784262e-08,7.755286367782949e-08,7.768432254596148e-08,7.749363284421036e-08,0.0007171450218081682,0.0007183793811222501,0.0007101349612908104,0.0007083467169617357,7.551356137848383e-05,7.560842506544943e-05,7.546875737663049e-05,0.8835927099191969,0.8846714649296639,0.8831063261388452,8207.80361008352,8218.114646500844,8202.933714739882,0.06442427706612797,0.06385669268225042,60.831528644433654,60.26920182761267,0.0010787550104669474,0.0015651387908186543,1.0012208735974808,1.001772310699734,1.0018506689877233,1.0018506710268404,0.0015603011880285234,True,33.800329334008296,0.0004291160409763961,0.0014111693595275643,0.004955572911258255,0.006369900840883291,1.0151722748744443e-05,0.0,0.06734453986866416,0.06709162505610414,False,0.0003631577901773708,0.006557223498952047,-1.4704608101616737e-06,G12D,matched_theta,1.15106906830129e-09,6.324555320336758e-09,0.0031622776601683794,0.03162277660168379,0.00144,4.3783830279284865,0.0003288885396308731
34.06417307483321,34.01112302827034,33.40272006915595,33.349363008387776,33.3907483169009,0.0015573560657504704,0.01941785007445096,0.02098421895858482,0.02094496563360415,3.9253324980670357e-05,1.9440702368408493e-09,1.9022457685817497e-09,0.0,7.832895208760798e-08,7.846234635784262e-08,7.591610847261896e-08,7.60434924897524e-08,7.585908088460245e-08,0.0007171450218081682,0.0007183793811222501,0.0006928059832198142,0.0006910742615236267,0.00023441275837416179,0.00023470744067858183,0.00023427423735806818,2.7514199292816413,2.7547648850059456,2.7499214502402274,25479.049151462576,25511.07914349527,25463.992869922695,0.06442427706612797,0.0626551575377056,60.831528644433654,59.21960143964438,0.003344955724304377,0.004843434765718246,1.00121571981387,1.001761299314675,1.0018491291462472,1.0018491315880076,0.0015663688841338619,True,33.35070014044368,0.0013371320559016908,0.0014111693595275643,0.015467310614378893,0.016888274950967008,3.162197187385821e-05,0.0,0.06734453986866416,0.06654841875864452,False,0.0003631577901773708,0.019769297098535477,-4.659022569821619e-06,G12D,matched_theta,1.15106906830129e-09,2e-08,0.0031622776601683794,0.1,0.00144,4.3783830279284865,0.0003288885396308731
34.06417307483321,34.01112302827034,32.03381327274278,31.979895356919094,32.0226796631824,0.0015573560657504704,0.05960396565711623,0.06118679920206216,0.06106849712540781,0.00011830207665435022,1.9440702368408493e-09,1.8189973805482685e-09,0.0,7.832895208760798e-08,7.846234635784262e-08,7.109104936535851e-08,7.120649150735041e-08,7.104038217124465e-08,0.0007171450218081682,0.0007183793811222501,0.0006421962699921485,0.0006406286283020454,0.0006998673887788331,0.0007007475043129294,0.0006994594989731545,8.292772299167678,8.302702982833852,8.288411082198172,76070.7384682043,76166.40107427191,76026.4035923623,0.06442427706612797,0.05907774361435938,60.831528644433654,56.09039521707466,0.009930683666173223,0.014291900635679866,1.0011975107126925,1.0017243233345865,1.001841429477569,1.001841432387888,0.0015828335449459274,True,31.983925219333358,0.004029862414263619,0.0014111693595275643,0.04692736393673114,0.04836766689210714,9.535605395935565e-05,0.0,0.06734453986866416,0.06486620522434275,False,0.0003631577901773708,0.0599308078656714,-1.4669937168358682e-05,G12D,matched_theta,1.15106906830129e-09,6.324555320336758e-08,0.0031622776601683794,0.31622776601683794,0.00144,4.3783830279284865,0.0003288885396308731
34.06417307483321,34.01112302827034,28.231146158421637,28.176316247163154,28.22237849754331,0.0015573560657504704,0.17123641614893748,0.17284602255676162,0.17252709614332104,0.0003189264134405845,1.9440702368408493e-09,1.6096093934142953e-09,0.0,7.832895208760798e-08,7.846234635784262e-08,5.875745142857092e-08,5.884326473674835e-08,5.872185649616001e-08,0.0007171450218081682,0.0007183793811222501,0.0005163230488305418,0.0005151521296633325,0.0018666417225765032,0.0018689619144279983,0.0018656048938406283,22.7075387179831,22.733163200031534,22.696904822237332,202890.9002182779,203143.08947621254,202778.20368846814,0.06442427706612797,0.04970280782196348,60.831528644433654,47.84214968772636,0.025624482048435482,0.03625837779420138,1.001128457045331,1.0015975031872486,1.0017994274127675,1.0017994329819835,0.001609606407824149,True,28.18718021170873,0.01086396454557459,0.0014111693595275643,0.1304023798653201,0.13188795722809088,0.0002584278461186251,0.0,0.06734453986866416,0.05995085721519141,False,0.0003631577901773708,0.17149380272512316,-4.3585375505139634e-05,G12D,matched_theta,1.15106906830129e-09,2e-07,0.0031622776601683794,1.0,0.00144,4.3783830279284865,0.0003288885396308731
34.06417307483321,34.01112302827034,20.25092863366288,20.19814692286415,20.246972679946836,0.0015573560657504704,0.4055065247239371,0.4070560034294022,0.40643236274370736,0.0006236406856948151,1.9440702368408493e-09,1.2577863451621185e-09,0.0,7.832895208760798e-08,7.846234635784262e-08,3.6862778007474814e-08,3.6902956695865534e-08,3.684796728602862e-08,0.0007171450218081682,0.0007183793811222501,0.0003072528451248256,0.00030666942369613506,0.003834262564220854,0.0038387095068494153,0.0038323877565186724,49.21427492237976,49.25956046556995,49.19757782207367,416756.96573826816,417240.3192021312,416553.18597074924,0.06442427706612797,0.03242595615556953,60.831528644433654,32.287009141868204,0.045285543190189514,0.06198264349627891,1.000920170890694,1.0012598718522372,1.0016495591606016,1.001649569021494,0.0015494787054650683,True,20.219390727118164,0.021243804254012844,0.0014111693595275643,0.28769218245638695,0.2892224910101685,0.0005251215871120429,0.0,0.06734453986866416,0.04843319970435846,False,0.0003631577901773708,0.4056226571105168,-9.976255017640767e-05,G12D,matched_theta,1.15106906830129e-09,6.324555320336758e-07,0.0031622776601683794,3.1622776601683795,0.00144,4.3783830279284865,0.0003288885396308731
34.06417307483321,34.01112302827034,11.107295649806387,11.064345275772268,11.108453432009252,0.0015573560657504704,0.6739302719779652,0.6751911384589968,0.6744380786467579,0.0007530598122389431,1.9440702368408493e-09,9.59636870856212e-10,0.0,7.832895208760798e-08,7.846234635784262e-08,1.6252522690747642e-08,1.6263704351461913e-08,1.624881776367003e-08,0.0007171450218081682,0.0007183793811222501,0.0001290746429937815,0.00012887720220545893,0.005542451016165115,0.005548128241384886,0.005540133322899092,75.15520570279804,75.20302430518504,75.13936035208572,602423.9823149095,603041.061611272,602172.0625650849,0.06442427706612797,0.015984379229739522,60.831528644433654,16.6642495064329,0.047818602386996645,0.06366395309932216,1.0006362646730833,1.0008472783478726,1.0014430913517458,1.0014431075438563,0.0012608664810316306,True,11.089997635552077,0.02565235977980862,0.0014111693595275643,0.44341292595601767,0.444909671197227,0.0007113066164093906,0.0,0.06734453986866416,0.032635768442397,False,0.0003631577901773708,0.6738962837111628,-0.00015240302867458588,G12D,matched_theta,1.15106906830129e-09,2e-06,0.0031622776601683794,10.0,0.00144,4.3783830279284865,0.0003288885396308731
34.06417307483321,34.01112302827034,5.782891838716925,5.749144065801247,5.786957819221797,0.0015573560657504704,0.8302353670522724,0.831226078696484,0.8304997510331434,0.0007263276633405757,1.9440702368408493e-09,8.211612640682839e-10,0.0,7.832895208760798e-08,7.846234635784262e-08,5.77058783492246e-09,5.7733830337932185e-09,5.769682972843124e-09,0.0007171450218081682,0.0007183793811222501,4.484919191761223e-05,4.4788628746815495e-05,0.006361609344764015,0.006367595809110578,0.006359171055969094,88.68208592074616,88.72383834561055,88.66856950225609,691459.9898362196,692110.6833781521,691194.9613906221,0.06442427706612797,0.007805388077746601,60.831528644433654,8.389157467562624,0.04175242486438435,0.05526884335445459,1.000470810135225,1.0006233194430079,1.0013248193934925,1.0013248389219847,0.000990711644211606,True,5.77388581703432,0.024741751233072762,0.0014111693595275643,0.5252509690937353,0.52669385365117,0.0007729332715544768,0.0,0.06734453986866416,0.02122413070561512,False,0.0003631577901773708,0.8301160046800833,-0.00018101372114065484,G12D,matched_theta,1.15106906830129e-09,6.324555320336758e-06,0.0031622776601683794,31.622776601683793,0.00144,4.3783830279284865,0.0003288885396308731
34.06417307483321,34.01112302827034,3.684413161188216,3.6549017137225848,3.689638998161,0.0015573560657504704,0.8918390546838115,0.8927054032489388,0.892007499788077,0.0006979034608617374,1.9440702368408493e-09,7.720269054275861e-10,0.0,7.832895208760798e-08,7.846234635784262e-08,1.8926662316315486e-09,1.8934450791001527e-09,1.892412458507879e-09,0.0007171450218081682,0.0007183793811222501,1.4603034844314295e-05,1.4584244033718663e-05,0.006657926419252809,0.006663975749404972,0.006655457073701452,93.74594394400567,93.78416081456653,93.73349154942818,723667.2664841724,724324.7940421298,723398.8620710943,0.06442427706612797,0.004838798033274398,60.831528644433654,5.269013394096491,0.038216870560859206,0.050669265138353126,1.0004076642567457,1.0005405673500558,1.0012799535192227,1.0012799743261753,0.0008663485651272396,True,3.6786752180029056,0.02377350428032088,0.0014111693595275643,0.5561094164513692,0.5575255801812051,0.0007897589393492943,0.0,0.06734453986866416,0.015917957354070842,False,0.0003631577901773708,0.8916856431519564,-0.0001926910217395772,G12D,matched_theta,1.15106906830129e-09,1.9999999999999998e-05,0.0031622776601683794,100.0,0.00144,4.3783830279284865,0.0003288885396308731
34.06417307483321,34.01112302827034,2.9711852321673438,2.9431847078254783,2.976809141399545,0.0015573560657504704,0.9127768278525313,0.9135988212201775,0.9129126653887492,0.0006861558314283922,1.9440702368408493e-09,7.559560299585278e-10,0.0,7.832895208760798e-08,7.846234635784262e-08,6.054091829542116e-10,6.056439093583433e-10,6.05332301387763e-10,0.0007171450218081682,0.0007183793811222501,4.66022151532989e-06,4.654321523205676e-06,0.006755604811029768,0.006761669099803943,0.0067531265422878526,95.43447957440513,95.47137081786418,95.42239625232001,734284.115858374,734943.269643188,734014.7414550377,0.06442427706612797,0.0038628799121401174,60.831528644433654,4.225773647620821,0.0368912434590527,0.0489745655441709,1.0003865609538982,1.0005132397368712,1.0012649781493945,1.0012649993735951,0.0008219933676462121,True,2.966558038823561,0.023373330998082587,0.0014111693595275643,0.5664354885722822,0.5678419569049067,0.0007946353787191551,0.0,0.06734453986866416,0.013959672113722118,False,0.0003631577901773708,0.9126117303696174,-0.00019677325736322526,G12D,matched_theta,1.15106906830129e-09,6.324555320336758e-05,0.0031622776601683794,316.2277660168379,0.00144,4.3783830279284865,0.0003288885396308731
34.06417307483321,34.01112302827034,2.740380606989306,2.7128762646952653,2.7461338692095776,0.0015573560657504704,0.9195524106524131,0.9203598379231007,0.9196776961936586,0.0006821417294421428,1.9440702368408493e-09,7.508214409190746e-10,0.0,7.832895208760798e-08,7.846234635784262e-08,1.9213970930380348e-10,1.922127466719756e-10,1.9211573725756385e-10,0.0007171450218081682,0.0007183793811222501,1.4779309292218275e-06,1.476069603604892e-06,0.006786896867486295,0.0067929653399402745,0.00678441587250505,95.97741211825888,96.01386220972071,95.9654485467171,737685.3082993135,738344.9169247933,737415.6375402143,0.06442427706612797,0.0035505841971999598,60.831528644433654,3.8900202186695787,0.036450091461830425,0.048413663003614715,1.0003797778108137,1.0005044905613092,1.0012601626427224,1.0012601839956619,0.0008074272706876107,True,2.736112858628548,0.023236593933282812,0.0014111693595275643,0.5697600152532303,0.5711632820201933,0.0007961252832447974,0.0,0.06734453986866416,0.013305715139287567,False,0.0003631577901773708,0.9193835158371,-0.00019810998408564817,G12D,matched_theta,1.15106906830129e-09,0.00019999999999999998,0.0031622776601683794,1000.0,0.00144,4.3783830279284865,0.0003288885396308731
34.06417307483321,33.89693100166619,34.057469056632925,33.89021722100613,34.018368529025196,0.004909617879160444,0.00019680554656509308,0.005106710015972626,0.005105457185695403,1.2528302772230396e-06,6.119808061502063e-09,6.11845274509886e-09,0.0,7.832895208760798e-08,7.87488922915989e-08,7.830422151849626e-08,7.872396644371348e-08,7.811398512681518e-08,0.0007171450218081682,0.0007210323277436886,0.0007207681465798523,0.000715049626838941,2.4079621969855505e-06,2.4174756885157715e-06,2.4034410137262526e-06,0.028136195948897987,0.02824441940804926,0.028087039458718002,261.7289015499425,262.7629529684762,261.2374789164161,0.20271683486768804,0.2026598188044761,60.831528644433654,60.60575611606131,0.0001082234591512736,0.0001573799493312586,1.003846414040755,1.0056032943437336,1.0058394088764258,1.0058394149966063,0.00019709213681218252,True,33.89025989763353,4.26766273946555e-05,0.004450303177830239,0.00015762733430513265,0.004608244961515129,1.0159388065282202e-06,0.0,0.21211500610919376,0.21208966298171208,False,0.0011482267794405976,0.001344654564412462,-1.517841943202581e-07,G12D,matched_theta,3.64e-09,2e-10,0.01,0.001,0.00144,4.3783830279284865,0.0003288885396308731
34.06417307483321,33.89693100166619,34.04297942967678,33.875706003024824,34.003906353396786,0.004909617879160444,0.0006221681973571647,0.0055327065005909,0.005528731468412019,3.975032178881767e-06,6.119808061502063e-09,6.115524618876661e-09,0.0,7.832895208760798e-08,7.87488922915989e-08,7.825078897415895e-08,7.867011435589851e-08,7.806078169429966e-08,0.0007171450218081682,0.0007210323277436886,0.0007201974265574864,0.0007144847492343928,7.61015103297593e-06,7.640218563206841e-06,7.595863921331893e-06,0.08893082444494314,0.08927284669221625,0.08877550561233141,827.1709860796749,830.4391204818302,825.6180765793754,0.20271683486768804,0.20253661371835996,60.831528644433654,60.57165628589083,0.00034202224727310215,0.0004973410798848332,1.003845935865408,1.0056022331436403,1.005839314965923,1.0058393148590312,0.0006230886214304565,True,33.875841409208945,0.00013540618412122285,0.004450303177830239,0.0004982570828926391,0.0049495533965997485,3.2105309562434e-06,0.0,0.21211500610919376,0.21203487182048594,False,0.0011482267794405976,0.0017692113442479007,-4.692423643396556e-07,G12D,matched_theta,3.64e-09,6.324555320336758e-10,0.01,0.0031622776601683794,0.00144,4.3783830279284865,0.0003288885396308731
34.06417307483321,33.89693100166619,33.9972147056811,33.82987364882918,33.95822841966265,0.004909617879160444,0.001965653738460249,0.006878177417937392,0.00686562100888211,1.2556409055282207e-05,6.119808061502063e-09,6.1062870476020645e-09,0.0,7.832895208760798e-08,7.87488922915989e-08,7.808220157519993e-08,7.850020176657012e-08,7.789291659144358e-08,0.0007171450218081682,0.0007210323277436886,0.0007183972535247239,0.0007127030411751424,2.4020550288826822e-05,2.4115464093435826e-05,2.3975472241708957e-05,0.28078820126999415,0.28186766431873533,0.28029831429426466,2610.868301637576,2621.1847852256815,2605.968623679545,0.20271683486768804,0.20214775027425738,60.831528644433654,60.46402581993408,0.0010794630487411805,0.0015693500244706726,1.0038444031617384,1.0055988564484306,1.0058389611814749,1.0058389657526465,0.0019685595387769483,True,33.83030137252044,0.00042772369125998466,0.004450303177830239,0.0015735761499731105,0.0060270039149505905,1.0127478088023563e-05,0.0,0.21211500610919376,0.21186171041116775,False,0.0011482267794405976,0.003110149039514676,-1.4744621245634491e-06,G12D,matched_theta,3.64e-09,2e-09,0.01,0.01,0.00144,4.3783830279284865,0.0003288885396308731
34.06417307483321,33.89693100166619,33.85305058768519,33.68549813870641,33.81433824294098,0.004909617879160444,0.0061977869441954825,0.01111651632625621,0.011076976057763477,3.954026849273262e-05,6.119808061502063e-09,6.077293365502499e-09,0.0,7.832895208760798e-08,7.87488922915989e-08,7.755286367782949e-08,7.796670686802619e-08,7.736584261262685e-08,0.0007171450218081682,0.0007210323277436886,0.0007127504376251075,0.0007071141151445644,7.551356137848383e-05,7.58120284191516e-05,7.537202570633856e-05,0.8835927099191969,0.8869852684011231,0.8820562477674803,8207.80361008352,8240.244943432788,8192.419631507526,0.20271683486768804,0.20092546013377732,60.831528644433654,60.12568098014296,0.003392558481926211,0.004929020633642867,1.0038395048350235,1.0055881023983657,1.005837745618346,1.0058377517359254,0.004918729382060727,True,33.686845045255765,0.0013469065493580956,0.004450303177830239,0.004955572911258255,0.009415696428326181,3.1874141112629706e-05,0.0,0.21211500610919376,0.2113151485244081,False,0.0011482267794405976,0.007334240327612984,-4.6569310805030795e-06,G12D,matched_theta,3.64e-09,6.324555320336758e-09,0.01,0.03162277660168379,0.00144,4.3783830279284865,0.0003288885396308731
34.06417307483321,33.89693100166619,33.40272006915595,33.23452944446073,33.364868162379125,0.004909617879160444,0.01941785007445096,0.02435531397019053,0.024232133729711024,0.00012318024047950488,6.119808061502063e-09,5.9877519922247636e-09,0.0,7.832895208760798e-08,7.87488922915989e-08,7.591610847261896e-08,7.631711052299031e-08,7.573604295541836e-08,0.0007171450218081682,0.0007210323277436886,0.000695342666415324,0.0006898845417788424,0.00023441275837416179,0.0002353399203826611,0.00023397517297753034,2.7514199292816413,2.7619393487248898,2.746686346852234,25479.049151462576,25579.82538622975,25431.486581554498,0.20271683486768804,0.19713339168972827,60.831528644433654,59.075603510922654,0.010519419443248523,0.01525300187265577,1.0038232693349702,1.0055532375912293,1.0058328727264658,1.005832879812179,0.004937463895739569,True,33.238725477491826,0.004196033031092838,0.004450303177830239,0.015467310614378893,0.01994807974349211,9.930017286263401e-05,0.0,0.21211500610919376,0.2095973041528895,False,0.0011482267794405976,0.0205290441343704,-1.4736624066511578e-05,G12D,matched_theta,3.64e-09,2e-08,0.01,0.1,0.00144,4.3783830279284865,0.0003288885396308731
34.06417307483321,33.89693100166619,32.03381327274278,31.863896843681804,31.998612063099188,0.004909617879160444,0.05960396565711623,0.06459209288062762,0.06422095084081764,0.0003711420398099796,6.119808061502063e-09,5.7249175016186255e-09,0.0,7.832895208760798e-08,7.87488922915989e-08,7.109104936535851e-08,7.145441420686233e-08,7.093105791468725e-08,0.0007171450218081682,0.0007210323277436886,0.0006445029052189728,0.0006395621810278697,0.0006998673887788331,0.0007026364733241501,0.0006985788549212751,8.292772299167678,8.324001498198337,8.278995356506522,76070.7384682043,76371.71912204617,75930.68344665792,0.20271683486768804,0.18584421047640892,60.831528644433654,55.94512218938853,0.03122919903065835,0.045006141691814605,1.003765833415418,1.0054361839515278,1.0058083899538188,1.0058083985994686,0.004988127223511385,True,31.876539490361242,0.012642646679438485,0.004450303177830239,0.04692736393673114,0.05146817681329985,0.000299350695593302,0.0,0.21211500610919376,0.20427806742117174,False,0.0011482267794405976,0.060637344907693236,-4.640865933523697e-05,G12D,matched_theta,3.64e-09,6.324555320336758e-08,0.01,0.31622776601683794,0.00144,4.3783830279284865,0.0003288885396308731
34.06417307483321,33.89693100166619,28.231146158421637,28.058472950926966,28.203426404573047,0.004909617879160444,0.17123641614893748,0.1763054723422388,0.17530532865780973,0.0010001436844290779,6.119808061502063e-09,5.063936474920519e-09,0.0,7.832895208760798e-08,7.87488922915989e-08,5.875745142857092e-08,5.9027449215385044e-08,5.864503060568113e-08,0.0007171450218081682,0.0007210323277436886,0.0005180653390770141,0.0005143755193460016,0.0018666417225765032,0.0018739412221143615,0.0018633661894191117,22.7075387179831,22.788104697225624,22.673943306980217,202890.9002182779,203684.3066139152,202534.87135523252,0.20271683486768804,0.15627016770097574,60.831528644433654,47.69510603708365,0.08056597924252529,0.11416139024540684,1.0035479837882528,1.0050349155724607,1.0056752305345555,1.0056752461983034,0.005069056193301336,True,28.09254201849306,0.034069067566093736,0.004450303177830239,0.1304023798653201,0.13508344534967875,0.0008110924320396673,0.0,0.21211500610919376,0.1887407945268364,False,0.0011482267794405976,0.17205016711795973,-0.00013785757178069735,G12D,matched_theta,3.64e-09,2e-07,0.01,1.0,0.00144,4.3783830279284865,0.0003288885396308731
34.06417307483321,33.89693100166619,20.25092863366288,20.08496081565725,20.238421004930935,0.004909617879160444,0.4055065247239371,0.41037873511463197,0.4084252605191967,0.0019534745954352672,6.119808061502063e-09,3.953875817335217e-09,0.0,7.832895208760798e-08,7.87488922915989e-08,3.6862778007474814e-08,3.6989041786939134e-08,3.681597543775659e-08,0.0007171450218081682,0.0007210323277436886,0.0003081354424509292,0.00030629770691959494,0.003834262564220854,0.003848247832398404,0.003828338318272014,49.21427492237976,49.35653558675827,49.16150414403826,416756.96573826816,418277.07264327595,416113.03743115696,0.20271683486768804,0.10181931054606921,60.831528644433654,32.14698674788913,0.1422606643785116,0.19503144272000839,1.0028906382264675,1.0039671577612554,1.00520056287381,1.005200594591985,0.004872210390694853,True,20.151504312373447,0.06654349671619642,0.004450303177830239,0.28769218245638695,0.2925092758863449,0.0016471076859502776,0.0,0.21211500610919376,0.15236126545680814,False,0.0011482267794405976,0.4058737031287811,-0.0003154349236706433,G12D,matched_theta,3.64e-09,6.324555320336758e-07,0.01,3.1622776601683795,0.00144,4.3783830279284865,0.0003288885396308731
34.06417307483321,33.89693100166619,11.107295649806387,10.972565765970993,11.11095734386989,0.004909617879160444,0.6739302719779652,0.6778854504447788,0.6755311497445151,0.0023543007002636562,6.119808061502063e-09,3.0139615574173503e-09,0.0,7.832895208760798e-08,7.87488922915989e-08,1.6252522690747642e-08,1.6287586832828913e-08,1.6240804559986554e-08,0.0007171450218081682,0.0007210323277436886,0.00012937552891639605,0.00012875391905082194,0.005542451016165115,0.005560294529244086,0.005535125101422585,75.15520570279804,75.3051416593596,75.10508736796854,602423.9823149095,604363.4619665145,601627.6981612027,0.20271683486768804,0.050071202143069746,60.831528644433654,16.550189606136893,0.14993595656156344,0.20005429139106923,1.0019950175794141,1.0026636583273105,1.0045472193239198,1.004547270369488,0.003955178466813591,True,11.052763072494976,0.08019730652398316,0.004450303177830239,0.44341292595601767,0.448119263892529,0.002229356712154129,0.0,0.21211500610919376,0.10250368109021606,False,0.0011482267794405976,0.6738227779825742,-0.0004818959890707797,G12D,matched_theta,3.64e-09,2e-06,0.01,10.0,0.00144,4.3783830279284865,0.0003288885396308731
34.06417307483321,33.89693100166619,5.782891838716925,5.677282330810448,5.795750640983994,0.004909617879160444,0.8302353670522724,0.833335677389308,0.8310688465294417,0.0022668308598663423,6.119808061502063e-09,2.577708659921821e-09,0.0,7.832895208760798e-08,7.87488922915989e-08,5.77058783492246e-09,5.779335390837023e-09,5.767723706256579e-09,0.0007171450218081682,0.0007210323277436886,4.494141088705235e-05,4.475079090138635e-05,0.006361609344764015,0.006380417262284398,0.006353901009554118,88.68208592074616,88.81274608871149,88.63930245958045,691459.9898362196,693504.3002385367,690622.1366321176,0.20271683486768804,0.024352371934800512,60.831528644433654,8.297273240409634,0.1306601679653312,0.17344362913104305,1.0014733546985137,1.001956735040984,1.0041732240855514,1.0041732858730452,0.0031003103370356166,True,5.754500049552309,0.07721771874186079,0.004450303177830239,0.5252509690937353,0.5297850689415089,0.002421322726859687,0.0,0.21211500610919376,0.06649443854199125,False,0.0011482267794405976,0.8298578794720273,-0.0005724158779976118,G12D,matched_theta,3.64e-09,6.324555320336758e-06,0.01,31.622776601683793,0.00144,4.3783830279284865,0.0003288885396308731
34.06417307483321,33.89693100166619,3.684413161188216,3.592194770542124,3.7009397993480397,0.004909617879160444,0.8918390546838115,0.8945462506120233,0.8923700835947628,0.002176167017260533,6.119808061502063e-09,2.4229593764252594e-09,0.0,7.832895208760798e-08,7.87488922915989e-08,1.8926662316315486e-09,1.895100846811613e-09,1.891862677584688e-09,0.0007171450218081682,0.0007210323277436886,1.4631611972391212e-05,1.4572474982509332e-05,0.006657926419252809,0.006676928710182824,0.006650119466096152,93.74594394400567,93.86540587925792,93.70651424280265,723667.2664841724,725732.7068582528,722818.6932155777,0.20271683486768804,0.015027064335886502,60.831528644433654,5.186940375481338,0.11946193525224658,0.15889163645526594,1.0012743157754496,1.0016956306371996,1.0040313928529183,1.0040314586078447,0.002707195928211781,True,3.666324100457831,0.07412932991570687,0.004450303177830239,0.5561094164513692,0.5605584013859354,0.0024735372599907768,0.0,0.21211500610919376,0.049747424506225366,False,0.0011482267794405976,0.891353892806448,-0.0006093551712652578,G12D,matched_theta,3.64e-09,1.9999999999999998e-05,0.01,100.0,0.00144,4.3783830279284865,0.0003288885396308731
34.06417307483321,33.89693100166619,2.9711852321673438,2.883740341459486,2.9889705169046437,0.004909617879160444,0.9127768278525313,0.9153438912160176,0.9132050602979837,0.002138830918033907,6.119808061502063e-09,2.3723487012122845e-09,0.0,7.832895208760798e-08,7.87488922915989e-08,6.054091829542116e-10,6.061425944879778e-10,6.051657109317692e-10,0.0007171450218081682,0.0007210323277436886,4.669189487862846e-06,4.650622099283702e-06,0.006755604811029768,0.006774653038417947,0.0067477694673311345,95.43447957440513,95.54974739759987,95.39621353354676,734284.115858374,736354.5502410192,733432.4564061261,0.20271683486768804,0.011959633691719254,60.831528644433654,4.147147717359104,0.11526782319474194,0.15353386405311653,1.0012078215725468,1.0016094335232617,1.003984067804475,1.003984134884365,0.0025670633634862217,True,2.956597848029197,0.07285750656971102,0.004450303177830239,0.5664354885722822,0.5708536257756298,0.002488643680346403,0.0,0.21211500610919376,0.0435657070810517,False,0.0011482267794405976,0.912254716697852,-0.0006222631367268638,G12D,matched_theta,3.64e-09,6.324555320336758e-05,0.01,316.2277660168379,0.00144,4.3783830279284865,0.0003288885396308731
34.06417307483321,33.89693100166619,2.740380606989306,2.6545035843545133,2.7585748283613065,0.004909617879160444,0.9195524106524131,0.9220734471222002,0.9199473775754093,0.002126069546790843,6.119808061502063e-09,2.3561792423741626e-09,0.0,7.832895208760798e-08,7.87488922915989e-08,1.9213970930380348e-10,1.9236788147801347e-10,1.920637903596823e-10,0.0007171450218081682,0.0007210323277436886,1.4807596232916616e-06,1.4749020521963506e-06,0.006786896867486295,0.006805957907513202,0.006779052834807178,95.97741211825888,96.09128385524096,95.93952374134834,737685.3082993135,739757.1356581005,736832.7043074906,0.20271683486768804,0.010978081887743758,60.831528644433654,3.8125210160360723,0.11387173698207675,0.151760113892621,1.0011864430856061,1.0015818310116045,1.0039688542576153,1.0039689217559342,0.0025210364697870746,True,2.72692638536553,0.07242280101101661,0.004450303177830239,0.5697600152532303,0.5741679719256527,0.002493258301074275,0.0,0.21211500610919376,0.04150119815738933,False,0.0011482267794405976,0.9190182946082036,-0.0006264881206398121,G12D,matched_theta,3.64e-09,0.00019999999999999998,0.01,1000.0,0.00144,4.3783830279284865,0.0003288885396308731
34.06417307483321,33.54042623140066,34.057469056632925,33.533693054026344,33.93388714368736,0.015375298918366975,0.00019680554656509308,0.015572960472032826,0.015569078520824838,3.8819512079880936e-06,1.9078489102851347e-08,1.9074224765106985e-08,0.0,7.832895208760798e-08,7.96383675916673e-08,7.830422151849626e-08,7.961302858455407e-08,7.77055234879661e-08,0.0007171450218081682,0.0007292796047968249,0.0007290116962715414,0.0007111137120801875,2.4079621969855505e-06,2.4375722910550234e-06,2.3937116430674544e-06,0.028136195948897987,0.02847257462442903,0.02798126667301868,261.7289015499425,264.94731672572624,260.17996209898445,0.6311320404184959,0.6309528666603516,60.831528644433654,60.16095005413821,0.0003363786755310426,0.0004913079514103497,1.0119553715129788,1.0175584599922383,1.0183232797127406,1.0183232966454505,0.00019766155366585103,True,33.53382528948416,0.00013223545781926305,0.013951994784688337,0.00015762733430513265,0.014110560495004476,3.1375917571557083e-06,0.0,0.6624230168897076,0.6623428767804185,False,0.0036290947362707104,0.003824720208520316,-4.6584834237925823e-07,G12D,matched_theta,1.15106906830129e-08,2e-10,0.03162277660168379,0.001,0.00144,4.3783830279284865,0.0003288885396308731
34.06417307483321,33.54042623140066,34.04297942967678,33.51914024287742,33.919484025677335,0.015375298918366975,0.0006221681973571647,0.01600017798049702,0.015987901093712273,1.2276886784748364e-05,1.9078489102851347e-08,1.9065011763591152e-08,0.0,7.832895208760798e-08,7.96383675916673e-08,7.825078897415895e-08,7.955828266493409e-08,7.765281303013554e-08,0.0007171450218081682,0.0007292796047968249,0.0007284329248096958,0.0007105532810446089,7.61015103297593e-06,7.703734120109128e-06,7.565118937275716e-06,0.08893082444494314,0.08999389194218768,0.08844129902972207,827.1709860796749,837.3428288459261,822.2762997064063,0.6311320404184959,0.6305657020252798,60.831528644433654,60.12680429388206,0.001063067497244538,0.0015525929124656085,1.0119538698070059,1.0175550668013575,1.0183229350368057,1.018322951962618,0.000624879062130046,True,33.519558444873674,0.0004182019962541972,0.013951994784688337,0.0004982570828926391,0.01445321652778253,9.916340423505796e-06,0.0,0.6624230168897076,0.6621696244576889,False,0.0036290947362707104,0.00424754327187149,-1.4617544262813392e-06,G12D,matched_theta,1.15106906830129e-08,6.324555320336758e-10,0.03162277660168379,0.0031622776601683794,0.00144,4.3783830279284865,0.0003288885396308731
34.06417307483321,33.54042623140066,33.9972147056811,33.47317700938294,33.87399421370079,0.015375298918366975,0.001965653738460249,0.017349491037165432,0.01731073014302839,3.876089413704098e-05,1.9078489102851347e-08,1.9035946873841707e-08,0.0,7.832895208760798e-08,7.96383675916673e-08,7.808220157519993e-08,7.938555000013209e-08,7.748649495206734e-08,0.0007171450218081682,0.0007292796047968249,0.0007266073594595139,0.000708785571919168,2.4020550288826822e-05,2.4315963420279396e-05,2.3878467021113728e-05,0.28078820126999415,0.28414336258138084,0.2792442009109707,2610.868301637576,2642.9776968053507,2595.4248106324044,0.6311320404184959,0.629343735163635,60.831528644433654,60.01902935233877,0.0033551613113866896,0.004899161670410157,1.0119490822485113,1.0175443631575078,1.0183217958999975,1.0183218122821904,0.001974192118798457,True,33.47449736718936,0.0013203578064207022,0.013951994784688337,0.0015735761499731105,0.01553492085510566,3.1304446681947734e-05,0.0,0.6624230168897076,0.6616220877214161,False,0.0036290947362707104,0.00558295839780476,-4.6565332906221835e-06,G12D,matched_theta,1.15106906830129e-08,2e-09,0.03162277660168379,0.01,0.00144,4.3783830279284865,0.0003288885396308731
34.06417307483321,33.54042623140066,33.85305058768519,33.32839387853234,33.73069691087396,0.015375298918366975,0.0061977869441954825,0.021599796204783472,0.0214777930356631,0.00012200316912037296,1.9078489102851347e-08,1.8944722894681716e-08,0.0,7.832895208760798e-08,7.96383675916673e-08,7.755286367782949e-08,7.884320322755499e-08,7.696427231806604e-08,0.0007171450218081682,0.0007292796047968249,0.0007208808763201307,0.0007032405003006986,7.551356137848383e-05,7.644252337852376e-05,7.506744902905355e-05,0.8835927099191969,0.8941372646017334,0.8787501563859609,8207.80361008352,8308.775440894204,8159.314187737466,0.6311320404184959,0.6255029277649206,60.831528644433654,59.68023459014498,0.010544554682536456,0.015387108215772494,1.0119337275694598,1.0175102196044608,1.0183178510427071,1.0183178695804314,0.006224497286416497,True,33.332549815600935,0.004155937068595961,0.013951994784688337,0.004955572911258255,0.018936956572720542,9.852900418696672e-05,0.0,0.6624230168897076,0.65989392480766,False,0.0036290947362707104,0.00978964506863722,-1.4744255853264485e-05,G12D,matched_theta,1.15106906830129e-08,6.324555320336758e-09,0.03162277660168379,0.03162277660168379,0.00144,4.3783830279284865,0.0003288885396308731
34.06417307483321,33.54042623140066,33.40272006915595,32.876197590076636,33.283088505935915,0.015375298918366975,0.01941785007445096,0.034874631541672585,0.034494593743571215,0.00038003779810136945,1.9078489102851347e-08,1.8663006458934103e-08,0.0,7.832895208760798e-08,7.96383675916673e-08,7.591610847261896e-08,7.716627303163732e-08,7.534937977275847e-08,0.0007171450218081682,0.0007292796047968249,0.0007032274043061519,0.0006861454996818536,0.00023441275837416179,0.0002372985169337489,0.00023303352106497706,2.7514199292816413,2.78411480995489,2.7365007797124834,25479.049151462576,25792.711469078567,25329.135325229403,0.6311320404184959,0.6135882976858972,60.831528644433654,58.62880194000067,0.03269488067324877,0.047614030242406624,1.0118829119195138,1.017399604120489,1.0183020702312722,1.0183020911648497,0.015456781467221625,True,32.88914326340614,0.012945673329504359,0.013951994784688337,0.015467310614378893,0.029510453542807014,0.0003069479807647525,0.0,0.6624230168897076,0.6544629333450157,False,0.0036290947362707104,0.02292979686256824,-4.667873065854547e-05,G12D,matched_theta,1.15106906830129e-08,2e-08,0.03162277660168379,0.1,0.00144,4.3783830279284865,0.0003288885396308731
34.06417307483321,33.54042623140066,32.03381327274278,31.502294160478147,31.92256413892993,0.015375298918366975,0.05960396565711623,0.07520743006815533,0.07406283578678496,0.0011445942813703702,1.9078489102851347e-08,1.7836183645297854e-08,0.0,7.832895208760798e-08,7.96383675916673e-08,7.109104936535851e-08,7.222346136387281e-08,7.058741990781964e-08,0.0007171450218081682,0.0007292796047968249,0.0006516703867699689,0.0006362099506198701,0.0006998673887788331,0.0007084859946934335,0.0006958059606704239,8.292772299167678,8.389821901421234,8.24934944299958,76070.7384682043,77007.52236016365,75629.28834811454,0.6311320404184959,0.5781294951417759,60.831528644433654,55.49473736123047,0.09704960225355563,0.14047245842165346,1.0117029141464906,1.0170283074310615,1.0182235202624481,1.0182235486033564,0.015603464411039103,True,31.541283818179213,0.038989657701065994,0.013951994784688337,0.04692736393673114,0.06114973613851893,0.0009251077540038954,0.0,0.6624230168897076,0.6376521048257626,False,0.0036290947362707104,0.062869834861352,-0.0001469170940078396,G12D,matched_theta,1.15106906830129e-08,6.324555320336758e-08,0.03162277660168379,0.31622776601683794,0.00144,4.3783830279284865,0.0003288885396308731
34.06417307483321,33.54042623140066,28.231146158421637,27.692141027062632,28.14354270791705,0.015375298918366975,0.17123641614893748,0.18705964280337295,0.18397890398330466,0.0030807388200682906,1.9078489102851347e-08,1.575789120512851e-08,0.0,7.832895208760798e-08,7.96383675916673e-08,5.875745142857092e-08,5.95978521198937e-08,5.840336235736389e-08,0.0007171450218081682,0.0007292796047968249,0.0005234735579135552,0.0005119328088108738,0.0018666417225765032,0.0018893564339929018,0.0018563156238588735,22.7075387179831,22.957759048238543,22.601625124716843,202890.9002182779,205359.83620975103,201768.52126663428,0.6311320404184959,0.4853379962386348,60.831528644433654,47.240219520228464,0.2502203302554449,0.3561339235216998,1.0110192625173104,1.0157570051514675,1.0177991337838033,1.0177991835424658,0.015823226654435474,True,27.797083847427796,0.10494282036516367,0.013951994784688337,0.1304023798653201,0.14503983750916483,0.002504836182948278,0.0,0.6624230168897076,0.5885993536715718,False,0.0036290947362707104,0.17380813425030273,-0.00043594345840147763,G12D,matched_theta,1.15106906830129e-08,2e-07,0.03162277660168379,1.0,0.00144,4.3783830279284865,0.0003288885396308731
34.06417307483321,33.54042623140066,20.25092863366288,19.735299823443015,20.211391682335933,0.015375298918366975,0.4055065247239371,0.4206435077672982,0.4146470396113254,0.005996468155972823,1.9078489102851347e-08,1.2272886049555224e-08,0.0,7.832895208760798e-08,7.96383675916673e-08,3.6862778007474814e-08,3.7254344001956224e-08,3.6715112731165296e-08,0.0007171450218081682,0.0007292796047968249,0.000310867446664073,0.00030512667331189356,0.003834262564220854,0.0038777334268635675,0.003815573134021836,49.21427492237976,49.654956710255064,49.04770859927252,416756.96573826816,421481.96364105813,414725.542191537,0.6311320404184959,0.3149803571326019,60.831528644433654,31.715899943749093,0.440681787875306,0.607248110982546,1.0089543488869914,1.0123807641238423,1.0162912072861283,1.016291307773855,0.015136983043361085,True,19.9395645525458,0.20426472910278548,0.013951994784688337,0.28769218245638695,0.3027075183514446,0.00507722093959645,0.0,0.6624230168897076,0.474010670767461,False,0.0036290947362707104,0.4066671855519599,-0.0009968123138488494,G12D,matched_theta,1.15106906830129e-08,6.324555320336758e-07,0.03162277660168379,3.1622776601683795,0.00144,4.3783830279284865,0.0003288885396308731
34.06417307483321,33.54042623140066,11.107295649806387,10.691830317868874,11.118887527731232,0.015375298918366975,0.6739302719779652,0.686126820270061,0.6789436915145346,0.007183128755526402,1.9078489102851347e-08,9.329748858309481e-09,0.0,7.832895208760798e-08,7.96383675916673e-08,1.6252522690747642e-08,1.6360542187960505e-08,1.6215442730122375e-08,0.0007171450218081682,0.0007292796047968249,0.0001303036580671712,0.00012836486749821904,0.005542451016165115,0.005597808519313527,0.005519317285802621,75.15520570279804,75.61694655562937,74.99659640323985,602423.9823149095,608441.0017172857,599909.4809165595,0.6311320404184959,0.15375610227850628,60.831528644433654,16.20190304374006,0.46174085283132627,0.6203501523895198,1.0061438306037946,1.0082717107460988,1.0142211852384007,1.0142213468400125,0.012196548292095821,True,10.936517659015934,0.2446873411470598,0.013951994784688337,0.44341292595601767,0.4580335440324004,0.006855118122096104,0.0,0.6624230168897076,0.3173584541617326,False,0.0036290947362707104,0.6735899766800467,-0.0015236332315404777,G12D,matched_theta,1.15106906830129e-08,2e-06,0.03162277660168379,10.0,0.00144,4.3783830279284865,0.0003288885396308731
34.06417307483321,33.54042623140066,5.782891838716925,5.459639953898698,5.823566614568952,0.015375298918366975,0.8302353670522724,0.8397248645400903,0.8328455490296106,0.006879315510479711,1.9078489102851347e-08,7.966513325200148e-09,0.0,7.832895208760798e-08,7.96383675916673e-08,5.77058783492246e-09,5.797365707963778e-09,5.761503504423766e-09,0.0007171450218081682,0.0007292796047968249,4.522531952803416e-05,4.4631288594643436e-05,0.006361609344764015,0.006419885984011821,0.006337255852356639,88.68208592074616,89.08202572853838,88.54638293295146,691459.9898362196,697794.3200422575,688812.9006600969,0.6311320404184959,0.07385512560440606,60.831528644433654,8.018977516534967,0.39993980779222227,0.5356427955869236,1.0045098150730198,1.006049290528248,1.0130387873837308,1.0130389825358288,0.00948949748781791,True,5.693978148084065,0.2343381941853675,0.013951994784688337,0.5252509690937353,0.5393087532302976,0.0074340881333222475,0.0,0.6624230168897076,0.20428821754028734,False,0.0036290947362707104,0.8290413038421462,-0.0018101551459617227,G12D,matched_theta,1.15106906830129e-08,6.324555320336758e-06,0.03162277660168379,31.622776601683793,0.00144,4.3783830279284865,0.0003288885396308731
34.06417307483321,33.54042623140066,3.684413161188216,3.403424721199553,3.7366827465238854,0.015375298918366975,0.8918390546838115,0.9000878514290422,0.8935020615493411,0.006585789879701154,1.9078489102851347e-08,7.48335686453606e-09,0.0,7.832895208760798e-08,7.96383675916673e-08,1.8926662316315486e-09,1.900092589386076e-09,1.890114716223382e-09,0.0007171450218081682,0.0007292796047968249,1.4719525183165544e-05,1.453529518389527e-05,0.006657926419252809,0.006716775474245746,0.00663325707398123,93.74594394400567,94.11033237235083,93.62074222663384,723667.2664841724,730063.8235041081,720985.8432024206,0.6311320404184959,0.04491407542415205,60.831528644433654,4.939517799639202,0.3643884283451513,0.48959014571698845,1.0038869780708892,1.0052295050655742,1.012590858357068,1.0125910659512614,0.008248796745230713,True,3.6277642074961793,0.22433948629662614,0.013951994784688337,0.5561094164513692,0.5698923115010217,0.007589735943009712,0.0,0.6624230168897076,0.15167267100316062,False,0.0036290947362707104,0.8903046101158825,-0.001926970885246071,G12D,matched_theta,1.15106906830129e-08,1.9999999999999998e-05,0.03162277660168379,100.0,0.00144,4.3783830279284865,0.0003288885396308731
34.06417307483321,33.54042623140066,2.9711852321673438,2.705247980539223,3.027433530185218,0.015375298918366975,0.9127768278525313,0.9205837765503289,0.9141179101969068,0.006465866353422056,1.9078489102851347e-08,7.32538624268263e-09,0.0,7.832895208760798e-08,7.96383675916673e-08,6.054091829542116e-10,6.076431460902355e-10,6.046357708401383e-10,0.0007171450218081682,0.0007292796047968249,4.696771195298396e-06,4.6389341930409706e-06,0.006755604811029768,0.006814585850891837,0.006730844318846811,95.43447957440513,95.78558163920665,95.31292354351815,734284.115858374,740695.0219413621,731592.7845131294,0.6311320404184959,0.035397311184657276,60.831528644433654,3.9105631756771686,0.3511020648015233,0.4726580956885016,1.003678985481634,1.0049590137214992,1.0124414602504688,1.0124416719531892,0.007806948697797522,True,2.9255023710809347,0.2202543905417116,0.013951994784688337,0.5664354885722822,0.5801190484037517,0.007634470029204032,0.0,0.6624230168897076,0.13224139525768075,False,0.0036290947362707104,0.9111255827777043,-0.0019677862297482474,G12D,matched_theta,1.15106906830129e-08,6.324555320336758e-05,0.03162277660168379,316.2277660168379,0.00144,4.3783830279284865,0.0003288885396308731
34.06417307483321,33.54042623140066,2.740380606989306,2.4793857795625462,2.797921135983661,0.015375298918366975,0.9195524106524131,0.9272142677846382,0.9207893163858943,0.006424951398743883,1.9078489102851347e-08,7.274921298809326e-09,0.0,7.832895208760798e-08,7.96383675916673e-08,1.9213970930380348e-10,1.9283437951059636e-10,1.9189851373707608e-10,0.0007171450218081682,0.0007292796047968249,1.4894587969517312e-06,1.4712132176005194e-06,0.006786896867486295,0.006845914269814192,0.006762108493404319,95.97741211825888,96.32409406062813,95.85704012857225,737685.3082993135,744100.1677890188,734990.9460511898,0.6311320404184959,0.0323523295579259,60.831528644433654,3.579477592203474,0.3466819423692442,0.467053932055876,1.003612120130329,1.0048724009361172,1.0123934385985696,1.0123936516317231,0.007661857132225114,True,2.69824643600675,0.21886065644420372,0.013951994784688337,0.5697600152532303,0.58341082721832,0.007648105941738481,0.0,0.6624230168897076,0.12575048642388129,False,0.0036290947362707104,0.9178632303846889,-0.0019811321907712287,G12D,matched_theta,1.15106906830129e-08,0.00019999999999999998,0.03162277660168379,1000.0,0.00144,4.3783830279284865,0.0003288885396308731
34.06417307483321,32.45760498019422,34.057469056632925,32.45082918933045,33.66740721802675,0.04716298531919827,0.00019680554656509308,0.04736189784964151,0.047350508928659975,1.1388920981535156e-05,5.773471345884565e-08,5.7721462702685265e-08,0.0,7.832895208760798e-08,8.229414217021708e-08,7.830422151849626e-08,8.226755284531341e-08,7.643935381581711e-08,0.0007171450218081682,0.0007540135059013475,0.0007537343249670748,0.0006989115403658443,2.4079621969855505e-06,2.4971437895345126e-06,2.363365330840111e-06,0.028136195948897987,0.029145238871186863,0.027651400596802513,261.7289015499425,271.42233352772206,256.8815209677985,1.9023876637468604,1.9018330398329704,60.831528644433654,58.83287525739384,0.0010090429222888754,0.0014938382743843494,1.0358628054809378,1.0540239641444091,1.0566050694527398,1.0566051326118795,0.00019891253044324042,True,32.4512171435059,0.00038795417545145483,0.04293844996738372,0.00015762733430513265,0.04309855349035352,9.244462072219295e-06,0.0,2.0152171703002484,2.014964632719763,False,0.011454521868317968,0.0116475998385408,-1.4732629053243462e-06,G12D,matched_theta,3.64e-08,2e-10,0.1,0.001,0.00144,4.3783830279284865,0.0003288885396308731
34.06417307483321,32.45760498019422,34.04297942967678,32.436185418574695,33.65319295311446,0.04716298531919827,0.0006221681973571647,0.04779178560072772,0.04775581020699741,3.597539373031283e-05,5.773471345884565e-08,5.769283480933302e-08,0.0,7.832895208760798e-08,8.229414217021708e-08,7.825078897415895e-08,8.221010051293414e-08,7.638815492569496e-08,0.0007171450218081682,0.0007540135059013475,0.0007531312006559201,0.0006983648169983314,7.61015103297593e-06,7.892010856328101e-06,7.469223950304597e-06,0.08893082444494314,0.0921197231626142,0.08739902566275924,827.1709860796749,857.8072299262307,811.8531593721585,1.9023876637468604,1.9006346882157927,60.831528644433654,58.79862967104482,0.003188898717671057,0.004720697499854959,1.0358581935743247,1.05401315934654,1.0566038598971534,1.0566039190998657,0.0006288002815294513,True,32.437410890613165,0.0012254720384703433,0.04293844996738372,0.0004982570828926391,0.04344453238966306,2.9219726211379693e-05,0.0,2.0152171703002484,2.0144187925778416,False,0.011454521868317968,0.012064878863076722,-4.6845633760103644e-06,G12D,matched_theta,3.64e-08,6.324555320336758e-10,0.1,0.0031622776601683794,0.00144,4.3783830279284865,0.0003288885396308731
34.06417307483321,32.45760498019422,33.9972147056811,32.38993516697923,33.60829803949903,0.04716298531919827,0.001965653738460249,0.04914952446301757,0.04903593295924889,0.00011359150376867577,5.773471345884565e-08,5.7602521228860394e-08,0.0,7.832895208760798e-08,8.229414217021708e-08,7.808220157519993e-08,8.202883539671461e-08,7.622661201052534e-08,0.0007171450218081682,0.0007540135059013475,0.0007512288196473767,0.0006966403174555759,2.4020550288826822e-05,2.4910298404448212e-05,2.3575904144013822e-05,0.28078820126999415,0.29085265330066157,0.2759567987071441,2610.868301637576,2707.5778669281863,2562.5382513751247,1.9023876637468604,1.8968524659337487,60.831528644433654,58.690537919150664,0.010064452030667415,0.014895854593517444,1.0358435717211274,1.0539789367875858,1.056599918810461,1.0565999806930606,0.001986539143819299,True,32.393804567623434,0.0038694006442057116,0.04293844996738372,0.0015735761499731105,0.04453671622920674,9.22570326353997e-05,0.0,2.0152171703002484,2.0126936861735234,False,0.011454521868317968,0.013382829940791319,-1.4830042254164108e-05,G12D,matched_theta,3.64e-08,2e-09,0.1,0.01,0.00144,4.3783830279284865,0.0003288885396308731
34.06417307483321,32.45760498019422,33.85305058768519,32.244262143067104,33.46687767083788,0.04716298531919827,0.0061977869441954825,0.05342595364837033,0.053068466128733144,0.00035748751963718406,5.773471345884565e-08,5.7319069531125945e-08,0.0,7.832895208760798e-08,8.229414217021708e-08,7.755286367782949e-08,8.145970728848505e-08,7.571935388587339e-08,0.0007171450218081682,0.0007540135059013475,0.0007452613334056765,0.0006912306012421916,7.551356137848383e-05,7.831150637563144e-05,7.41174685629192e-05,0.8835927099191969,0.9152223388537465,0.868439652038503,8207.80361008352,8511.921187155322,8056.057693710489,1.9023876637468604,1.884965527861406,60.831528644433654,58.35075937178815,0.03162962893454957,0.046782686815243446,1.0357966159968002,1.0538698189395541,1.0565863607329204,1.0565864236301006,0.006262968329172058,True,32.256439659808116,0.012177516741012084,0.04293844996738372,0.004955572911258255,0.04797160014340407,0.0002903618842718808,0.0,2.0152171703002484,2.0072494074398937,False,0.011454521868317968,0.017534416663606334,-4.689946281965368e-05,G12D,matched_theta,3.64e-08,6.324555320336758e-09,0.1,0.03162277660168379,0.00144,4.3783830279284865,0.0003288885396308731
34.06417307483321,32.45760498019422,33.40272006915595,31.78942689854026,33.02516131866783,0.04716298531919827,0.01941785007445096,0.06677825911980062,0.06566503161565751,0.0011132275041431106,5.773471345884565e-08,5.644381466262201e-08,0.0,7.832895208760798e-08,8.229414217021708e-08,7.591610847261896e-08,7.97000811408716e-08,7.41504350766904e-08,0.0007171450218081682,0.0007540135059013475,0.0007268645694805358,0.0006745508625422837,0.00023441275837416179,0.00024310457272294357,0.00023009650303418427,2.7514199292816413,2.8494836469530713,2.704735248017897,25479.049151462576,26423.790269685614,25009.901153422645,1.9023876637468604,1.8481015886926784,60.831528644433654,57.296395053444044,0.09806371767143007,0.1447483989351741,1.0356411308313207,1.0535166608418511,1.0565331046635975,1.0565331749049907,0.01961527380060235,True,31.827348072913054,0.0379211743727943,0.04293844996738372,0.015467310614378893,0.05864601533677394,0.0009043970979568175,0.0,2.0152171703002484,1.9901455874911398,False,0.011454521868317968,0.030501599257461653,-0.00014835049699375713,G12D,matched_theta,3.64e-08,2e-08,0.1,0.1,0.00144,4.3783830279284865,0.0003288885396308731
34.06417307483321,32.45760498019422,32.03381327274278,30.408916483974306,31.682756749501856,0.04716298531919827,0.05960396565711623,0.1073050146506983,0.10395585001906194,0.00334916463163637,5.773471345884565e-08,5.387596250306285e-08,0.0,7.832895208760798e-08,8.229414217021708e-08,7.109104936535851e-08,7.451493512896027e-08,6.952114944899054e-08,0.0007171450218081682,0.0007540135059013475,0.0006731375368884774,0.0006258088227890296,0.0006998673887788331,0.0007258260583247615,0.0006871567547474714,8.292772299167678,8.583755647422922,8.156880292980306,76070.7384682043,78892.26969691858,74689.17742728996,1.9023876637468604,1.738495860879365,60.831528644433654,54.15494489323415,0.29098334825524397,0.4268753544426165,1.0350887903053179,1.0523331640418923,1.0562743556111895,1.0562744485132445,0.047701048993582074,True,30.52300300764248,0.11408652366817407,0.04293844996738372,0.04692736393673114,0.09057474137089072,0.0027239157352744042,0.0,2.0152171703002484,1.9372568604958438,False,0.011454521868317968,0.06990970601575397,-0.0004660465816223175,G12D,matched_theta,3.64e-08,6.324555320336758e-08,0.1,0.31622776601683794,0.00144,4.3783830279284865,0.0003288885396308731
34.06417307483321,32.45760498019422,28.231146158421637,26.593677684871317,27.95470006176301,0.04716298531919827,0.17123641614893748,0.21930652399958395,0.21032338088719127,0.008983143112392677,5.773471345884565e-08,4.743044863901588e-08,0.0,7.832895208760798e-08,8.229414217021708e-08,5.875745142857092e-08,6.128923007764751e-08,5.7651711751982605e-08,0.0007171450218081682,0.0007540135059013475,0.0005396207665560389,0.0005043388196245239,0.0018666417225765032,0.0019350168767544205,0.0018343087231945485,22.7075387179831,23.45646917631742,22.375829755551596,202890.9002182779,210322.81944262682,199376.5158951951,1.9023876637468604,1.4525570539277406,60.831528644433654,45.89572924871953,0.7489304583343213,1.0806394207658236,1.032981577952401,1.0482949429170425,1.054902510295259,1.0549026724550938,0.04807010785064647,True,26.89968102660786,0.30600334173654176,0.04293844996738372,0.1304023798653201,0.1751014231191178,0.0073598693498888035,0.0,2.0152171703002484,1.7833842810856784,False,0.011454521868317968,0.1793518662451815,-0.0013776404986435287,G12D,matched_theta,3.64e-08,2e-07,0.1,1.0,0.00144,4.3783830279284865,0.0003288885396308731
34.06417307483321,32.45760498019422,20.25092863366288,18.70626418458984,20.126075937309068,0.04716298531919827,0.4055065247239371,0.45085224457099393,0.4335446117707412,0.017307632800252715,5.773471345884565e-08,3.666981891707715e-08,0.0,7.832895208760798e-08,8.229414217021708e-08,3.6862778007474814e-08,3.802964876626551e-08,3.639915640092886e-08,0.0007171450218081682,0.0007540135059013475,0.000318955755321257,0.00030146809931242715,0.003834262564220854,0.003964681584995209,0.0037756131015894076,49.21427492237976,50.52323375427549,48.69061109396326,416756.96573826816,430932.66152590397,410382.1380667405,1.9023876637468604,0.9319632781933181,60.831528644433654,30.45992789134643,1.3089588318957297,1.832622660312225,1.0265971373947946,1.0376381117249818,1.0500762335330942,1.0500765543938497,0.04534571984705682,True,19.295834383813308,0.5895701992234663,0.04293844996738372,0.28769218245638695,0.33311413986321825,0.014836563821858606,0.0,2.0152171703002484,1.426306500429464,False,0.011454521868317968,0.4091717449563359,-0.0031444182807232046,G12D,matched_theta,3.64e-08,6.324555320336758e-07,0.1,3.1622776601683795,0.00144,4.3783830279284865,0.0003288885396308731
34.06417307483321,32.45760498019422,11.107295649806387,9.889892572529803,11.14403368040494,0.04716298531919827,0.6739302719779652,0.7096687904091086,0.6893086937737034,0.020360096635405167,5.773471345884565e-08,2.7651358594973222e-08,0.0,7.832895208760798e-08,8.229414217021708e-08,1.6252522690747642e-08,1.6568125704439034e-08,1.6135040649594664e-08,0.0007171450218081682,0.0007540135059013475,0.00013302260884053417,0.00012714295917023045,0.005542451016165115,0.005707578944097837,0.005469638822127526,75.15520570279804,76.5029914193325,74.65249020641758,602423.9823149095,620372.3767252788,594509.7228495423,1.9023876637468604,0.44533595783357843,60.831528644433654,15.212055065273136,1.3477857165344602,1.8505012129149208,1.017933364747404,1.024788204757781,1.0435019806075163,1.0435024910135604,0.035738518431143396,True,10.583442428138572,0.6935498556087687,0.04293844996738372,0.44341292595601767,0.48719649996109315,0.019884587773745466,0.0,2.0152171703002484,0.9417567460432441,False,0.011454521868317968,0.6728517772639486,-0.00481346754424139,G12D,matched_theta,3.64e-08,2e-06,0.1,10.0,0.00144,4.3783830279284865,0.0003288885396308731
34.06417307483321,32.45760498019422,5.782891838716925,4.856672723071969,5.911567212735159,0.04716298531919827,0.8302353670522724,0.8574257853727233,0.8382419739437051,0.01918381142901815,5.773471345884565e-08,2.3498937635689595e-08,0.0,7.832895208760798e-08,8.229414217021708e-08,5.77058783492246e-09,5.847343163216412e-09,5.7415952762770484e-09,0.0007171450218081682,0.0007540135059013475,4.60521083311476e-05,4.425503764060917e-05,0.006361609344764015,0.006534793141244509,0.006284839986004666,88.68208592074616,89.82818450680841,88.24894924519894,691459.9898362196,710284.0658864521,683115.5886879801,1.9023876637468604,0.20618790128939266,60.831528644433654,7.247827444272425,1.1460985860622515,1.579235261609469,1.0129236764580223,1.0178952301995299,1.039770806543436,1.0397714203106576,0.027190418320450882,True,5.510153395825007,0.6534806727530382,0.04293844996738372,0.5252509690937353,0.5671014239769232,0.02146546737255539,0.0,2.0152171703002484,0.5928738736497203,False,0.011454521868317968,0.8264579269325444,-0.00572201282029472,G12D,matched_theta,3.64e-08,6.324555320336758e-06,0.1,31.622776601683793,0.00144,4.3783830279284865,0.0003288885396308731
34.06417307483321,32.45760498019422,3.684413161188216,2.8904163086365364,3.8497087733146267,0.04716298531919827,0.8918390546838115,0.9151479091452834,0.8969402477598696,0.018207661385413854,5.773471345884565e-08,2.2030898748397236e-08,0.0,7.832895208760798e-08,8.229414217021708e-08,1.8926662316315486e-09,1.9137214856454807e-09,1.8844951371187423e-09,0.0007171450218081682,0.0007540135059013475,1.4974963379555601e-05,1.4418137964014192e-05,0.006657926419252809,0.006832544418385943,0.006580119353937181,93.74594394400567,94.77899201475539,93.34498101404178,723667.2664841724,742647.2586732886,715210.0641660145,1.9023876637468604,0.11982957020925372,60.831528644433654,4.264043130076723,1.0330480707497145,1.4340110007136104,1.011019656182317,1.0153624863933273,1.0383617759604504,1.0383624278823143,0.023308854461471906,True,3.510645237357232,0.6202289287206955,0.04293844996738372,0.5561094164513692,0.5970435878782174,0.021874197814152563,0.0,2.0152171703002484,0.4303871790571794,False,0.011454521868317968,0.8869865778083774,-0.0060914087888563895,G12D,matched_theta,3.64e-08,1.9999999999999998e-05,0.1,100.0,0.00144,4.3783830279284865,0.0003288885396308731
34.06417307483321,32.45760498019422,2.9711852321673438,2.224157361442296,3.149040237762496,0.04716298531919827,0.9127768278525313,0.9347068441510029,0.9168905330400163,0.017816311110986582,5.773471345884565e-08,2.1551312637856704e-08,0.0,7.832895208760798e-08,8.229414217021708e-08,6.054091829542116e-10,6.117149841381622e-10,6.029292851855613e-10,0.0007171450218081682,0.0007540135059013475,4.7768509693266535e-06,4.602094823542286e-06,0.006755604811029768,0.006930522818070869,0.0066774967478937025,95.43447957440513,96.4255160663954,95.04471462643815,734284.115858374,753296.726717686,725794.193956266,1.9023876637468604,0.0914583390236849,60.831528644433654,3.268592761060998,0.9910364919902719,1.3808014399572528,1.010384470019744,1.014527913996947,1.0378923539359235,1.037893018420973,0.021930016298471577,True,2.8310552666820157,0.6068979052397196,0.04293844996738372,0.5664354885722822,0.607041134431495,0.021989057777640597,0.0,2.0152171703002484,0.3703223913569282,False,0.011454521868317968,0.907555652948199,-0.006220274637119605,G12D,matched_theta,3.64e-08,6.324555320336758e-05,0.1,316.2277660168379,0.00144,4.3783830279284865,0.0003288885396308731
34.06417307483321,32.45760498019422,2.740380606989306,2.0087655426342645,2.9223142086311684,0.04716298531919827,0.9195524106524131,0.9410299631163408,0.9233465591277783,0.017683403988562496,5.773471345884565e-08,2.139814604939162e-08,0.0,7.832895208760798e-08,8.229414217021708e-08,1.9213970930380348e-10,1.9409756410306427e-10,1.9136601146435879e-10,0.0007171450218081682,0.0007540135059013475,1.514709482981128e-06,1.4595853174547982e-06,0.006786896867486295,0.006961892944530892,0.006708696485703573,95.97741211825888,96.9544944304244,95.59128668467706,737685.3082993135,756706.4080591521,729185.3509654861,1.9023876637468604,0.08238334608065903,60.831528644433654,2.9484457099999117,0.9770823121655212,1.3632077457473457,1.0101803360874286,1.014260795026686,1.0377415283828815,1.0377421969012768,0.021477552463927685,True,2.6111360766528535,0.602370534018589,0.04293844996738372,0.5697600152532303,0.6102575978125644,0.022023744500316966,0.0,2.0152171703002484,0.3502493833365682,False,0.011454521868317968,0.9142115030295513,-0.006262396294297146,G12D,matched_theta,3.64e-08,0.00019999999999999998,0.1,1000.0,0.00144,4.3783830279284865,0.0003288885396308731
34.06417307483321,29.43352206429535,34.057469056632925,29.426750523824985,32.833876139309446,0.13593904071486196,0.00019680554656509308,0.13613782846924216,0.13610909270421964,2.873576502251951e-05,1.6049752292292869e-07,1.6045827946768487e-07,0.0,7.832895208760798e-08,8.938007101082543e-08,7.830422151849626e-08,8.935002678787523e-08,7.267712641766327e-08,0.0007171450218081682,0.0008207991762450229,0.0008204888708212445,0.0006626729142537514,2.4079621969855505e-06,2.652972451019875e-06,2.2715875025697654e-06,0.028136195948897987,0.03087956395617505,0.02665318019921598,261.7289015499425,288.3598538785828,246.9058875579712,5.2340316692204905,5.23240738099694,60.831528644433654,55.289529419685,0.002743368007277064,0.004226383756959072,1.0975031597114149,1.1585695862696113,1.1678935757564535,1.1678937943951562,0.00019878775438020302,True,29.42772938389815,0.0009788600731646113,0.12491183840366693,0.00015762733430513265,0.12507347104373145,2.3694825870113068e-05,0.0,5.685493716986632,5.6847225166760245,False,0.03593204547396611,0.03611703512722908,-4.744267453421491e-06,G12D,matched_theta,1.15106906830129e-07,2e-10,0.31622776601683794,0.001,0.00144,4.3783830279284865,0.0003288885396308731
34.06417307483321,29.43352206429535,34.04297942967678,29.41211550425114,32.82025638419445,0.13593904071486196,0.0006221681973571647,0.1365674593175148,0.1364766319643071,9.082735320770086e-05,1.6049752292292869e-07,1.6037349493367885e-07,0.0,7.832895208760798e-08,8.938007101082543e-08,7.825078897415895e-08,8.928511465307851e-08,7.263035208758975e-08,0.0007171450218081682,0.0008207991762450229,0.0008198185119809765,0.0006621663155356921,7.61015103297593e-06,8.384512468600958e-06,7.179204378778744e-06,0.08893082444494314,0.09760070895038885,0.08424496258074672,827.1709860796749,911.3388213313241,780.3299768652951,5.2340316692204905,5.228897709576337,60.831528644433654,55.255267446054816,0.008669884505445702,0.013355746369642124,1.0974902072431951,1.158534658459145,1.1678888113820838,1.1678890320122157,0.000628418602652836,True,29.415209462930733,0.00309395867959239,0.12491183840366693,0.0004982570828926391,0.12542275138174075,7.489410340294489e-05,0.0,5.685493716986632,5.683055385879018,False,0.03593204547396611,0.03651686151036404,-1.4996384999341195e-05,G12D,matched_theta,1.15106906830129e-07,6.324555320336758e-10,0.31622776601683794,0.0031622776601683794,0.00144,4.3783830279284865,0.0003288885396308731
34.06417307483321,29.43352206429535,33.9972147056811,29.36589755968719,32.777240306187785,0.13593904071486196,0.001965653738460249,0.13792424976307815,0.13763748536973833,0.00028676439333982784,1.6049752292292869e-07,1.6010602639758925e-07,0.0,7.832895208760798e-08,8.938007101082543e-08,7.808220157519993e-08,8.908031145914182e-08,7.248275969103367e-08,0.0007171450218081682,0.0008207991762450229,0.0008177040450481092,0.00066056830749083,2.4020550288826822e-05,2.646500707368802e-05,2.2660852328662967e-05,0.28078820126999415,0.3081507376449325,0.2660086066331149,2610.868301637576,2876.5641793888085,2463.0782624493086,5.2340316692204905,5.217821468977284,60.831528644433654,55.147128809638005,0.02736253637493835,0.04214213101181763,1.0974490247495396,1.1584239380267158,1.1678734184333086,1.1678736413873936,0.0019852090482161966,True,29.375665951613616,0.009768391926424869,0.12491183840366693,0.0015735761499731105,0.12652532539179095,0.00023646912791222552,0.0,5.685493716986632,5.677787115610161,False,0.03593204547396611,0.037779656820620566,-4.7412432289367645e-05,G12D,matched_theta,1.15106906830129e-07,2e-09,0.31622776601683794,0.01,0.00144,4.3783830279284865,0.0003288885396308731
34.06417307483321,29.43352206429535,33.85305058768519,29.220365572321807,32.64174642967157,0.13593904071486196,0.0061977869441954825,0.14219653862932113,0.14129430644730842,0.0009022321820127133,1.6049752292292869e-07,1.592666287780994e-07,0.0,7.832895208760798e-08,8.938007101082543e-08,7.755286367782949e-08,8.843730376722141e-08,7.201921172551562e-08,0.0007171450218081682,0.0008207991762450229,0.0008110710771037982,0.0006555547608880249,7.551356137848383e-05,8.320076187185338e-05,7.124442588848886e-05,0.8835927099191969,0.9695809221073607,0.8372377119401957,8207.80361008352,9043.350175532727,7743.777226008196,5.2340316692204905,5.183018039670788,60.831528644433654,54.80723324686786,0.08598821218816377,0.132343210167165,1.097316570432125,1.1580712482007958,1.167821353520042,1.1678215826198868,0.006257497914459176,True,29.25109936552357,0.030733793201761728,0.12491183840366693,0.004955572911258255,0.12999250514787164,0.000744103555635145,0.0,5.685493716986632,5.661164871686759,False,0.03593204547396611,0.04175726332874152,-0.0001498699271032869,G12D,matched_theta,1.15106906830129e-07,6.324555320336758e-09,0.31622776601683794,0.03162277660168379,0.00144,4.3783830279284865,0.0003288885396308731
34.06417307483321,29.43352206429535,33.40272006915595,28.766360115591898,32.21860585358814,0.13593904071486196,0.01941785007445096,0.15552448455457624,0.15271724687744703,0.002807237677129204,1.6049752292292869e-07,1.5667527245940333e-07,0.0,7.832895208760798e-08,8.938007101082543e-08,7.591610847261896e-08,8.644956594578745e-08,7.058459194253847e-08,0.0007171450218081682,0.0008207991762450229,0.0007906215054941223,0.0006400903493084481,0.00023441275837416179,0.0002582948892876328,0.00022121399219882765,2.7514199292816413,3.0179681156291998,2.6085961026702904,25479.049151462576,28074.874997499883,24044.43175017851,5.2340316692204905,5.075158180172829,60.831528644433654,53.75281030344168,0.2665481863475585,0.40937201295890935,1.0968765921591441,1.1569319269241627,1.1676245553919427,1.167624807655995,0.01958544383971428,True,28.86198634568782,0.09562623009592386,0.12491183840366693,0.015467310614378893,0.1407635562416507,0.002316457427607499,0.0,5.685493716986632,5.6089808094701255,False,0.03593204547396611,0.054179128822257616,-0.0004730436542776245,G12D,matched_theta,1.15106906830129e-07,2e-08,0.31622776601683794,0.1,0.00144,4.3783830279284865,0.0003288885396308731
34.06417307483321,29.43352206429535,32.03381327274278,27.392240272280155,30.933113604845296,0.13593904071486196,0.05960396565711623,0.19586363619912184,0.18744050045774824,0.0084231357413736,1.6049752292292869e-07,1.490787029624953e-07,0.0,7.832895208760798e-08,8.938007101082543e-08,7.109104936535851e-08,8.059627228186707e-08,6.634295686214601e-08,0.0007171450218081682,0.0008207991762450229,0.0007308995898967313,0.0005948406365186812,0.0006998673887788331,0.0007711953007707088,0.0006609926707643037,8.292772299167678,9.08307825405184,7.8768685622973384,76070.7384682043,83823.60048990608,71845.31606169607,5.2340316692204905,4.755175780768413,60.831528644433654,50.61462952716126,0.7903059548841611,1.206209691754501,1.0953005733635641,1.1531331495777433,1.1667229227806386,1.1667232477330025,0.05992459548425988,True,27.67916742600712,0.286927153726964,0.12491183840366693,0.04692736393673114,0.17294254135171006,0.006965122312087013,0.0,5.685493716986632,5.447968057475909,False,0.03593204547396611,0.091916497227439,-0.0014778214992231253,G12D,matched_theta,1.15106906830129e-07,6.324555320336758e-08,0.31622776601683794,0.31622776601683794,0.00144,4.3783830279284865,0.0003288885396308731
34.06417307483321,29.43352206429535,28.231146158421637,23.630542275182034,27.364077997770487,0.13593904071486196,0.17123641614893748,0.30629338269067197,0.283897742717062,0.022395639973609993,1.6049752292292869e-07,1.3007066665025643e-07,0.0,7.832895208760798e-08,8.938007101082543e-08,5.875745142857092e-08,6.572109500678942e-08,5.539443811929876e-08,0.0007171450218081682,0.0008207991762450229,0.0005827004510889428,0.00048159334623927536,0.0018666417225765032,0.002054249068384085,0.0017675972153829932,22.7075387179831,24.733111060608113,21.689757297789818,202890.9002182779,223282.56242925767,192125.41430831444,5.2340316692204905,3.9265899491393723,60.831528644433654,42.402915437828824,2.025572342625015,3.0433537628182954,1.0892026374052102,1.1403129468455793,1.1621703465622295,1.1621708831864566,0.1350569665417345,True,24.39343123136474,0.7628889561827066,0.12491183840366693,0.1304023798653201,0.25774376200785576,0.01871834474005918,0.0,5.685493716986632,4.9825433854345915,False,0.03593204547396611,0.1966903779623168,-0.004325208968724181,G12D,matched_theta,1.15106906830129e-07,2e-07,0.31622776601683794,1.0,0.00144,4.3783830279284865,0.0003288885396308731
34.06417307483321,29.43352206429535,20.25092863366288,16.06626980530828,19.858102430487563,0.13593904071486196,0.4055065247239371,0.5283528600558302,0.4863213974642096,0.04203146259162055,1.6049752292292869e-07,9.867549325445926e-08,0.0,7.832895208760798e-08,8.938007101082543e-08,3.6862778007474814e-08,3.998341942291992e-08,3.542919667215309e-08,0.0007171450218081682,0.0008207991762450229,0.000340037200792782,0.00029034816697008875,0.003834262564220854,0.004188935148297883,0.0036534342954378527,49.21427492237976,52.68641188108099,47.58836331602323,416756.96573826816,455307.57823756704,397102.07291632594,5.2340316692204905,2.449192086239097,60.831528644433654,27.319756764525682,3.4721369587012347,5.098048565057759,1.0705514195663242,1.1071280500067382,1.1465746499201384,1.1465756773662215,0.12284633533189304,True,17.49803682161762,1.4317670163093403,0.12491183840366693,0.28769218245638695,0.41385889929123343,0.037191037836170004,0.0,5.685493716986632,3.9191358220459818,False,0.03593204547396611,0.41703847068699773,-0.009829420624535012,G12D,matched_theta,1.15106906830129e-07,6.324555320336758e-07,0.31622776601683794,3.1622776601683795,0.00144,4.3783830279284865,0.0003288885396308731
34.06417307483321,29.43352206429535,11.107295649806387,7.992439455865847,11.223134967108452,0.13593904071486196,0.6739302719779652,0.7653711000614101,0.7182558780114365,0.04711522204997354,1.6049752292292869e-07,7.28643283611938e-08,0.0,7.832895208760798e-08,8.938007101082543e-08,1.6252522690747642e-08,1.705407403942042e-08,1.587916258934129e-08,0.0007171450218081682,0.0008207991762450229,0.00013990360442071823,0.00012337124881019954,0.005542451016165115,0.005984571540620713,0.005316011298931369,75.15520570279804,78.57057490020857,73.55567280515572,602423.9823149095,650479.8175479532,577811.3178761225,5.2340316692204905,1.1117947277201747,60.831528644433654,12.901470771727192,3.415369197410527,5.014902095052847,1.045444213284661,1.0681783185959974,1.1257635102889527,1.1257651025925564,0.09144082808344489,True,9.597380534235347,1.6049410783694995,0.12491183840366693,0.44341292595601767,0.5617987778104874,0.04886153720391795,0.0,5.685493716986632,2.5049592052105565,False,0.03593204547396611,0.670529651711987,-0.015116972560949682,G12D,matched_theta,1.15106906830129e-07,2e-06,0.31622776601683794,10.0,0.00144,4.3783830279284865,0.0003288885396308731
34.06417307483321,29.43352206429535,5.782891838716925,3.5520131306643195,6.188347973947075,0.13593904071486196,0.8302353670522724,0.8957258371468126,0.8533130084024971,0.04241282874431551,1.6049752292292869e-07,6.115826660135738e-08,0.0,7.832895208760798e-08,8.938007101082543e-08,5.77058783492246e-09,5.9555911443661176e-09,5.676453391123394e-09,0.0007171450218081682,0.0008207991762450229,4.810984603254473e-05,4.308528291242106e-05,0.006361609344764015,0.006820585514311795,0.00612179666279928,88.68208592074616,91.4430791145842,87.27531242875963,691459.9898362196,741348.1023806139,665393.7004573813,5.2340316692204905,0.46903084241264026,60.831528644433654,5.578803273978981,2.7609931938380328,4.16776668582456,1.0311336068065144,1.0477542453855617,1.1141476742863563,1.11414956569475,0.06549047009454023,True,4.996771069603942,1.4447579389396226,0.12491183840366693,0.5252509690937353,0.6366399112368991,0.052087167912303056,0.0,5.685493716986632,1.4987004876370051,False,0.03593204547396611,0.8183326523044512,-0.018002705258770124,G12D,matched_theta,1.15106906830129e-07,6.324555320336758e-06,0.31622776601683794,31.622776601683793,0.00144,4.3783830279284865,0.0003288885396308731
34.06417307483321,29.43352206429535,3.684413161188216,1.8465293915857777,4.204932789042339,0.13593904071486196,0.8918390546838115,0.9457926253624515,0.9065423498329068,0.03925027552954463,1.6049752292292869e-07,5.704546474659033e-08,0.0,7.832895208760798e-08,8.938007101082543e-08,1.8926662316315486e-09,1.9418446705241847e-09,1.8658714438086387e-09,0.0007171450218081682,0.0008207991762450229,1.5606633296664217e-05,1.4053019818775025e-05,0.006657926419252809,0.007118778510186197,0.006414491572004728,93.74594394400567,96.15849138113798,92.43098023281541,723667.2664841724,773759.3591775718,697207.2435651538,5.2340316692204905,0.23880833455073522,60.831528644433654,2.870480965442214,2.4125474371323037,3.727511148322563,1.0257349527417774,1.040327508579198,1.1097962216140784,1.1097982218615092,0.05395357067863993,True,3.1835575704590764,1.3370281788732987,0.12491183840366693,0.5561094164513692,0.664362342935749,0.05280573764324381,0.0,5.685493716986632,1.0320533889138563,False,0.03593204547396611,0.8765584950556464,-0.01916700363377355,G12D,matched_theta,1.15106906830129e-07,1.9999999999999998e-05,0.31622776601683794,100.0,0.00144,4.3783830279284865,0.0003288885396308731
34.06417307483321,29.43352206429535,2.9711852321673438,1.2720946015742878,3.531110248380221,0.13593904071486196,0.9127768278525313,0.9626559376979529,0.9246338622023653,0.03802207549558756,1.6049752292292869e-07,5.5704642691360064e-08,0.0,7.832895208760798e-08,8.938007101082543e-08,6.054091829542116e-10,6.199460289910772e-10,5.972478781481675e-10,0.0007171450218081682,0.0008207991762450229,4.974450983052168e-06,4.487197808499963e-06,0.006755604811029768,0.007216587548179212,0.0065111050960310396,95.43447957440513,97.71904584801105,94.15173504360672,734284.115858374,784390.4370087088,707708.3394548371,5.2340316692204905,0.16336110233916776,60.831528644433654,1.9709473053376434,2.2845662736059182,3.567310804404329,1.0239385836627817,1.0378889544919392,1.108350647354504,1.1083526832719557,0.04987910984542154,True,2.5672851619203567,1.295190560346069,0.12491183840366693,0.5664354885722822,0.6735810021783193,0.05298817341701323,0.0,5.685493716986632,0.8598386569595765,False,0.03593204547396611,0.8963394696057065,-0.019571465234811236,G12D,matched_theta,1.15106906830129e-07,6.324555320336758e-05,0.31622776601683794,316.2277660168379,0.00144,4.3783830279284865,0.0003288885396308731
34.06417307483321,29.43352206429535,2.740380606989306,1.086761612865186,3.3130974146904957,0.13593904071486196,0.9195524106524131,0.9680966389385777,0.9304883787761472,0.03760826016243046,1.6049752292292869e-07,5.5276705531736217e-08,0.0,7.832895208760798e-08,8.938007101082543e-08,1.9213970930380348e-10,1.966326140625331e-10,1.8959046527421205e-10,0.0007171450218081682,0.0008207991762450229,1.5769730552483269e-06,1.4233107210937797e-06,0.006786896867486295,0.007247870746207092,0.006542069026420546,95.97741211825888,98.2196132793694,94.70516488287959,737685.3082993135,787790.6757654394,711073.8637384139,5.2340316692204905,0.13924752018878514,60.831528644433654,1.6820594817669903,2.242201161110515,3.5144483964898114,1.023361758893309,1.0371093635794424,1.1078866207213838,1.1078886680262625,0.04854422828616456,True,2.3678558960815708,1.2810942832163847,0.12491183840366693,0.5697600152532303,0.6765429071100804,0.05304082440736546,0.0,5.685493716986632,0.8023248476105821,False,0.03593204547396611,0.9027395320176368,-0.019703525073484718,G12D,matched_theta,1.15106906830129e-07,0.00019999999999999998,0.31622776601683794,1000.0,0.00144,4.3783830279284865,0.0003288885396308731
34.06417307483321,22.713442169989857,34.057469056632925,22.707241686528416,30.338638395830614,0.3332161000916629,0.00019680554656509308,0.33339812369305255,0.3333473268615252,5.079683152736658e-05,3.6563334714222153e-07,3.6553440407229384e-07,0.0,7.832895208760798e-08,1.0373460446912338e-07,7.830422151849626e-08,1.0369713052539181e-07,6.28186773652959e-08,0.0007171450218081682,0.0009593885431504449,0.0009590108360806326,0.0005683861756124528,2.4079621969855505e-06,2.954921987488823e-06,2.020731701158573e-06,0.028136195948897987,0.034144916112086365,0.02390190720482422,261.7289015499425,321.17975115767035,219.63955116126198,11.697745835743671,11.69374885766244,60.831528644433654,48.111950560241134,0.006008720163188378,0.010243008907262145,1.2135583706518693,1.4285435810408784,1.4623029795566813,1.4623038039349132,0.00018202360138963591,True,22.708972038589213,0.001730352060796747,0.3124680950720854,0.00015762733430513265,0.3126196190832935,4.315018978456875e-05,0.0,13.412565061526445,13.410541409070536,False,0.10920749796661289,0.10936812324251133,-1.4687629340329189e-05,G12D,matched_theta,3.64e-07,2e-10,1.0,0.001,0.00144,4.3783830279284865,0.0003288885396308731
34.06417307483321,22.713442169989857,34.04297942967678,22.693842014958122,30.326812430677418,0.3332161000916629,0.0006221681973571647,0.3337914892252455,0.3336309518286957,0.00016053739654980914,3.6563334714222153e-07,3.653206471616846e-07,0.0,7.832895208760798e-08,1.0373460446912338e-07,7.825078897415895e-08,1.0361616458983037e-07,6.27828416974195e-08,0.0007171450218081682,0.0009593885431504449,0.0009581948383779689,0.0005679793426202229,7.61015103297593e-06,9.338848802233245e-06,6.3864934321781595e-06,0.08893082444494314,0.1079201704317469,0.07555165067929362,827.1709860796749,1015.0687902150996,694.1676351940667,11.697745835743671,11.685112899435627,60.831528644433654,48.07866218497027,0.018989345986803755,0.03236851975245328,1.213529404515529,1.428429021224873,1.4622811252227599,1.462281931267682,0.0005753891335825712,True,22.699310588619174,0.005468573661051579,0.3124680950720854,0.0004982570828926391,0.3129470368145265,0.00013637410109612613,0.0,13.412565061526445,13.406167510389777,False,0.10920749796661289,0.10971529048849771,-4.643024332456891e-05,G12D,matched_theta,3.64e-07,6.324555320336758e-10,1.0,0.0031622776601683794,0.00144,4.3783830279284865,0.0003288885396308731
34.06417307483321,22.713442169989857,33.9972147056811,22.651532492376905,30.289462311482126,0.3332161000916629,0.001965653738460249,0.3350335426427251,0.33452676635726286,0.0005067762854622515,3.6563334714222153e-07,3.64646310589083e-07,0.0,7.832895208760798e-08,1.0373460446912338e-07,7.808220157519993e-08,1.033607146310903e-07,6.266974259542061e-08,0.0007171450218081682,0.0009593885431504449,0.0009556209226284426,0.000566695866930251,2.4020550288826822e-05,2.9477762082297098e-05,2.015971775387398e-05,0.28078820126999415,0.34071885241472827,0.23858759284709552,2610.868301637576,3204.0304622530853,2191.2217736669168,11.697745835743671,11.65786056297835,60.831528644433654,47.973600825198844,0.059930651144734115,0.10213125956763275,1.2134372130797166,1.4280660966016199,1.4622110508780573,1.462211858588497,0.0018174425510621983,True,22.668795407475113,0.017262915098207543,0.3124680950720854,0.0015735761499731105,0.31398051468329236,0.0004305358032667961,0.0,13.412565061526445,13.392346059429322,False,0.10920749796661289,0.11081175389341413,-0.0001467336850130424,G12D,matched_theta,3.64e-07,2e-09,1.0,0.01,0.00144,4.3783830279284865,0.0003288885396308731
34.06417307483321,22.713442169989857,33.85305058768519,22.51837966065677,30.171820447260615,0.3332161000916629,0.0061977869441954825,0.33894242460582524,0.33734868464111456,0.0015937399647106831,3.6563334714222153e-07,3.625300232300346e-07,0.0,7.832895208760798e-08,1.0373460446912338e-07,7.755286367782949e-08,1.0255873897317078e-07,6.231430031047655e-08,0.0007171450218081682,0.0009593885431504449,0.0009475460747744917,0.000562667423234905,7.551356137848383e-05,9.267666882663553e-05,6.339120005686173e-05,0.8835927099191969,1.0719214720642254,0.7512175893872483,8207.80361008352,10073.31780396591,6890.1844283406135,11.697745835743671,11.572250346357466,60.831528644433654,47.64342481125328,0.18832876214502847,0.32070388267697714,1.2131397871789265,1.4269121053709195,1.461980034192519,1.4619808669463876,0.005726324514162329,True,22.572669094650955,0.05428943399418529,0.3124680950720854,0.004955572911258255,0.31722960499466313,0.0013543954388911539,0.0,13.412565061526445,13.348743855272314,False,0.10920749796661289,0.11426529036890909,-0.00046314973679355276,G12D,matched_theta,3.64e-07,6.324555320336758e-09,1.0,0.03162277660168379,0.00144,4.3783830279284865,0.0003288885396308731
34.06417307483321,22.713442169989857,33.40272006915595,22.10371696976356,29.804474005853862,0.3332161000916629,0.01941785007445096,0.3511154102814871,0.34616360989214073,0.004951800389346339,3.6563334714222153e-07,3.5599687778146017e-07,0.0,7.832895208760798e-08,1.0373460446912338e-07,7.591610847261896e-08,1.0008009542391365e-07,6.121198372487486e-08,0.0007171450218081682,0.0009593885431504449,0.0009226459319293062,0.0005502249992527623,0.00023441275837416179,0.00028774668491037626,0.00019693041077600485,2.7514199292816413,3.3351127535075142,2.3433833895662963,25479.049151462576,31276.088148619463,21404.96971976117,11.697745835743671,11.30715294597351,60.831528644433654,46.619675407506435,0.583692824225873,0.9917293639412179,1.2121423989170084,1.4232040597184412,1.461159217494696,1.461160121135104,0.017899310189824158,True,22.27239595525828,0.1686789854947186,0.3124680950720854,0.015467310614378893,0.32731481820608255,0.004212453603181454,0.0,13.412565061526445,13.211930915139499,False,0.10920749796661289,0.12504924336843604,-0.0014555298501062186,G12D,matched_theta,3.64e-07,2e-08,1.0,0.1,0.00144,4.3783830279284865,0.0003288885396308731
34.06417307483321,22.713442169989857,32.03381327274278,20.85584970816046,28.68864163310514,0.3332161000916629,0.05960396565711623,0.38774824616045434,0.37295906476251744,0.01478918139793689,3.6563334714222153e-07,3.3685190662564853e-07,0.0,7.832895208760798e-08,1.0373460446912338e-07,7.109104936535851e-08,9.27890621516763e-08,5.793121209902295e-08,0.0007171450218081682,0.0009593885431504449,0.0008499088744489285,0.0005136636113808293,0.0006998673887788331,0.0008592041351966807,0.0005893914784510026,8.292772299167678,10.02171241403495,7.102458397090428,76070.7384682043,93389.57395997884,64062.74623386859,11.697745835743671,10.522955010464866,60.831528644433654,43.57894792873792,1.728940114867271,2.919254016944522,1.2084875904576327,1.4110202205676299,1.4577817403379851,1.4577828683623586,0.05453214606879142,True,21.35963094293489,0.5037812347744293,0.3124680950720854,0.04692736393673114,0.35735990596388034,0.01262775097112867,0.0,13.412565061526445,12.79053934433005,False,0.10920749796661289,0.15780601601333277,-0.004496247652094748,G12D,matched_theta,3.64e-07,6.324555320336758e-08,1.0,0.31622776601683794,0.00144,4.3783830279284865,0.0003288885396308731
34.06417307483321,22.713442169989857,28.231146158421637,17.50545367155827,25.58769353014578,0.3332161000916629,0.17123641614893748,0.486103665775131,0.4473937854577784,0.03870988031735256,3.6563334714222153e-07,2.891042428254966e-07,0.0,7.832895208760798e-08,1.0373460446912338e-07,5.875745142857092e-08,7.438114947067673e-08,4.928305967068074e-08,0.0007171450218081682,0.0009593885431504449,0.0006698500953377012,0.0004209770183399593,0.0018666417225765032,0.0022846736456922493,0.001583903422724877,22.7075387179831,27.10869502412128,19.769916152232,202890.9002182779,248328.19537239752,172159.11542316325,11.697745835743671,8.514244795680352,60.831528644433654,35.69683437157742,4.40115630613818,7.338778871889279,1.1938191699593013,1.3712094080409511,1.4424324191192153,1.4424341967720522,0.15288756568346806,True,18.82407373439465,1.3186200628363771,0.3124680950720854,0.1304023798653201,0.435715744098905,0.033591852390882526,0.0,13.412565061526445,11.580284772922727,False,0.10920749796661289,0.24883855322323656,-0.012905060323918638,G12D,matched_theta,3.64e-07,2e-07,1.0,1.0,0.00144,4.3783830279284865,0.0003288885396308731
34.06417307483321,22.713442169989857,20.25092863366288,11.147120289656023,19.032753308371202,0.3332161000916629,0.4055065247239371,0.6727611656631824,0.6036013220853662,0.06915984357781624,3.6563334714222153e-07,2.1157175592135e-07,0.0,7.832895208760798e-08,1.0373460446912338e-07,3.6862778007474814e-08,4.350374888687961e-08,3.2631615218668726e-08,0.0007171450218081682,0.0009593885431504449,0.00038050304501855597,0.00025954965547722976,0.003834262564220854,0.00461025007145553,0.003309447968489944,49.21427492237976,56.4964306386838,44.35774471844994,416756.96573826816,501101.8496857733,359712.95773899916,11.697745835743671,5.059027801781019,60.831528644433654,21.749378239194762,7.28215571630404,12.138685920233854,1.1479683634024758,1.2736542625708593,1.393057124738276,1.3930603246418585,0.26725464093924534,True,13.502993171119149,2.3558728814631262,0.3124680950720854,0.28769218245638695,0.5750706183089305,0.0648049689997362,0.0,13.412565061526445,8.877844192912436,False,0.10920749796661289,0.4412677135429217,-0.02916195617339068,G12D,matched_theta,3.64e-07,6.324555320336758e-07,1.0,3.1622776601683795,0.00144,4.3783830279284865,0.0003288885396308731
34.06417307483321,22.713442169989857,11.107295649806387,5.004616667621781,11.441949093309802,0.3332161000916629,0.6739302719779652,0.8530826902321249,0.7825819551074169,0.070500735124708,3.6563334714222153e-07,1.5008034529477796e-07,0.0,7.832895208760798e-08,1.0373460446912338e-07,1.6252522690747642e-08,1.7800608495434278e-08,1.5066108629130193e-08,0.0007171450218081682,0.0009593885431504449,0.00015224912393885085,0.00011250407928521279,0.005542451016165115,0.006478848739728678,0.004871070150906705,75.15520570279804,81.72890447553786,70.05320924210558,602423.9823149095,704204.9124664189,529448.9120892739,11.697745835743671,2.1213758685548307,60.831528644433654,9.369832652147343,6.573698772739817,11.675695233432279,1.0874683092311073,1.1666689557801813,1.3300668105801556,1.3300715071592748,0.17915241825415973,True,7.406165910812806,2.401549243191025,0.3124680950720854,0.44341292595601767,0.6989493569139242,0.08162072818963773,0.0,13.412565061526445,5.449522383942872,False,0.10920749796661289,0.6641060662716285,-0.045433464866277085,G12D,matched_theta,3.64e-07,2e-06,1.0,10.0,0.00144,4.3783830279284865,0.0003288885396308731
34.06417307483321,22.713442169989857,5.782891838716925,1.8962139264394227,7.0035884598167595,0.3332161000916629,0.8302353670522724,0.944334068457386,0.8868036759766068,0.05753039248077918,3.6563334714222153e-07,1.230079996220813e-07,0.0,7.832895208760798e-08,1.0373460446912338e-07,5.77058783492246e-09,6.092078039799848e-09,5.4547283827317454e-09,0.0007171450218081682,0.0009593885431504449,5.16610133527991e-05,3.9653049590165966e-05,0.006361609344764015,0.007313257638856414,0.005642701590439313,88.68208592074616,93.47684005692119,83.95670537163537,691459.9898362196,794898.9768900672,613318.8718605199,11.697745835743671,0.7749036064880246,60.831528644433654,3.4767917192293605,4.79475413617503,9.520134685285825,1.0540667721828287,1.113393381066406,1.296056068470394,1.296061499752517,0.11409870140511358,True,3.8559391729677657,1.959725246528343,0.3124680950720854,0.5252509690937353,0.7582627132568732,0.0846678188385388,0.0,13.412565061526445,3.1310516028216178,False,0.10920749796661289,0.7944001621753429,-0.05437477568437121,G12D,matched_theta,3.64e-07,6.324555320336758e-06,1.0,31.622776601683793,0.00144,4.3783830279284865,0.0003288885396308731
34.06417307483321,22.713442169989857,3.684413161188216,0.7482272770008406,5.255047931261347,0.3332161000916629,0.8918390546838115,0.978034773503613,0.9278800230642994,0.05015475043931361,3.6563334714222153e-07,1.1361298553526631e-07,0.0,7.832895208760798e-08,1.0373460446912338e-07,1.8926662316315486e-09,1.9722996733726787e-09,1.8005624759374492e-09,0.0007171450218081682,0.0009593885431504449,1.668033053723193e-05,1.2975145740646712e-05,0.006657926419252809,0.0076051913334241866,0.0059253246573044045,93.74594394400567,97.65195241958695,89.22447576925931,723667.2664841724,826629.9921876101,644037.6252042503,11.697745835743671,0.30148060595439663,60.831528644433654,1.3617910598894436,3.906008475581274,8.427476650327634,1.0416658930642837,1.0944525207648368,1.2835062672977653,1.2835119561927029,0.08619571881980148,True,2.456707376490684,1.7084800994898437,0.3124680950720854,0.5561094164513692,0.7796743170941738,0.08486325558092755,0.0,13.412565061526445,2.095254948754821,False,0.10920749796661289,0.8457309408416609,-0.05792010005783521,G12D,matched_theta,3.64e-07,1.9999999999999998e-05,1.0,100.0,0.00144,4.3783830279284865,0.0003288885396308731
34.06417307483321,22.713442169989857,2.9711852321673438,0.3670755960753763,4.661237135063475,0.3332161000916629,0.9127768278525313,0.9892239980325084,0.9418409931131344,0.04738300491937397,3.6563334714222153e-07,1.1056256443554924e-07,0.0,7.832895208760798e-08,1.0373460446912338e-07,6.054091829542116e-10,6.282198691923024e-10,5.771146187266461e-10,0.0007171450218081682,0.0009593885431504449,5.308602166407016e-06,4.147349612048632e-06,0.006755604811029768,0.007700304169348305,0.006018877166045794,95.43447957440513,99.01921475814278,90.98688645225319,734284.115858374,836968.0465634944,654205.99300417,11.697745835743671,0.14723342780728976,60.831528644433654,0.6666412852390187,3.5847351837376493,8.032328305889592,1.0375622647047897,1.0882800656125835,1.2793589164417445,1.2793646886664327,0.07644717017997704,True,1.981138476454606,1.6140628803792296,0.3124680950720854,0.5664354885722822,0.7867286471916779,0.08481808164271731,0.0,13.412565061526445,1.7205748004203605,False,0.10920749796661289,0.8631630621173886,-0.05913919013007907,G12D,matched_theta,3.64e-07,6.324555320336758e-05,1.0,316.2277660168379,0.00144,4.3783830279284865,0.0003288885396308731
34.06417307483321,22.713442169989857,2.740380606989306,0.24469817893664841,4.469147472635922,0.3332161000916629,0.9195524106524131,0.9928165530864616,0.9463588426365916,0.046457710449869905,3.6563334714222153e-07,1.0959027811290742e-07,0.0,7.832895208760798e-08,1.0373460446912338e-07,1.9213970930380348e-10,1.9911071086574094e-10,1.8327685264054432e-10,0.0007171450218081682,0.0009593885431504449,1.6820885920442349e-06,1.3159501809435112e-06,0.006786896867486295,0.007730658702352734,0.00604888724053858,95.97741211825888,99.45630165523252,91.55412323574238,737685.3082993135,840267.3572665262,657467.8343090275,11.697745835743671,0.09802610744280436,60.831528644433654,0.44413216901411595,3.4788895369736395,7.902178419490141,1.0362469612400793,1.08631155146495,1.2780298912737564,1.2780356899887182,0.07326414243404844,True,1.8272416683615058,1.5825434894248573,0.3124680950720854,0.5697600152532303,0.7889881662089798,0.08479188249808334,0.0,13.412565061526445,1.5964614174796903,False,0.10920749796661289,0.8688021146787281,-0.059535775923780454,G12D,matched_theta,3.64e-07,0.00019999999999999998,1.0,1000.0,0.00144,4.3783830279284865,0.0003288885396308731
34.06417307483321,13.252753493151209,34.057469056632925,13.248415171765359,24.15448521580425,0.6109474472186024,0.00019680554656509308,0.6110748045267138,0.6110240149188951,5.0789607818679805e-05,6.126687706753882e-07,6.124866946770875e-07,0.0,7.832895208760798e-08,1.2169795047063674e-07,7.830422151849626e-08,1.2165047494864078e-07,4.396701689563519e-08,0.0007171450218081682,0.0011380910805059968,0.0011376212578634356,0.0003935292776190828,2.4079621969855505e-06,3.306922586178002e-06,1.5038172573372823e-06,0.028136195948897987,0.037820704275977966,0.01802170449714645,261.7289015499425,359.4398807508603,163.4544775981741,19.23571492337359,19.228575749550064,60.831528644433654,39.130646939663805,0.009684508327079979,0.019798999778831518,1.3442010549211894,2.09861971058101,2.19901891007247,2.1990213179383438,0.00012735730811141988,True,13.250145277756495,0.0017301059911360994,0.5886332440471065,0.00015762733430513265,0.5887427213864471,4.463469417803623e-05,0.0,23.917004728793206,23.913217078913103,False,0.29080801384240273,0.29091232707334636,-3.525968551171266e-05,G12D,matched_theta,1.1510690683012902e-06,2e-10,3.1622776601683795,0.001,0.00144,4.3783830279284865,0.0003288885396308731
34.06417307483321,13.252753493151209,34.04297942967678,13.239040185935004,24.14680493516593,0.6109474472186024,0.0006221681973571647,0.611350019950548,0.6111895033440436,0.0001605166065044017,6.126687706753882e-07,6.120933096496205e-07,0.0,7.832895208760798e-08,1.2169795047063674e-07,7.825078897415895e-08,1.2154790219908346e-07,4.3948652735655804e-08,0.0007171450218081682,0.0011380910805059968,0.001136606261868262,0.000393286053167673,7.61015103297593e-06,1.0451405103379761e-05,4.7529843150121134e-06,0.08893082444494314,0.1195368444329183,0.05697011834676593,827.1709860796749,1135.9962966669095,516.6163382637608,19.23571492337359,19.213150216237675,60.831528644433654,39.10022217099541,0.030606019987975158,0.06256672608615238,1.3441553609673693,2.098237600724664,2.1989142843096308,2.198916705740966,0.0004025727319456607,True,13.244508051400354,0.0054678654653503855,0.5886332440471065,0.0004982570828926391,0.5889792830724774,0.00014107262555074218,0.0,23.917004728793206,23.905028889040636,False,0.29080801384240273,0.29113779212783175,-0.00011145841417881108,G12D,matched_theta,1.1510690683012902e-06,6.324555320336758e-10,3.1622776601683795,0.0031622776601683794,0.00144,4.3783830279284865,0.0003288885396308731
34.06417307483321,13.252753493151209,33.9972147056811,13.209445179413947,24.122545994049368,0.6109474472186024,0.001965653738460249,0.612218821505074,0.6117121898234347,0.0005066316816393357,6.126687706753882e-07,6.108522134335065e-07,0.0,7.832895208760798e-08,1.2169795047063674e-07,7.808220157519993e-08,1.2122427866211692e-07,4.389066089168555e-08,0.0007171450218081682,0.0011380910805059968,0.0011334044671699368,0.0003925184429021834,2.4020550288826822e-05,3.2990294028790635e-05,1.5005263592228702e-05,0.28078820126999415,0.3773820557739209,0.17996039126833333,2610.868301637576,3585.819436654083,1630.9677626206321,19.23571492337359,19.164472847758795,60.831528644433654,39.00420449663474,0.09659385450392677,0.1974216645055876,1.3440096630379643,2.0970284245004684,2.1985814395074317,2.1985838830391127,0.001271374286471616,True,13.226703168702503,0.01725798928855582,0.5886332440471065,0.0015735761499731105,0.5897258866447523,0.0004453256815866169,0.0,23.917004728793206,23.87915437193517,False,0.29080801384240273,0.29184994624539307,-0.0003520934758863836,G12D,matched_theta,1.1510690683012902e-06,2e-09,3.1622776601683795,0.01,0.00144,4.3783830279284865,0.0003288885396308731
34.06417307483321,13.252753493151209,33.85305058768519,13.116368921959257,24.046115300281265,0.6109474472186024,0.0061977869441954825,0.6149512012769305,0.6133587120508368,0.001592489226093674,6.126687706753882e-07,6.069563183978799e-07,0.0,7.832895208760798e-08,1.2169795047063674e-07,7.755286367782949e-08,1.2020827135257145e-07,4.370806956200184e-08,0.0007171450218081682,0.0011380910805059968,0.001123358277940205,0.0003901063910808569,7.551356137848383e-05,0.00010372725527853227,4.7202201292300156e-05,0.8835927099191969,1.1871396369855547,0.5671418467836411,8207.80361008352,11274.443448554723,5130.550705864837,19.23571492337359,19.011560957080256,60.831528644433654,38.70250011065724,0.3035469270663578,0.6199977902019136,1.343537156496138,2.093197043593287,2.197508854220592,2.1975113579262895,0.004003754058328091,True,13.170615750576717,0.05424682861746,0.5886332440471065,0.004955572911258255,0.5920722130422968,0.0014004110427979777,0.0,23.917004728793206,23.797508290969432,False,0.29080801384240273,0.2940936729197555,-0.0011097617553828543,G12D,matched_theta,1.1510690683012902e-06,6.324555320336758e-09,3.1622776601683795,0.03162277660168379,0.00144,4.3783830279284865,0.0003288885396308731
34.06417307483321,13.252753493151209,33.40272006915595,12.827138567551774,23.80723274431429,0.6109474472186024,0.01941785007445096,0.6234419505979867,0.618502011359594,0.004939939238392643,6.126687706753882e-07,5.949209361598734e-07,0.0,7.832895208760798e-08,1.2169795047063674e-07,7.591610847261896e-08,1.1706826894174079e-07,4.3138486695138064e-08,0.0007171450218081682,0.0011380910805059968,0.0010923658799983304,0.0003826295311312961,0.00023441275837416179,0.00032211550807704516,0.00014682145825201456,2.7514199292816413,3.692210176501905,1.7742351030476535,25479.049151462576,35011.75211429739,15958.468245782102,19.23571492337359,18.538116840822617,60.831528644433654,37.76758422250627,0.9407902472202636,1.9179750734542513,1.341928993538217,2.0810151767145695,2.193926636555698,2.1939293655925383,0.012494503379384292,True,12.995413512747541,0.16827494519576724,0.5886332440471065,0.015467310614378893,0.5993464373760025,0.004350455938143205,0.0,23.917004728793206,23.54115245068849,False,0.29080801384240273,0.30110639433360553,-0.0034726031700075266,G12D,matched_theta,1.1510690683012902e-06,2e-08,3.1622776601683795,0.1,0.00144,4.3783830279284865,0.0003288885396308731
34.06417307483321,13.252753493151209,32.03381327274278,11.962924864967546,23.079510228597897,0.6109474472186024,0.05960396565711623,0.6488121159234651,0.6341365222133982,0.014675593710066881,6.126687706753882e-07,5.595932883671483e-07,0.0,7.832895208760798e-08,1.2169795047063674e-07,7.109104936535851e-08,1.0783841406265367e-07,4.141134352553508e-08,0.0007171450218081682,0.0011380910805059968,0.0010017620608159137,0.0003604161244702545,0.0006998673887788331,0.0009620026179668405,0.00044108947203048293,8.292772299167678,11.077727534780875,5.424523463558251,76070.7384682043,104563.09241469933,47943.327939769304,19.23571492337359,17.138879313983004,60.831528644433654,34.99744832495359,2.7849552356131966,5.653204071222624,1.335829217919406,2.0421568104923207,2.1809693474170206,2.180972763218708,0.037864668704862714,True,12.462836829083198,0.4999119641156522,0.5886332440471065,0.04692736393673114,0.6209281586679813,0.012990557152800952,0.0,23.917004728793206,22.75028399010689,False,0.29080801384240273,0.32246967575299335,-0.010608992876648848,G12D,matched_theta,1.1510690683012902e-06,6.324555320336758e-08,3.1622776601683795,0.31622776601683794,0.00144,4.3783830279284865,0.0003288885396308731
34.06417307483321,13.252753493151209,28.231146158421637,9.69873537868308,21.040978061767927,0.6109474472186024,0.17123641614893748,0.7152804690906013,0.6775674120504842,0.03771305704011707,6.126687706753882e-07,4.714199011144421e-07,0.0,7.832895208760798e-08,1.2169795047063674e-07,5.875745142857092e-08,8.469065978696592e-08,3.658694800612963e-08,0.0007171450218081682,0.0011380910805059968,0.0007779422441616273,0.0003023464134985653,0.0018666417225765032,0.0025521918960825737,0.0011976693772145774,22.7075387179831,29.748309907887347,15.464475649940328,202890.9002182779,277405.69205072557,130178.09049267789,19.23571492337359,13.580072262471262,60.831528644433654,27.901901301717324,7.040771189904248,14.283834257947019,1.3100631590833027,1.9236546121110893,2.1309653103248016,2.1309706648856457,0.10433302187199889,True,10.983399480878685,1.2846641021956042,0.5886332440471065,0.1304023798653201,0.6763629167802329,0.034086468759392696,0.0,23.917004728793206,20.47798394579463,False,0.29080801384240273,0.38231355226077357,-0.02993395565280299,G12D,matched_theta,1.1510690683012902e-06,2e-07,3.1622776601683795,1.0,0.00144,4.3783830279284865,0.0003288885396308731
34.06417307483321,13.252753493151209,20.25092863366288,5.7117366685743045,16.676311619148024,0.6109474472186024,0.4055065247239371,0.8323242235757026,0.7687107958319632,0.06361342774373935,6.126687706753882e-07,3.305277447611415e-07,0.0,7.832895208760798e-08,1.2169795047063674e-07,3.6862778007474814e-08,4.724201321455734e-08,2.5933705727540876e-08,0.0007171450218081682,0.0011380910805059968,0.0004266293263546095,0.0001944329899479204,0.003834262564220854,0.005076685623335731,0.0025540485999786884,49.21427492237976,60.423534134848616,36.29799613441868,416756.96573826816,551800.5119786501,277606.08427644963,19.23571492337359,7.67596999750179,60.831528644433654,15.95293248240439,11.209259212468858,24.125538000429934,1.227764388079434,1.6646520626397192,1.987701261196867,1.987710440197515,0.22137677635710018,True,7.878675481120439,2.1669388125461344,0.5886332440471065,0.28769218245638695,0.7701086991228616,0.06312845526566324,0.0,23.917004728793206,15.522039029241938,False,0.29080801384240273,0.5104442552439774,-0.06794573626725908,G12D,matched_theta,1.1510690683012902e-06,6.324555320336758e-07,3.1622776601683795,3.1622776601683795,0.00144,4.3783830279284865,0.0003288885396308731
34.06417307483321,13.252753493151209,11.107295649806387,2.3341916246003853,11.570574390179445,0.6109474472186024,0.6739302719779652,0.9314766391225009,0.8731417399282912,0.058334899194209644,6.126687706753882e-07,2.2375481342207368e-07,0.0,7.832895208760798e-08,1.2169795047063674e-07,1.6252522690747642e-08,1.8441789880408454e-08,1.271383495008166e-08,0.0007171450218081682,0.0011380910805059968,0.00016488524040818474,8.768600885651379e-05,0.005542451016165115,0.006981514796996034,0.003841586518855793,75.15520570279804,84.42427403833632,59.769368721677104,602423.9823149095,758841.9407408382,417550.75516388955,19.23571492337359,3.024399715436451,60.831528644433654,6.353835315778742,9.269068335538279,24.654905316659217,1.123332352680836,1.4125006812681526,1.81735196193771,1.8173645511501737,0.2575463671445357,True,4.321321727054889,1.987130102454504,0.5886332440471065,0.44341292595601767,0.8460933407580147,0.07505475981280052,0.0,23.917004728793206,9.72842180533997,False,0.29080801384240273,0.6603300962345142,-0.10842386572367135,G12D,matched_theta,1.1510690683012902e-06,2e-06,3.1622776601683795,10.0,0.00144,4.3783830279284865,0.0003288885396308731
34.06417307483321,13.252753493151209,5.782891838716925,0.802519076588746,8.56300024534392,0.6109474472186024,0.8302353670522724,0.9764409640936902,0.9339526361796895,0.0424883279140007,6.126687706753882e-07,1.7858753814352254e-07,0.0,7.832895208760798e-08,1.2169795047063674e-07,5.77058783492246e-09,6.177762903620825e-09,4.73361723234907e-09,0.0007171450218081682,0.0011380910805059968,5.50789838692758e-05,3.152490174141228e-05,0.006361609344764015,0.007786969291488656,0.004503677879733982,88.68208592074616,94.75222133233174,73.11407487443658,691459.9898362196,846389.0959423473,489514.30655315565,19.23571492337359,1.0215011267159833,60.831528644433654,2.158562832599372,6.070135411585582,21.63814645789516,1.0684482705674105,1.2959504923649203,1.7290244772009775,1.7290385278053955,0.14620559704141778,True,2.249848832311534,1.447329755722788,0.5886332440471065,0.5252509690937353,0.8797581480920851,0.07505411682777519,0.0,23.917004728793206,6.210021572612807,False,0.29080801384240273,0.7486215142656638,-0.13098276851482182,G12D,matched_theta,1.1510690683012902e-06,6.324555320336758e-06,3.1622776601683795,31.622776601683793,0.00144,4.3783830279284865,0.0003288885396308731
34.06417307483321,13.252753493151209,3.684413161188216,0.26499270245818796,7.373618102118605,0.6109474472186024,0.8918390546838115,0.9922207798241265,0.9579197081134876,0.0343010717106389,6.126687706753882e-07,1.6317374967039039e-07,0.0,7.832895208760798e-08,1.2169795047063674e-07,1.8926662316315486e-09,1.985462046619374e-09,1.5779881122781326e-09,0.0007171450218081682,0.0011380910805059968,1.768907493284967e-05,1.0390517838970316e-05,0.006657926419252809,0.008062102307696741,0.0047509557084785894,93.74594394400567,98.29727130738678,78.28116925530696,723667.2664841724,876294.0874902479,516391.2082132445,19.23571492337359,0.3351065545647743,60.831528644433654,0.7098901485270449,4.551327363381105,20.016102052079816,1.0485495923546262,1.2556949805744355,1.6969432683426318,1.6969577977950023,0.10038172514031496,True,1.4334303458616584,1.1684376434034704,0.5886332440471065,0.5561094164513692,0.8914846234275048,0.07408645277994175,0.0,23.917004728793206,4.75723458060392,False,0.29080801384240273,0.7835374401744608,-0.13975568419206819,G12D,matched_theta,1.1510690683012902e-06,1.9999999999999998e-05,3.1622776601683795,100.0,0.00144,4.3783830279284865,0.0003288885396308731
34.06417307483321,13.252753493151209,2.9711852321673438,0.08974860765256001,6.969193363279044,0.6109474472186024,0.9127768278525313,0.9973653079011958,0.966065602214336,0.0312997056868598,6.126687706753882e-07,1.5819632542816275e-07,0.0,7.832895208760798e-08,1.2169795047063674e-07,6.054091829542116e-10,6.309254567353092e-10,5.073985789871396e-10,0.0007171450218081682,0.0011380910805059968,5.619960346108403e-06,3.329161607668594e-06,0.006755604811029768,0.008151009783832604,0.004833392919624987,95.43447957440513,99.4443602548711,80.02310822294798,734284.115858374,885957.6940959288,525351.3959814673,19.23571492337359,0.1132601260403434,60.831528644433654,0.24014284452090787,4.009880680465969,19.421252031923117,1.0420171063786194,1.2426955471138992,1.6863950271324153,1.6864097076220246,0.08458848004866448,True,1.1559471993610946,1.0661985917085346,0.5886332440471065,0.5664354885722822,0.8952992770028974,0.07365330356521893,0.0,23.917004728793206,4.251480163242375,False,0.29080801384240273,0.7954098768824093,-0.14273214842336135,G12D,matched_theta,1.1510690683012902e-06,6.324555320336758e-05,3.1622776601683795,316.2277660168379,0.00144,4.3783830279284865,0.0003288885396308731
34.06417307483321,13.252753493151209,2.740380606989306,0.03381249762486101,6.838319002844785,0.6109474472186024,0.9195524106524131,0.9990073882741677,0.9687016599992117,0.030305728274956034,6.126687706753882e-07,1.5661250447175667e-07,0.0,7.832895208760798e-08,1.2169795047063674e-07,1.9213970930380348e-10,1.9981870382705209e-10,1.613015644031686e-10,0.0007171450218081682,0.0011380910805059968,1.7797723545125252e-06,1.0571502235536264e-06,0.006786896867486295,0.0081793088901127,0.004859899592016015,95.97741211825888,99.8096289921366,80.58514635411062,737685.3082993135,889033.6044600023,528232.433850506,19.23571492337359,0.04265298509635273,60.831528644433654,0.09045083152058785,3.8322168738777123,19.224482638025975,1.039928320521456,1.2385611183672602,1.6830201396650062,1.6830348677749045,0.07945497762175457,True,1.0661520707418297,1.0323395731169687,0.5886332440471065,0.5697600152532303,0.896516055257876,0.07350248206437715,0.0,23.917004728793206,4.086342852767617,False,0.29080801384240273,0.7992518712307456,-0.1436953430982485,G12D,matched_theta,1.1510690683012902e-06,0.00019999999999999998,3.1622776601683795,1000.0,0.00144,4.3783830279284865,0.0003288885396308731
34.06417307483321,5.782346649117745,34.057469056632925,5.780213737471649,14.546762024966021,0.8302513718323674,0.00019680554656509308,0.8303139863464908,0.8302847793039126,2.9207042578138775e-05,7.836173526492221e-07,7.833708766964876e-07,0.0,7.832895208760798e-08,1.3462842634630613e-07,7.830422151849626e-08,1.345732040667975e-07,2.2871906738648654e-08,0.0007171450218081682,0.0012704445179377445,0.0012699019840323443,0.00020700457237366124,2.4079621969855505e-06,3.5444236121275187e-06,8.60901882391427e-07,0.028136195948897987,0.04022234967436979,0.010262354257020777,261.7289015499425,385.25468776731947,93.57405929600992,24.33939245360674,24.329928733810032,60.831528644433654,32.66618410885906,0.0120861537254718,0.02995999541734901,1.4295589122077172,3.9194076395143442,4.117105194707859,4.117109919840221,6.261451412337138e-05,True,5.781208651225034,0.0009949137533853403,0.8165590907949257,0.00015762733430513265,0.8166142866810144,2.6280584568216803e-05,0.0,33.42752853245671,33.4226634002953,False,0.5729211850077395,0.5729600717736709,-4.516471367943531e-05,G12D,matched_theta,3.64e-06,2e-10,10.0,0.001,0.00144,4.3783830279284865,0.0003288885396308731
34.06417307483321,5.782346649117745,34.04297942967678,5.77560486878775,14.543898649603136,0.8302513718323674,0.0006221681973571647,0.830449285937465,0.8303569840303583,9.230190710673991e-05,7.836173526492221e-07,7.828383516823725e-07,0.0,7.832895208760798e-08,1.3462842634630613e-07,7.825078897415895e-08,1.3445389382039567e-07,2.286655036929279e-08,0.0007171450218081682,0.0012704445179377445,0.0012687298727929888,0.00020690022733283803,7.61015103297593e-06,1.1202075695191054e-05,2.721146961354795e-06,0.08893082444494314,0.12712680359675604,0.0324455934073112,827.1709860796749,1217.5892717182585,295.7697897042808,24.33939245360674,24.3094804293031,60.831528644433654,32.638940608528564,0.0381959791518129,0.09468121018944484,1.4295021370847623,3.918153137187179,4.116674275326094,4.116678964865342,0.00019791410509761853,True,5.778749056926569,0.003144188138819004,0.8165590907949257,0.0004982570828926391,0.8167335477970823,8.305626985283254e-05,0.0,33.42752853245671,33.41214608858876,False,0.5729211850077395,0.573044130040889,-0.00014276982330363452,G12D,matched_theta,3.64e-06,6.324555320336758e-10,10.0,0.0031622776601683794,0.00144,4.3783830279284865,0.0003288885396308731
34.06417307483321,5.782346649117745,33.9972147056811,5.761058052476832,14.534851730442453,0.8302513718323674,0.001965653738460249,0.830876327459329,0.8305850388579237,0.0002912886014053706,7.836173526492221e-07,7.811581404192122e-07,0.0,7.832895208760798e-08,1.3462842634630613e-07,7.808220157519993e-08,1.3407746161034052e-07,2.2849615599013884e-08,0.0007171450218081682,0.0012704445179377445,0.0012650323314456597,0.00020657072377519873,2.4020550288826822e-05,3.536037929261904e-05,8.5923998930489e-06,0.28078820126999415,0.40133644740359525,0.1025337796825807,2610.868301637576,3843.4321960962943,933.9342084259341,24.33939245360674,24.244951141267165,60.831528644433654,32.552965469881144,0.1205482461336011,0.29880266772101455,1.4293209101677566,3.914187584287187,4.115308846510387,4.115313649956209,0.0006249556269616319,True,5.77098055780983,0.0099225053329981,0.8165590907949257,0.0015735761499731105,0.8171099011591552,0.00026215212457492143,0.0,33.42752853245671,33.37891062383876,False,0.5729211850077395,0.5733097146226961,-0.0004509594543501416,G12D,matched_theta,3.64e-06,2e-09,10.0,0.01,0.00144,4.3783830279284865,0.0003288885396308731
34.06417307483321,5.782346649117745,33.85305058768519,5.715333603458802,14.50632174903949,0.8302513718323674,0.0061977869441954825,0.8322186306738407,0.8313034376638199,0.0009151930100208538,7.836173526492221e-07,7.758825906575085e-07,0.0,7.832895208760798e-08,1.3462842634630613e-07,7.755286367782949e-08,1.3289565312052288e-07,2.2796096531729325e-08,0.0007171450218081682,0.0012704445179377445,0.0012534292981598318,0.00020553333022164434,7.551356137848383e-05,0.00011118445180569373,2.70458272579203e-05,0.8835927099191969,1.2624164690247686,0.3235585372652762,8207.80361008352,12084.99190260354,2939.693452989241,24.33939245360674,24.042227348184927,60.831528644433654,32.28284750425897,0.37882375910557164,0.9388579317594923,1.4287311957793478,3.9016632962144655,4.1109650943708385,4.1109701048301,0.001967258841473307,True,5.746508896549029,0.03117529309022693,0.8165590907949257,0.004955572911258255,0.8182922087836904,0.000824063188291424,0.0,33.42752853245671,33.27403178343515,False,0.5729211850077395,0.5741472509204446,-0.0014208775909964055,G12D,matched_theta,3.64e-06,6.324555320336758e-09,10.0,0.03162277660168379,0.00144,4.3783830279284865,0.0003288885396308731
34.06417307483321,5.782346649117745,33.40272006915595,5.573497167389345,14.41689612970324,0.8302513718323674,0.01941785007445096,0.8363824316197161,0.8335475252444702,0.0028349063752459713,7.836173526492221e-07,7.595734090492507e-07,0.0,7.832895208760798e-08,1.3462842634630613e-07,7.591610847261896e-08,1.2924331662129437e-07,2.262713190446356e-08,0.0007171450218081682,0.0012704445179377445,0.0012176229007698908,0.00020229845296965967,0.00023441275837416179,0.0003453137078420779,8.428483626005375e-05,2.7514199292816413,3.9254651525729876,1.0163688578210823,25479.049151462576,37533.24486484073,9161.17417432716,24.33939245360674,23.414429693283942,60.831528644433654,31.446146155429407,1.1740452232913463,2.9090962947519055,1.4267052116606112,3.8622446195257307,4.096984975762918,4.096990642315492,0.006131059787348736,True,5.670065908806673,0.09656874141732796,0.8165590907949257,0.015467310614378893,0.8219533188015669,0.002556890484582186,0.0,33.42752853245671,32.94467117000491,False,0.5729211850077395,0.576772461259172,-0.0044416761480613465,G12D,matched_theta,3.64e-06,2e-08,10.0,0.1,0.00144,4.3783830279284865,0.0003288885396308731
34.06417307483321,5.782346649117745,32.03381327274278,5.152130003485003,14.142218765064138,0.8302513718323674,0.05960396565711623,0.8487522361935325,0.8403690632360136,0.008383172957518892,7.836173526492221e-07,7.116161587218781e-07,0.0,7.832895208760798e-08,1.3462842634630613e-07,7.109104936535851e-08,1.1851277089632437e-07,2.209411882201551e-08,0.0007171450218081682,0.0012704445179377445,0.0011128879411605793,0.0001925161108475368,0.0006998673887788331,0.0010313661487662124,0.0002546076725595259,8.292772299167678,11.766256240328769,3.1458608730231656,76070.7384682043,112102.4568267017,27674.062825596036,24.33939245360674,21.55870107162631,60.831528644433654,28.97115776811369,3.4734839411610903,8.620395367305603,1.4188567846617124,3.740234141067218,4.050805454517811,4.050813121773249,0.018500864361165048,True,5.4376958580261885,0.28556585454118544,0.8165590907949257,0.04692736393673114,0.8327723415722217,0.007604852470144641,0.0,33.42752853245671,31.928588336272263,False,0.5729211850077395,0.5848359878281477,-0.013540788201272358,G12D,matched_theta,3.64e-06,6.324555320336758e-08,10.0,0.31622776601683794,0.00144,4.3783830279284865,0.0003288885396308731
34.06417307483321,5.782346649117745,28.231146158421637,4.069421168102709,13.35846120330228,0.8302513718323674,0.17123641614893748,0.8805366224753826,0.8593185185659914,0.02121810390939116,7.836173526492221e-07,5.917382294175043e-07,0.0,7.832895208760798e-08,1.3462842634630613e-07,5.875745142857092e-08,9.173284054310628e-08,2.0407911165187305e-08,0.0007171450218081682,0.0012704445179377445,0.0008546119423083668,0.0001657432646762603,0.0018666417225765032,0.0027310084421738163,0.0007007012897767216,22.7075387179831,31.44412550892106,9.259145268574935,202890.9002182779,296841.9042731015,76161.16987087819,24.33939245360674,16.85413651916196,60.831528644433654,22.684599983701364,8.736586790937963,22.18498024034613,1.384743890539712,3.396007363189431,3.897535914403771,3.89754916811756,0.050285250643015145,True,4.792198331992004,0.7227771638892948,0.8165590907949257,0.1304023798653201,0.8601761420687735,0.019695920148847912,0.0,33.42752853245671,29.023054294019833,False,0.5729211850077395,0.6078442540214903,-0.03820837667865895,G12D,matched_theta,3.64e-06,2e-07,10.0,1.0,0.00144,4.3783830279284865,0.0003288885396308731
34.06417307483321,5.782346649117745,20.25092863366288,2.268628302347805,11.646667894104198,0.8302513718323674,0.4055065247239371,0.9334013393671993,0.8990855481172799,0.03431579124991935,7.836173526492221e-07,4.0249613116241026e-07,0.0,7.832895208760798e-08,1.3462842634630613e-07,3.6862778007474814e-08,4.953184956846504e-08,1.563383740911758e-08,0.0007171450218081682,0.0012704445179377445,0.00045659071108914275,0.0001116652006005874,0.003834262564220854,0.005372471243665351,0.0015293507558565283,49.21427492237976,62.77092946289022,22.926979584561728,416756.96573826816,583950.6122864785,166228.79219802795,24.33939245360674,9.232175701567021,60.831528644433654,12.460481434373513,13.556654540510465,39.843949878328495,1.275461836263805,2.737863015552127,3.51290979070164,3.512933015784772,0.10314996753483185,True,3.4375673546849046,1.1689390523370995,0.8165590907949257,0.28769218245638695,0.9045493059249908,0.035215699609073225,0.0,33.42752853245671,22.91371976171011,False,0.5729211850077395,0.6580962682253156,-0.08800816283315271,G12D,matched_theta,3.64e-06,6.324555320336758e-07,10.0,3.1622776601683795,0.00144,4.3783830279284865,0.0003288885396308731
34.06417307483321,5.782346649117745,11.107295649806387,0.8800107924627015,9.621674416488613,0.8302513718323674,0.6739302719779652,0.9741660896764038,0.9446501109812665,0.029515978695137335,7.836173526492221e-07,2.640975586619724e-07,0.0,7.832895208760798e-08,1.3462842634630613e-07,1.6252522690747642e-08,1.877846504636089e-08,8.2416531395911e-09,0.0007171450218081682,0.0012704445179377445,0.00017230882997895875,5.281953722239977e-05,0.005542451016165115,0.007275539721341473,0.002357420413258279,75.15520570279804,85.83324238391394,39.57700166393856,602423.9823149095,790800.8652009305,256232.7441980108,24.33939245360674,3.5302863655548697,60.831528644433654,4.776505168487178,10.678036681115898,46.25624071997538,1.1420798011430144,2.168765666301668,3.086229202234521,3.086259984749715,0.14391471784403642,True,1.8854481992069478,1.0054374067442464,0.8165590907949257,0.44341292595601767,0.9379457471707966,0.04004658608521672,0.0,33.42752853245671,16.44547240799298,False,0.5729211850077395,0.7175426981494185,-0.14319982880208226,G12D,matched_theta,3.64e-06,2e-06,10.0,10.0,0.00144,4.3783830279284865,0.0003288885396308731
34.06417307483321,5.782346649117745,5.782891838716925,0.29399818810126044,8.411769250594604,0.8302513718323674,0.8302353670522724,0.991369284454509,0.9711826864457416,0.02018659800876743,7.836173526492221e-07,2.0726394346730535e-07,0.0,7.832895208760798e-08,1.3462842634630613e-07,5.77058783492246e-09,6.2148977158334084e-09,3.190192429454166e-09,0.0007171450218081682,0.0012704445179377445,5.6986719400683094e-05,1.950461901238071e-05,0.006361609344764015,0.00805125284350747,0.0028048149438502433,88.68208592074616,95.30461854549169,49.64883815319224,691459.9898362196,875115.4488594973,304860.39516707184,24.33939245360674,1.1718843672942298,60.831528644433654,1.587594045692662,6.622532624745531,45.655780392299455,1.0746772311001342,1.9195739938853726,2.8705112475104344,2.87054488786551,0.1611179126221416,True,0.981637956463996,0.6876397683627355,0.8165590907949257,0.5252509690937353,0.9519157984850949,0.039004192358768175,0.0,33.42752853245671,12.944041125668425,False,0.5729211850077395,0.7530611052229164,-0.17443601651017215,G12D,matched_theta,3.64e-06,6.324555320336758e-06,10.0,31.622776601683793,0.00144,4.3783830279284865,0.0003288885396308731
34.06417307483321,5.782346649117745,3.684413161188216,0.09452380869973126,7.927967303084741,0.8302513718323674,0.8918390546838115,0.9972251253981103,0.9816398279112627,0.01558529748684756,7.836173526492221e-07,1.8809382844618334e-07,0.0,7.832895208760798e-08,1.3462842634630613e-07,1.8926662316315486e-09,1.9895076792282017e-09,1.0794543765059919e-09,0.0007171450218081682,0.0012704445179377445,1.8241490694869933e-05,6.495875274457967e-06,0.006657926419252809,0.008312316870905905,0.0029765589347994,93.74594394400567,98.49559500220207,53.682294898672225,723667.2664841724,903491.2793859785,323527.3435123662,24.33939245360674,0.3759270876039997,60.831528644433654,0.5095426955464779,4.749651058196392,44.81330010352984,1.0506651366274935,1.8347873388817857,2.7925927397994217,2.7926272616627976,0.10538607071429873,True,0.6254240797144694,0.5309002710147381,0.8165590907949257,0.5561094164513692,0.9566642675767687,0.03809195981050051,0.0,33.42752853245671,11.599537805375006,False,0.5729211850077395,0.7672637675463795,-0.18654298409954018,G12D,matched_theta,3.64e-06,1.9999999999999998e-05,10.0,100.0,0.00144,4.3783830279284865,0.0003288885396308731
34.06417307483321,5.782346649117745,2.9711852321673438,0.03016119692804846,7.762664429581744,0.8302513718323674,0.9127768278525313,0.9991145771581835,0.9851939861835378,0.013920590974645708,7.836173526492221e-07,1.8192581080237775e-07,0.0,7.832895208760798e-08,1.3462842634630613e-07,6.054091829542116e-10,6.314180355759609e-10,3.488423162774735e-10,0.0007171450218081682,0.0012704445179377445,5.789385798637354e-06,2.0886306023022705e-06,0.006755604811029768,0.008396264051471234,0.0030344287249335473,95.43447957440513,99.52175798674655,55.06005556940825,734284.115858374,912615.7497440093,329817.2386103814,24.33939245360674,0.11986603491497169,60.831528644433654,0.16249856430602877,4.087278412341419,44.4617024173383,1.0428281102445243,1.807512850423666,2.76699992406482,2.7670347177398376,0.08633774930565219,True,0.5043546171923395,0.47419342026429107,0.8165590907949257,0.5664354885722822,0.9581961534023568,0.03772962157771109,0.0,33.42752853245671,11.14589781620937,False,0.5729211850077395,0.7721164575893714,-0.1906323734100217,G12D,matched_theta,3.64e-06,6.324555320336758e-05,10.0,316.2277660168379,0.00144,4.3783830279284865,0.0003288885396308731
34.06417307483321,5.782346649117745,2.740380606989306,0.009685367408298633,7.709080870404907,0.8302513718323674,0.9195524106524131,0.9997156729039914,0.9863441320688541,0.013371540835137363,7.836173526492221e-07,1.7996529335645512e-07,0.0,7.832895208760798e-08,1.3462842634630613e-07,1.9213970930380348e-10,1.9989532703175133e-10,1.1107627387085263e-10,0.0007171450218081682,0.0012704445179377445,1.8328178972226526e-06,6.6398205372011e-07,0.006786896867486295,0.008422942219550167,0.0030531032697372245,95.97741211825888,99.847867637656,55.506576841074555,737685.3082993135,915515.47968002,331846.98337380355,24.33939245360674,0.03848380986959226,60.831528644433654,0.05217379776402546,3.8704555193971117,44.34129079658144,1.0403267334883766,1.7988475117739404,2.758813402428774,2.7588482811330928,0.08016326225157833,True,0.46517584869361933,0.4554904812853207,0.8165590907949257,0.5697600152532303,0.9586834866728857,0.037607100651210534,0.0,33.42752853245671,10.999412300913585,False,0.5729211850077395,0.7736894756414793,-0.1919530632309694,G12D,matched_theta,3.64e-06,0.00019999999999999998,10.0,1000.0,0.00144,4.3783830279284865,0.0003288885396308731
34.06417307483321,2.4287895779565374,34.057469056632925,2.427849507788715,7.343132785223497,0.9286995879036635,0.00019680554656509308,0.928727184938406,0.9287136202202364,1.3564718169600809e-05,8.569960755623104e-07,8.567203952290709e-07,0.0,7.832895208760798e-08,1.4005404249467525e-07,7.830422151849626e-08,1.3999535881517684e-07,1.0598345136009985e-08,0.0007171450218081682,0.0013275348164095817,0.001326959202881764,0.00010195197878576072,2.4079621969855505e-06,3.6416786342720115e-06,4.4616121817602964e-07,0.028136195948897987,0.0411756676003571,0.005032491851302387,261.7289015499425,395.82567780778896,48.494689960018846,26.51503807350123,26.504552283514215,60.831528644433654,29.953833831005376,0.013039471651459116,0.036143175749054714,1.4634411728984933,8.181964087969863,8.162248276889036,8.162247828249342,2.75970347425325e-05,True,2.4283115786961575,0.0004620709074423246,0.9221058661111413,0.00015762733430513265,0.922130486798998,1.2342443173829487e-05,0.0,41.2022485333281,41.19773644467581,False,0.7844221810338734,0.7844323779974967,-3.2229946865691694e-05,G12D,matched_theta,1.15106906830129e-05,2e-10,31.622776601683793,0.001,0.00144,4.3783830279284865,0.0003288885396308731
34.06417307483321,2.4287895779565374,34.04297942967678,2.425818231231876,7.342381831942102,0.9286995879036635,0.0006221681973571647,0.9287868158166421,0.9287439487525283,4.286706411382735e-05,8.569960755623104e-07,8.561247925275811e-07,0.0,7.832895208760798e-08,1.4005404249467525e-07,7.825078897415895e-08,1.398685703063465e-07,1.0597117622424795e-08,0.0007171450218081682,0.0013275348164095817,0.0013257155999379822,0.00010190912491976167,7.61015103297593e-06,1.1509466272336301e-05,1.410318319528463e-06,0.08893082444494314,0.13013949914297396,0.01591238610655912,827.1709860796749,1251.0006315729288,153.29200838633264,26.51503807350123,26.48189547944949,60.831528644433654,29.9282704615795,0.041208674698030814,0.11422711303641483,1.4633789797320838,8.178503102644687,8.160899644404015,8.160899219352043,8.722791297866017e-05,True,2.4272784623230605,0.0014602310911846494,0.9221058661111413,0.0004982570828926391,0.9221836808171482,3.9003402080961536e-05,0.0,41.2022485333281,41.18798257020477,False,0.7844221810338734,0.7844544232495492,-0.00010188344734052279,G12D,matched_theta,1.15106906830129e-05,6.324555320336758e-10,31.622776601683793,0.0031622776601683794,0.00144,4.3783830279284865,0.0003288885396308731
34.06417307483321,2.4287895779565374,33.9972147056811,2.4194075256114993,7.340008362422973,0.9286995879036635,0.001965653738460249,0.9289750107746203,0.9288397398252544,0.00013527094936593986,8.569960755623104e-07,8.542455108020985e-07,0.0,7.832895208760798e-08,1.4005404249467525e-07,7.808220157519993e-08,1.3946854596192546e-07,1.059323152866584e-08,0.0007171450218081682,0.0013275348164095817,0.0013217924824346387,0.00010177372132424692,2.4020550288826822e-05,3.633086180624306e-05,4.45414877008139e-06,0.28078820126999415,0.4108437957132808,0.050301858402284176,2610.868301637576,3948.9173551557,484.1356643769649,26.51503807350123,26.410395815009057,60.831528644433654,29.847597927053087,0.13005559444328663,0.3605419373109966,1.4631804109113211,8.16756694012372,8.156634113857674,8.156633864678343,0.0002754228709568318,True,2.424015418642696,0.004607893031196575,0.9221058661111413,0.0015735761499731105,0.9223515340032066,0.00012309554075495832,0.0,41.2022485333281,41.1571614952396,False,0.7844221810338734,0.784524099666291,-0.00032183271336228003,G12D,matched_theta,1.15106906830129e-05,2e-09,31.622776601683793,0.01,0.00144,4.3783830279284865,0.0003288885396308731
34.06417307483321,2.4287895779565374,33.85305058768519,2.3992625315443163,7.332515505959082,0.9286995879036635,0.0061977869441954825,0.929566394397024,0.9291414926668699,0.0004249017301541924,8.569960755623104e-07,8.483442768026987e-07,0.0,7.832895208760798e-08,1.4005404249467525e-07,7.755286367782949e-08,1.3821269103778096e-07,1.0580895202983037e-08,0.0007171450218081682,0.0013275348164095817,0.001309481256574011,0.00010134665362036339,7.551356137848383e-05,0.00011423756279854706,1.4028687577173274e-05,0.8835927099191969,1.2922841654277197,0.1588925066065546,8207.80361008352,12416.845310439106,1524.8227824725454,26.51503807350123,26.1857668144152,60.831528644433654,29.594146569630173,0.4086914555085228,1.1333916588211652,1.46253375669645,8.133071804497611,8.143139703562026,8.143139945944947,0.0008668064933605724,True,2.4137364576200833,0.014473926075766919,0.9221058661111413,0.004955572911258255,0.9228787393314971,0.0003868631605102868,0.0,41.2022485333281,41.059945801073496,False,0.7844221810338734,0.7847440626299429,-0.0010142237957768696,G12D,matched_theta,1.15106906830129e-05,6.324555320336758e-09,31.622776601683793,0.03162277660168379,0.00144,4.3783830279284865,0.0003288885396308731
34.06417307483321,2.4287895779565374,33.40272006915595,2.336827606680596,7.308951561494647,0.9286995879036635,0.01941785007445096,0.931399256293497,0.9300840886159967,0.001315167677500284,8.569960755623104e-07,8.300956022656543e-07,0.0,7.832895208760798e-08,1.4005404249467525e-07,7.591610847261896e-08,1.3433179666656746e-07,1.0541365822245678e-08,0.0007171450218081682,0.0013275348164095817,0.00127148641895882,0.00010000744670829295,0.00023441275837416179,0.00035480705997014247,4.380101587381251e-05,2.7514199292816413,4.017918663219312,0.5006790334036341,25479.049151462576,38565.11081312882,4760.871081212889,26.51503807350123,25.49007500318715,60.831528644433654,28.809149931210797,1.266498733937671,3.5172396298156783,1.4603073200346908,8.024938923256595,8.100429930491005,8.100431655314617,0.0026996683898334872,True,2.3816277060693904,0.04480009938879448,0.9221058661111413,0.015467310614378893,0.9245102003290858,0.0011995214540475585,0.0,41.2022485333281,40.75506597858795,False,0.7844221810338734,0.7854358141781947,-0.003172424623740011,G12D,matched_theta,1.15106906830129e-05,2e-08,31.622776601683793,0.1,0.00144,4.3783830279284865,0.0003288885396308731
34.06417307483321,2.4287895779565374,32.03381327274278,2.1518671387164865,7.23586132868928,0.9286995879036635,0.05960396565711623,0.9368290216824228,0.9329493752175917,0.003879646464831077,8.569960755623104e-07,7.763978269849252e-07,0.0,7.832895208760798e-08,1.4005404249467525e-07,7.109104936535851e-08,1.2293431500692752e-07,1.0409810219406184e-08,0.0007171450218081682,0.0013275348164095817,0.0011603430669082436,9.588935919272509e-05,0.0006998673887788331,0.0010596963406340003,0.00013303316630996226,8.292772299167678,12.038127257206938,1.5645041189110287,76070.7384682043,115181.76637181621,14459.786480506627,26.51503807350123,23.433523532994915,60.831528644433654,26.488246267188,3.7453549580392593,10.47362313829591,1.4516408774922194,7.69453215986805,7.965655257463751,7.965661631801674,0.008129433778759299,True,2.2840240873636573,0.13215694864717076,0.9221058661111413,0.04692736393673114,0.9293210885150172,0.00355985603433695,0.0,41.2022485333281,39.81876146923779,False,0.7844221810338734,0.7875814770905103,-0.009689996861456107,G12D,matched_theta,1.15106906830129e-05,6.324555320336758e-08,31.622776601683793,0.31622776601683794,0.00144,4.3783830279284865,0.0003288885396308731
34.06417307483321,2.4287895779565374,28.231146158421637,1.6809290951684412,7.022335659429915,0.9286995879036635,0.17123641614893748,0.9506540466584724,0.9409088149409826,0.009745231717489866,8.569960755623104e-07,6.421094809747352e-07,0.0,7.832895208760798e-08,1.4005404249467525e-07,5.875745142857092e-08,9.4563829700824e-08,9.912223668206004e-09,0.0007171450218081682,0.0013275348164095817,0.0008866031257314867,8.41284978068816e-05,0.0018666417225765032,0.0028033306455489924,0.0003708762079870742,22.7075387179831,32.10300116899275,4.722074183640029,202890.9002182779,304702.86992991203,40311.60421448996,26.51503807350123,18.227010769498648,60.831528644433654,20.610045990337614,9.39546245100965,27.38092698535272,1.4137596138311974,6.798495728893024,7.558669402828596,7.558688766357428,0.021954458754808948,True,2.0128923550473683,0.33196325987892705,0.9221058661111413,0.1304023798653201,0.9414202467123265,0.009156800164530132,0.0,41.2022485333281,37.183311837662444,False,0.7844221810338734,0.7938498127048899,-0.027487141449947572,G12D,matched_theta,1.15106906830129e-05,2e-07,31.622776601683793,1.0,0.00144,4.3783830279284865,0.0003288885396308731
34.06417307483321,2.4287895779565374,20.25092863366288,0.9169460070602399,6.540500400515418,0.9286995879036635,0.4055065247239371,0.973081806358667,0.9576123702242334,0.015469436134433634,8.569960755623104e-07,4.312874757275677e-07,0.0,7.832895208760798e-08,1.4005404249467525e-07,3.6862778007474814e-08,5.0385158717611794e-08,8.021293494604035e-09,0.0007171450218081682,0.0013275348164095817,0.0004684250684768864,5.8611344746093934e-05,0.003834262564220854,0.005488073324607794,0.0008263561939289958,49.21427492237976,63.634706864302125,12.193666693182557,416756.96573826816,596515.8680434942,89818.67376632516,26.51503807350123,9.872503244794057,60.831528644433654,11.169979989065023,14.420431941922367,51.44104017111957,1.2930131951484833,5.218668712658851,6.641292659179068,6.641334624862164,0.044382218455003564,True,1.443899556913667,0.5269535498534271,0.9221058661111413,0.28769218245638695,0.960618436509107,0.0161030370189299,0.0,41.2022485333281,31.911035536424905,False,0.7844221810338734,0.8079947402173231,-0.06384565299307043,G12D,matched_theta,1.15106906830129e-05,6.324555320336758e-07,31.622776601683793,3.1622776601683795,0.00144,4.3783830279284865,0.0003288885396308731
34.06417307483321,2.4287895779565374,11.107295649806387,0.34941202690624956,5.954343380865199,0.9286995879036635,0.6739302719779652,0.9897425360616079,0.9767510940198886,0.012991442041719314,8.569960755623104e-07,2.793079070238724e-07,0.0,7.832895208760798e-08,1.4005404249467525e-07,1.6252522690747642e-08,1.889416977462041e-08,4.46583497262443e-09,0.0007171450218081682,0.0013275348164095817,0.00017511351268045672,2.871733427854538e-05,0.005542451016165115,0.007386508444780279,0.0012997695802471226,75.15520570279804,86.31645962912661,21.841236874736783,602423.9823149095,802862.57801632,141274.55344794822,26.51503807350123,3.7414742569614896,60.831528644433654,4.235418243334106,11.16125392632857,64.47522275438983,1.1485093922896819,3.9519950323402573,5.68293685052692,5.682994979786859,0.06104294815794442,True,0.7919547571070402,0.44254273020079066,0.9221058661111413,0.44341292595601767,0.9746205696350247,0.017975437701414743,0.0,41.2022485333281,26.827060693024706,False,0.7844221810338734,0.825202174502093,-0.10450442470003862,G12D,matched_theta,1.15106906830129e-05,2e-06,31.622776601683793,10.0,0.00144,4.3783830279284865,0.0003288885396308731
34.06417307483321,2.4287895779565374,5.782891838716925,0.11587470884774292,5.595462948840959,0.9286995879036635,0.8302353670522724,0.9965983407671989,0.9878957117114437,0.00870262905575514,8.569960755623104e-07,2.1754717086221637e-07,0.0,7.832895208760798e-08,1.4005404249467525e-07,5.77058783492246e-09,6.226992401675877e-09,1.784374235640314e-09,0.0007171450218081682,0.0013275348164095817,5.7699036800459684e-05,1.0827292186541177e-05,0.006361609344764015,0.00814994314681314,0.001565106330080966,88.68208592074616,95.4844888283122,27.963551248842627,691459.9898362196,885842.6165476686,170114.17364152469,26.51503807350123,1.2378884339184826,60.831528644433654,1.4016716810272274,6.802402907566034,67.52093757946957,1.0767054905953073,3.4146052473311723,5.207277608027773,5.207341619954443,0.06789875286353542,True,0.41232257120905685,0.29644786236131393,0.9221058661111413,0.5252509690937353,0.9803515819366949,0.017331746513713497,0.0,41.2022485333281,24.312017224404283,False,0.7844221810338734,0.8357375963142074,-0.1276649143773364,G12D,matched_theta,1.15106906830129e-05,6.324555320336758e-06,31.622776601683793,31.622776601683793,0.00144,4.3783830279284865,0.0003288885396308731
34.06417307483321,2.4287895779565374,3.684413161188216,0.03712964085265361,5.4497660805176285,0.9286995879036635,0.8918390546838115,0.9989100090358546,0.9922880800262265,0.0066219290096281025,8.569960755623104e-07,1.967883852592873e-07,0.0,7.832895208760798e-08,1.4005404249467525e-07,1.8926662316315486e-09,1.9907338654719115e-09,6.115395225040418e-10,0.0007171450218081682,0.0013275348164095817,1.8447393276916293e-05,3.6362771541886475e-06,0.006657926419252809,0.008405587207062375,0.0016691144553827445,93.74594394400567,98.555702347897,30.483300657361937,723667.2664841724,913629.34633786,181418.85690978557,26.51503807350123,0.39633915676935844,60.831528644433654,0.44882082612443674,4.809758403891323,68.07240169053506,1.0513063093883206,3.233104690849647,5.035956150253872,5.0360219543891285,0.07021042113219111,True,0.26270017672588425,0.22557053587323064,0.9221058661111413,0.5561094164513692,0.9822833600658063,0.016859832612746928,0.0,41.2022485333281,23.392437162893224,False,0.7844221810338734,0.84001472548459,-0.1366681738268316,G12D,matched_theta,1.15106906830129e-05,1.9999999999999998e-05,31.622776601683793,100.0,0.00144,4.3783830279284865,0.0003288885396308731
34.06417307483321,2.4287895779565374,2.9711852321673438,0.011797968974767764,5.399670145183509,0.9286995879036635,0.9127768278525313,0.999653654619801,0.9937809518815359,0.005872702738265123,8.569960755623104e-07,1.9011586198935556e-07,0.0,7.832895208760798e-08,1.4005404249467525e-07,6.054091829542116e-10,6.315443947995089e-10,1.9849704087892193e-10,0.0007171450218081682,0.0013275348164095817,5.8525225957200045e-06,1.17254043719652e-06,0.006755604811029768,0.00848766137111966,0.001704453080504074,95.43447957440513,99.5416117633966,31.353527684210633,734284.115858374,922550.2366835715,185259.82264333268,26.51503807350123,0.12590486328432246,60.831528644433654,0.14258116199000384,4.107132188991471,68.18808407918597,1.0430361459223902,3.174813780636394,4.979697868016128,4.979764222595045,0.07095406671613758,True,0.21184673146807612,0.20004876249330836,0.9221058661111413,0.5664354885722822,0.982904890001107,0.016677022103715133,0.0,41.2022485333281,23.08805411935676,False,0.7844221810338734,0.84148535960872,-0.1397112591764219,G12D,matched_theta,1.15106906830129e-05,6.324555320336758e-05,31.622776601683793,316.2277660168379,0.00144,4.3783830279284865,0.0003288885396308731
34.06417307483321,2.4287895779565374,2.740380606989306,0.0037467442523628396,5.383395730711164,0.9286995879036635,0.9195524106524131,0.9998900092409662,0.9942640537273602,0.005625955513606007,8.569960755623104e-07,1.8799560895181489e-07,0.0,7.832895208760798e-08,1.4005404249467525e-07,1.9213970930380348e-10,1.9990913290008188e-10,6.329428362027347e-11,0.0007171450218081682,0.0013275348164095817,1.8525849418924472e-06,3.73101676055478e-07,0.006786896867486295,0.008513731345479692,0.0017158892752061857,95.97741211825888,99.85475700345633,31.636629008803926,737685.3082993135,925383.861422517,186502.82574468842,26.51503807350123,0.039981382232036504,60.831528644433654,0.04527738861246573,3.877344885197445,68.2181279946524,1.0403985146048735,3.1563020502490478,4.961702056478359,4.9617685830096425,0.07119042133730269,True,0.19539026657914815,0.1916435223267853,0.9221058661111413,0.5697600152532303,0.9831024477317966,0.0166156187080021,0.0,41.2022485333281,22.99040425735326,False,0.7844221810338734,0.8419631171176604,-0.14069416702970428,G12D,matched_theta,1.15106906830129e-05,0.00019999999999999998,31.622776601683793,1000.0,0.00144,4.3783830279284865,0.0003288885396308731
34.06417307483321,2.3678594983966117,34.057469056632925,2.366942110900365,7.187180053288939,0.9304882730253036,0.00019680554656509308,0.9305152041794588,0.9305019533187235,1.3250860735225523e-05,8.583527295745254e-07,8.580765280723604e-07,0.0,7.832895208760798e-08,1.4014759183651544e-07,7.830422151849626e-08,1.4008884678586417e-07,1.0355825217185644e-08,0.0007171450218081682,0.0013285363233769684,0.0013279601060208843,9.989574558257706e-05,2.4079621969855505e-06,3.6433622495796453e-06,4.376019441982522e-07,0.028136195948897987,0.04119183798501442,0.0049230034838781776,261.7289015499425,396.0086691235086,47.56435793861985,26.555617727326077,26.54511335227652,60.831528644433654,29.907067343140184,0.013055642036116432,0.03626883450113624,1.4640158911257435,8.367216907302463,8.325745115814769,8.325744029479889,2.6931154155196424e-05,True,2.3673934905138387,0.00045137961347352373,0.9240429503903166,0.00015762733430513265,0.924066981644989,1.2058347420795812e-05,0.0,41.44288348325688,41.43839964400226,False,0.7890008012239008,0.7890105819536577,-3.1745082883061215e-05,G12D,matched_theta,3.64e-05,2e-10,100.0,0.001,0.00144,4.3783830279284865,0.0003288885396308731
34.06417307483321,2.3678594983966117,34.04297942967678,2.3649598615384457,7.186459779347236,0.9304882730253036,0.0006221681973571647,0.930573395797895,0.9305315210111706,4.187478672434963e-05,8.583527295745254e-07,8.574797749782979e-07,0.0,7.832895208760798e-08,1.4014759183651544e-07,7.825078897415895e-08,1.3996192534381969e-07,1.0354652451322333e-08,0.0007171450218081682,0.0013285363233769684,0.0013267152174879873,9.985397234848605e-05,7.61015103297593e-06,1.1514787447287279e-05,1.3832649539269704e-06,0.08893082444494314,0.13019059987791082,0.015566227829288369,827.1709860796749,1251.5790137088516,150.35150054970032,26.555617727326077,26.522416545339215,60.831528644433654,29.881535517626272,0.041259775432967674,0.11462437204862244,1.4639535919124589,8.363657612215654,8.32435421326752,8.32435332625848,8.512277259142831e-05,True,2.366386291520897,0.0014264299824513493,0.9240429503903166,0.0004982570828926391,0.9241189042071978,3.810767891754274e-05,0.0,41.44288348325688,41.42870972828945,False,0.7890008012239008,0.7890317265720849,-0.00010035164296229304,G12D,matched_theta,3.64e-05,6.324555320336758e-10,100.0,0.0031622776601683794,0.00144,4.3783830279284865,0.0003288885396308731
34.06417307483321,2.3678594983966117,33.9972147056811,2.358703894243103,7.18418324643644,0.9304882730253036,0.001965653738460249,0.9307570482024786,0.9306249090112982,0.00013213919118038042,8.583527295745254e-07,8.555968373540986e-07,0.0,7.832895208760798e-08,1.4014759183651544e-07,7.808220157519993e-08,1.3956148175511893e-07,1.03509396937539e-08,0.0007171450218081682,0.0013285363233769684,0.0013227880632419272,9.972198053733228e-05,2.4020550288826822e-05,3.634766118286336e-05,4.3687326571850974e-06,0.28078820126999415,0.41100504397830545,0.0492079528770236,2610.868301637576,3950.7433459931244,474.8515417170342,26.555617727326077,26.45079056951897,60.831528644433654,29.800962478520262,0.1302168427083113,0.36179709110128183,1.4637546809992215,8.352410940675686,8.319955473375938,8.319954762508463,0.0002687751771750513,True,2.363205106521438,0.00450121227833522,0.9240429503903166,0.0015735761499731105,0.9242827469742898,0.00012027238228506931,0.0,41.44288348325688,41.39808996959807,False,0.7890008012239008,0.7890985572832192,-0.00031699530456796854,G12D,matched_theta,3.64e-05,2e-09,100.0,0.01,0.00144,4.3783830279284865,0.0003288885396308731
34.06417307483321,2.3678594983966117,33.85305058768519,2.3390452683382623,7.176996192750351,0.9304882730253036,0.0061977869441954825,0.931334153827842,0.9309190918992158,0.0004150619286261703,8.583527295745254e-07,8.496841372821937e-07,0.0,7.832895208760798e-08,1.4014759183651544e-07,7.755286367782949e-08,1.3830431174024103e-07,1.0339152416131143e-08,0.0007171450218081682,0.0013285363233769684,0.0013104641458387485,9.930565473769916e-05,7.551356137848383e-05,0.00011429040740113008,1.3759913800045135e-05,0.8835927099191969,1.2927906033149403,0.15544071685482808,8207.80361008352,12422.589189815513,1495.6089949973368,26.555617727326077,26.225764388722514,60.831528644433654,29.54782354557957,0.4091978933957434,1.1373498864601124,1.463106914308023,8.316936704057573,8.30604094342184,8.30604070406626,0.0008458808025384457,True,2.3531840097117587,0.014138741373496355,0.9240429503903166,0.004955572911258255,0.9247973511347236,0.0003779900469421671,0.0,41.44288348325688,41.301507620278656,False,0.7890008012239008,0.7893095429915851,-0.0009989863117260134,G12D,matched_theta,3.64e-05,6.324555320336758e-09,100.0,0.03162277660168379,0.00144,4.3783830279284865,0.0003288885396308731
34.06417307483321,2.3678594983966117,33.40272006915595,2.2781190482252223,7.154391791887988,0.9304882730253036,0.01941785007445096,0.9331227256501844,0.9318380413181144,0.001284684332069963,8.583527295745254e-07,8.313999212627663e-07,0.0,7.832895208760798e-08,1.4014759183651544e-07,7.591610847261896e-08,1.3441936099513472e-07,1.0301368375272057e-08,0.0007171450218081682,0.0013285363233769684,0.0012724300977921558,9.7999936613614e-05,0.00023441275837416179,0.00035497131431003925,4.2964251047231645e-05,2.7514199292816413,4.0194850137167935,0.48983834271456245,25479.049151462576,38582.96423938578,4669.9207431773,26.555617727326077,25.52884121684614,60.831528644433654,28.76379539582892,1.2680650844351522,3.529646671002231,1.460876608088765,8.20573781840312,8.262015644583462,8.262016929463961,0.002634452624880823,True,2.32188075765938,0.04376170943415758,0.9240429503903166,0.015467310614378893,0.9263897877024365,0.0011719860324551634,0.0,41.44288348325688,40.99863402333946,False,0.7890008012239008,0.7899731258360212,-0.0031248261955432177,G12D,matched_theta,3.64e-05,2e-08,100.0,0.1,0.00144,4.3783830279284865,0.0003288885396308731
34.06417307483321,2.3678594983966117,32.03381327274278,2.097640207864112,7.084257196387007,0.9304882730253036,0.05960396565711623,0.938420926782636,0.9346314476126703,0.003789479169965748,8.583527295745254e-07,7.775968239322071e-07,0.0,7.832895208760798e-08,1.4014759183651544e-07,7.109104936535851e-08,1.2301007296525324e-07,1.0175429483009879e-08,0.0007171450218081682,0.0013285363233769684,0.0011611721271380993,9.398300749737621e-05,0.0006998673887788331,0.001060185890489718,0.00013051305266442213,8.292772299167678,12.042720590891431,1.5309841400753754,76070.7384682043,115234.97734672076,14185.868376878656,26.555617727326077,23.468643702577506,60.831528644433654,26.44576856530691,3.7499482917237525,10.511736450816056,1.452194773525872,7.865999572208846,8.123217324597332,8.123223357587372,0.00793265375733243,True,2.226725682173302,0.12908547430919004,0.9240429503903166,0.04692736393673114,0.9310853373465219,0.0034779228456113254,0.0,41.44288348325688,40.06866532026843,False,0.7890008012239008,0.7920320220066961,-0.00954516821473439,G12D,matched_theta,3.64e-05,6.324555320336758e-08,100.0,0.31622776601683794,0.00144,4.3783830279284865,0.0003288885396308731
34.06417307483321,2.3678594983966117,28.231146158421637,1.6382083537021628,6.879206758157768,0.9304882730253036,0.17123641614893748,0.9519081719640369,0.9423912120327741,0.00951695993126278,8.583527295745254e-07,6.430432486943908e-07,0.0,7.832895208760798e-08,1.4014759183651544e-07,5.875745142857092e-08,9.46116689656811e-08,9.696276148378196e-09,0.0007171450218081682,0.0013285363233769684,0.000887157298548282,8.249733330193541e-05,0.0018666417225765032,0.002804574882804646,0.0003639954221649789,22.7075387179831,32.114026334240606,4.623956109346853,202890.9002182779,304838.1106766644,39563.714143302204,26.555617727326077,18.25299363406969,60.831528644433654,20.57509737535708,9.406487616257508,27.490070224893753,1.4142451426850633,6.945140822017189,7.704972953021063,7.704992245483375,0.021419898938733306,True,1.9623957239469518,0.32418737024478905,0.9240429503903166,0.1304023798653201,0.942892387390142,0.008944456963174585,0.0,41.44288348325688,37.452621764573195,False,0.7890008012239008,0.7980515557196907,-0.027079992112926665,G12D,matched_theta,3.64e-05,2e-07,100.0,1.0,0.00144,4.3783830279284865,0.0003288885396308731
34.06417307483321,2.3678594983966117,20.25092863366288,0.8932760816307092,6.415910997134037,0.9304882730253036,0.4055065247239371,0.9737766691218855,0.958675731858372,0.01510093726351358,8.583527295745254e-07,4.318213468445581e-07,0.0,7.832895208760798e-08,1.4014759183651544e-07,3.6862778007474814e-08,5.039911352940157e-08,7.857957357342545e-09,0.0007171450218081682,0.0013285363233769684,0.0004686269766395846,5.752598403887673e-05,0.003834262564220854,0.005490043491653113,0.0008115468072017598,49.21427492237976,63.64878394553858,11.95475601735471,416756.96573826816,596730.0132183274,88209.0099168452,26.555617727326077,9.885034361405795,60.831528644433654,11.148923860969349,14.434509023158824,51.69402792818387,1.293299231694966,5.324139100215822,6.764912932850989,6.76495534618137,0.04328839609658197,True,1.4076770221672334,0.5144009405365243,0.9240429503903166,0.28769218245638695,0.9616188768275681,0.015723677062093766,0.0,41.44288348325688,32.227724627729145,False,0.7890008012239008,0.8116522311274261,-0.06291012191170575,G12D,matched_theta,3.64e-05,6.324555320336758e-07,100.0,3.1622776601683795,0.00144,4.3783830279284865,0.0003288885396308731
34.06417307483321,2.3678594983966117,11.107295649806387,0.3402860584766702,5.8516440916678025,0.9304882730253036,0.6739302719779652,0.9900104412419136,0.9773343300910187,0.012676111150894953,8.583527295745254e-07,2.7958481907094465e-07,0.0,7.832895208760798e-08,1.4014759183651544e-07,1.6252522690747642e-08,1.889600065729061e-08,4.381356071147729e-09,0.0007171450218081682,0.0013285363233769684,0.00017516130500316578,2.821106525281544e-05,0.005542451016165115,0.007388400472826673,0.0012772410383966248,75.15520570279804,86.32410182964276,21.43692928858664,602423.9823149095,803068.231651079,138825.8867693996,26.555617727326077,3.7458251100135445,60.831528644433654,4.226860087466989,11.168896126844714,64.88717254105612,1.1486110778674763,4.026887464502813,5.784656341845739,5.784715303025845,0.05952216821661005,True,0.7720873026365792,0.431801244159909,0.9240429503903166,0.44341292595601767,0.9752685763464487,0.01754528834171598,0.0,41.44288348325688,27.203034483383767,False,0.7890008012239008,0.8282170514219519,-0.10298249722025832,G12D,matched_theta,3.64e-05,2e-06,100.0,10.0,0.00144,4.3783830279284865,0.0003288885396308731
34.06417307483321,2.3678594983966117,5.782891838716925,0.11283473929545874,5.505868921673017,0.9304882730253036,0.8302353670522724,0.9966875831963518,0.9881993671845779,0.008488216011773853,8.583527295745254e-07,2.177278272980063e-07,0.0,7.832895208760798e-08,1.4014759183651544e-07,5.77058783492246e-09,6.227180590999638e-09,1.7521033654930807e-09,0.0007171450218081682,0.0013285363233769684,5.7711288572585997e-05,1.064200291440027e-05,0.006361609344764015,0.008151641035681882,0.0015384979239100314,88.68208592074616,95.48728738318012,27.462214518896523,691459.9898362196,886027.1689411894,167222.06457213618,26.555617727326077,1.2392925053578816,60.831528644433654,1.398778869638813,6.805201462433956,68.0250728642836,1.0767370477563605,3.4770425129945766,5.298441362185794,5.298506337714635,0.06619931017104819,True,0.40197879861709457,0.28914405932163584,0.9240429503903166,0.5252509690937353,0.980853123571632,0.016913659264328196,0.0,41.44288348325688,24.72320209945664,False,0.7890008012239008,0.8383677504932365,-0.12581204797427448,G12D,matched_theta,3.64e-05,6.324555320336758e-06,100.0,31.622776601683793,0.00144,4.3783830279284865,0.0003288885396308731
34.06417307483321,2.3678594983966117,3.684413161188216,0.03615387771979581,5.36542710297337,0.9304882730253036,0.8918390546838115,0.9989386538859942,0.9924815458998559,0.0064571079861383,8.583527295745254e-07,1.9693742241518933e-07,0.0,7.832895208760798e-08,1.4014759183651544e-07,1.8926662316315486e-09,1.990752748660891e-09,6.006837930016197e-10,0.0007171450218081682,0.0013285363233769684,1.8450955421939133e-05,3.574803090673668e-06,0.006657926419252809,0.00840720091570802,0.001640959642401856,93.74594394400567,98.55662799100823,29.943796641214224,723667.2664841724,913804.7492314401,178358.6684402233,26.555617727326077,0.39678307904712024,60.831528644433654,0.4478856900555821,4.810684047002553,68.612831349794,1.051316183342033,3.291387166828279,5.123344108208832,5.123410918139371,0.06845038086069066,True,0.25610992172249686,0.21995604400270105,0.9240429503903166,0.5561094164513692,0.9827352591063614,0.016451878182236035,0.0,41.44288348325688,23.817577417211197,False,0.7890008012239008,0.8424906105547774,-0.13468751664464151,G12D,matched_theta,3.64e-05,1.9999999999999998e-05,100.0,100.0,0.00144,4.3783830279284865,0.0003288885396308731
34.06417307483321,2.3678594983966117,2.9711852321673438,0.01148746079603137,5.317129104109105,0.9304882730253036,0.9127768278525313,0.9996627700085132,0.9939369666718182,0.0057258033366950345,8.583527295745254e-07,1.9025478001117083e-07,0.0,7.832895208760798e-08,1.4014759183651544e-07,6.054091829542116e-10,6.315463078234579e-10,1.9499615375210404e-10,0.0007171450218081682,0.0013285363233769684,5.853617369427731e-06,1.1528011483224268e-06,0.006755604811029768,0.008489246208335183,0.0016757799279785055,95.43447957440513,99.54191233979314,30.80108412965811,734284.115858374,922722.5015212009,182143.29573170314,26.555617727326077,0.12604215421816134,60.831528644433654,0.14227961281080695,4.107432765388012,68.74082821013504,1.043039295480054,3.2317665157748476,5.065847887661339,5.06591526091836,0.06917449698320965,True,0.2065322166496672,0.19504475585363584,0.9240429503903166,0.5664354885722822,0.9833407901675816,0.016273071271095008,0.0,41.44288348325688,23.517948178206325,False,0.7890008012239008,0.8439084638153912,-0.13768751674678315,G12D,matched_theta,3.64e-05,6.324555320336758e-05,100.0,316.2277660168379,0.00144,4.3783830279284865,0.0003288885396308731
34.06417307483321,2.3678594983966117,2.740380606989306,0.0036477907129188044,5.301437825303273,0.9304882730253036,0.9195524106524131,0.9998929141563218,0.994407949133498,0.005484965022823807,8.583527295745254e-07,1.8813131158157126e-07,0.0,7.832895208760798e-08,1.4014759183651544e-07,1.9213970930380348e-10,1.9990933284187022e-10,6.218031575642188e-11,0.0007171450218081682,0.0013285363233769684,1.852927964447566e-06,3.668292618484979e-07,0.006786896867486295,0.008515306842750897,0.0016870491592979222,95.97741211825888,99.85485677876791,31.080002312039593,737685.3082993135,925555.1111243921,183368.15154544916,26.555617727326077,0.04002135272407335,60.831528644433654,0.04517750817945128,3.8774446605090276,68.77485446672831,1.0403995541756368,3.212832990687607,5.047456261615165,5.047523811107331,0.06940464113101819,True,0.1904885885597969,0.1868407978468781,0.9240429503903166,0.5697600152532303,0.9835332601059844,0.01621301997146407,0.0,41.44288348325688,23.42183765020652,False,0.7890008012239008,0.8443691025859658,-0.13865652051822486,G12D,matched_theta,3.64e-05,0.00019999999999999998,100.0,1000.0,0.00144,4.3783830279284865,0.0003288885396308731
34.06417307483321,2.364510735988165,34.057469056632925,2.363594602700394,7.178592439768721,0.9305865804875482,0.00019680554656509308,0.9306134748227125,0.9306002414335143,1.3233389198230583e-05,8.584277668258793e-07,8.581515361161252e-07,0.0,7.832895208760798e-08,1.4015272338382893e-07,7.830422151849626e-08,1.400939747572245e-07,1.0342495256687379e-08,0.0007171450218081682,0.001328591570681992,0.0013280153203771002,9.978241703882203e-05,2.4079621969855505e-06,3.6434553579419825e-06,4.3712966816831245e-07,0.028136195948897987,0.04119272470177601,0.004916978243650015,261.7289015499425,396.01879545109495,47.513024856943105,26.55785160276677,26.54734629738514,60.831528644433654,29.904502119137597,0.013056528752878025,0.036275746458126,1.464047406287324,8.377650390252176,8.3349532718953,8.334952292418075,2.6894335164340255e-05,True,2.364045387160408,0.00045078446001411976,0.9241498464125073,0.00015762733430513265,0.9241738453018794,1.2042831855518799e-05,0.0,41.456337696734096,41.451857163449034,False,0.7892529249768903,0.7892626829954577,-3.171817471947502e-05,G12D,matched_theta,0.00011510690683012899,2e-10,316.2277660168379,0.001,0.00144,4.3783830279284865,0.0003288885396308731
34.06417307483321,2.364510735988165,34.04297942967678,2.3616150462167473,7.17787383298434,0.9305865804875482,0.0006221681973571647,0.9306715873880549,0.9306297673096386,4.182007841624369e-05,8.584277668258793e-07,8.575547098593524e-07,0.0,7.832895208760798e-08,1.4015272338382893e-07,7.825078897415895e-08,1.3996704607663833e-07,1.034132549384352e-08,0.0007171450218081682,0.001328591570681992,0.0013267703687264239,9.974070269186425e-05,7.61015103297593e-06,1.1515081837167626e-05,1.3817722188386512e-06,0.08893082444494314,0.13019340198987572,0.015547178289020691,827.1709860796749,1251.611012223819,150.18925081755083,26.55785160276677,26.524647267218455,60.831528644433654,29.878971998914047,0.04126257754493258,0.11464622370085503,1.463985100806955,8.3740856102369,8.333560105040899,8.333559195553015,8.500690050672333e-05,True,2.3630396126059217,0.0014245663891743199,0.9241498464125073,0.0004982570828926391,0.9242256988050465,3.805951627566806e-05,0.0,41.456337696734096,41.442170405402685,False,0.7892529249768903,0.7892837786722205,-0.00010026643243510325,G12D,matched_theta,0.00011510690683012899,6.324555320336758e-10,316.2277660168379,0.0031622776601683794,0.00144,4.3783830279284865,0.0003288885396308731
34.06417307483321,2.364510735988165,33.9972147056811,2.3553675810889363,7.175602578900662,0.9305865804875482,0.001965653738460249,0.9308549901999795,0.9307230232351121,0.00013196696486739157,8.584277668258793e-07,8.55671577240098e-07,0.0,7.832895208760798e-08,1.4015272338382893e-07,7.808220157519993e-08,1.3956657953835117e-07,1.0337621993446377e-08,0.0007171450218081682,0.001328591570681992,0.0013228429873003047,9.960889778670033e-05,2.4020550288826822e-05,3.634859058292472e-05,4.364019572051539e-06,0.28078820126999415,0.4110138863339285,0.04914775287136282,2610.868301637576,3950.844349623911,474.33926434018275,26.55785160276677,26.453014329737226,60.831528644433654,29.7984043969482,0.13022568506393434,0.3618661334625657,1.4637861721928793,8.362821539566585,8.329153887327122,8.329153090709516,0.00026840971243136114,True,2.359862926620339,0.004495345531402517,0.9241498464125073,0.0015735761499731105,0.9243893206989973,0.00012011829383284933,0.0,41.456337696734096,41.41156164811046,False,0.7892529249768903,0.7893504544162255,-0.0003167263365534412,G12D,matched_theta,0.00011510690683012899,2e-09,316.2277660168379,0.01,0.00144,4.3783830279284865,0.0003288885396308731
34.06417307483321,2.364510735988165,33.85305058768519,2.3357356862011462,7.1684321562177855,0.9305865804875482,0.0061977869441954825,0.9314313111000836,0.9310167900727544,0.0004145210273291955,8.584277668258793e-07,8.497582474070878e-07,0.0,7.832895208760798e-08,1.4015272338382893e-07,7.755286367782949e-08,1.383093373320205e-07,1.0325864705228964e-08,0.0007171450218081682,0.001328591570681992,0.0013105183696546284,9.91931615987401e-05,7.551356137848383e-05,0.00011429333094801053,1.3745083140103534e-05,0.8835927099191969,1.2928183744469093,0.1552507546233619,8207.80361008352,12422.906904109215,1493.9970066489127,26.55785160276677,26.22796634115574,60.831528644433654,29.545282634318344,0.40922566452771236,1.1375676198235474,1.463138344096496,8.327292048166107,8.315215687167507,8.315215391210339,0.000844730612535427,True,2.3498560022192465,0.014120316018100265,0.9241498464125073,0.004955572911258255,0.9249032322122995,0.00037750483335929896,0.0,41.456337696734096,41.31501545017402,False,0.7892529249768903,0.7895609518989363,-0.000998138548059635,G12D,matched_theta,0.00011510690683012899,6.324555320336758e-09,316.2277660168379,0.03162277660168379,0.00144,4.3783830279284865,0.0003288885396308731
34.06417307483321,2.364510735988165,33.40272006915595,2.274892385444612,7.145879963724804,0.9305865804875482,0.01941785007445096,0.9332174487122568,0.9319344398607959,0.0012830088514608207,8.584277668258793e-07,8.314720722033449e-07,0.0,7.832895208760798e-08,1.4015272338382893e-07,7.591610847261896e-08,1.3442416401738707e-07,1.028817544725742e-08,0.0007171450218081682,0.001328591570681992,0.0012724821632834195,9.788928046035791e-05,0.00023441275837416179,0.00035498040128970515,4.291807597582574e-05,2.7514199292816413,4.019570906234812,0.4892417058778453,25479.049151462576,38583.95192955108,4664.90184548164,26.55785160276677,25.530975507045035,60.831528644433654,28.761307659546933,1.2681509769531711,3.530329200356967,1.4609078256128893,8.215920388517379,8.271116382049682,8.271117637110194,0.0026308682247085935,True,2.3185970210173155,0.04370463557270332,0.9241498464125073,0.015467310614378893,0.9264935242266971,0.0011704799285036094,0.0,41.456337696734096,41.01225555420246,False,0.7892529249768903,0.7902230020958818,-0.003122177987436303,G12D,matched_theta,0.00011510690683012899,2e-08,316.2277660168379,0.1,0.00144,4.3783830279284865,0.0003288885396308731
34.06417307483321,2.364510735988165,32.03381327274278,2.0946598694839484,7.0759062062479785,0.9305865804875482,0.05960396565711623,0.9385084186578568,0.9347238955603113,0.0037845230975455113,8.584277668258793e-07,7.776631744327343e-07,0.0,7.832895208760798e-08,1.4015272338382893e-07,7.109104936535851e-08,1.2301422807817526e-07,1.0162542046267156e-08,0.0007171450218081682,0.001328591570681992,0.0011612178787535152,9.387790306777877e-05,0.0006998673887788331,0.001060212976610012,0.0001303739579383628,8.292772299167678,12.042972460083996,1.5291388739977996,76070.7384682043,115237.9214381192,14170.749810825802,26.55785160276677,23.47057768045173,60.831528644433654,26.443438842122,3.750200160916318,10.513833586086196,1.4522251456600002,7.8756564657850205,8.132091664435404,8.13209766430868,0.00792183817030867,True,2.2235765192844434,0.128916649800495,0.9241498464125073,0.04692736393673114,0.9311827347670844,0.003473440592519861,0.0,41.456337696734096,40.082646740970546,False,0.7892529249768903,0.7922771766482217,-0.00953710975068367,G12D,matched_theta,0.00011510690683012899,6.324555320336758e-08,316.2277660168379,0.31622776601683794,0.00144,4.3783830279284865,0.0003288885396308731
34.06417307483321,2.364510735988165,28.231146158421637,1.6358604670724395,6.87131725977793,0.9305865804875482,0.17123641614893748,0.9519770973603636,0.9424726856775032,0.009504411682860425,8.584277668258793e-07,6.430949886178068e-07,0.0,7.832895208760798e-08,1.4015272338382893e-07,5.875745142857092e-08,9.461429220500182e-08,9.68439331221973e-09,0.0007171450218081682,0.001328591570681992,0.0008871879037470307,8.240734642940452e-05,0.0018666417225765032,0.00280464375668425,0.00036361545609166354,22.7075387179831,32.114630791597115,4.6185511424948364,202890.9002182779,304845.5971652421,39522.414662923,26.55785160276677,18.254425382730787,60.831528644433654,20.573181084012862,9.407092073614017,27.496079649102278,1.4142717619221377,6.953399410502039,7.713213807878478,7.713233104940465,0.021390516872815457,True,1.9596203916118622,0.3237599245394227,0.9241498464125073,0.1304023798653201,0.9429737287361439,0.008932841782677614,0.0,41.456337696734096,37.467702828687486,False,0.7892529249768903,0.7982831626447291,-0.027057336172989777,G12D,matched_theta,0.00011510690683012899,2e-07,316.2277660168379,1.0,0.00144,4.3783830279284865,0.0003288885396308731
34.06417307483321,2.364510735988165,20.25092863366288,0.8919753384117123,6.409032150017797,0.9305865804875482,0.4055065247239371,0.9738148542032066,0.9587341750032472,0.015080679199959368,8.584277668258793e-07,4.318510292462181e-07,0.0,7.832895208760798e-08,1.4015272338382893e-07,3.6862778007474814e-08,5.0399878229413436e-08,7.848955357637558e-09,0.0007171450218081682,0.001328591570681992,0.00046863816145912077,5.746603928803817e-05,0.003834262564220854,0.005490152819359046,0.0008107283055205396,49.21427492237976,63.64955530315502,11.94157796697462,416756.96573826816,596741.8966486772,88120.04523811242,26.55785160276677,9.885726094759336,60.831528644433654,11.147770062212754,14.43528038077526,51.7079773361804,1.2933149051477937,5.330079113428972,6.771877559935465,6.771919998862902,0.043228273715658405,True,1.4056862047651657,0.5137108663534534,0.9241498464125073,0.28769218245638695,0.961674289824864,0.015702947187118843,0.0,41.456337696734096,32.24548119853625,False,0.7892529249768903,0.8118541690139303,-0.06285806995131615,G12D,matched_theta,0.00011510690683012899,6.324555320336758e-07,316.2277660168379,3.1622776601683795,0.00144,4.3783830279284865,0.0003288885396308731
34.06417307483321,2.364510735988165,11.107295649806387,0.33978460057863613,5.845959930098896,0.9305865804875482,0.6739302719779652,0.9900251622186105,0.9773663851784954,0.012658777040115088,8.584277668258793e-07,2.796003034983339e-07,0.0,7.832895208760798e-08,1.4015272338382893e-07,1.6252522690747642e-08,1.8896100900531083e-08,4.3766922317523274e-09,0.0007171450218081682,0.001328591570681992,0.00017516396817867164,2.8183070157653868e-05,0.005542451016165115,0.007388505998612315,0.0012759948450401467,75.15520570279804,86.32452024587974,21.414598885350063,602423.9823149095,803079.7016677887,138690.4358551065,26.55785160276677,3.74606584885681,60.831528644433654,4.226391520888118,11.169314543081697,64.90992136052968,1.1486166452294848,4.031106102339147,5.790388595480454,5.790447601641304,0.05943858173106231,True,0.7709953725888431,0.43121077201020697,0.9241498464125073,0.44341292595601767,0.9753046184012769,0.017521833452326052,0.0,41.456337696734096,27.22412084975923,False,0.7892529249768903,0.8283839176939268,-0.10289784087184839,G12D,matched_theta,0.00011510690683012899,2e-06,316.2277660168379,10.0,0.00144,4.3783830279284865,0.0003288885396308731
34.06417307483321,2.364510735988165,5.782891838716925,0.11266769957602825,5.500900639887606,0.9305865804875482,0.8302353670522724,0.9966924868738626,0.988216056314822,0.00847643055904057,8.584277668258793e-07,2.177379929822434e-07,0.0,7.832895208760798e-08,1.4015272338382893e-07,5.77058783492246e-09,6.22719089279501e-09,1.7503199677620815e-09,0.0007171450218081682,0.001328591570681992,5.771197426482786e-05,1.0631749740851717e-05,0.006361609344764015,0.008151736092535552,0.0015370253262170838,88.68208592074616,95.48744058175411,27.434504274666722,691459.9898362196,886037.5012952315,167062.00562843782,26.55785160276677,1.2393702488831906,60.831528644433654,1.3986205110633971,6.805354661007954,68.05293630708739,1.0767387752594115,3.480560086880378,5.303579552978837,5.3036445837114226,0.06610590638631442,True,0.40141029719599086,0.2887425976199626,0.9241498464125073,0.5252509690937353,0.9808811151925185,0.016890902102272065,0.0,41.456337696734096,24.7462577278599,False,0.7892529249768903,0.838513601143258,-0.1257089990206366,G12D,matched_theta,0.00011510690683012899,6.324555320336758e-06,316.2277660168379,31.622776601683793,0.00144,4.3783830279284865,0.0003288885396308731
34.06417307483321,2.364510735988165,3.684413161188216,0.036100266410013265,5.3607460241963665,0.9305865804875482,0.8918390546838115,0.9989402277187029,0.9924921789279041,0.006448048790798855,8.584277668258793e-07,1.9694583565513237e-07,0.0,7.832895208760798e-08,1.4015272338382893e-07,1.8926662316315486e-09,1.990753781252452e-09,6.000836217665437e-10,0.0007171450218081682,0.001328591570681992,1.8451155212975515e-05,3.5714003970380867e-06,0.006657926419252809,0.008407291434036433,0.0016394011569159797,93.74594394400567,98.55667860623318,29.913967850396734,723667.2664841724,913814.5881761982,178189.2743227006,26.55785160276677,0.39680771387752795,60.831528644433654,0.4478345556729079,4.810734662227503,68.64271075583645,1.0513167232611254,3.294670874125649,5.128269794473074,5.12833666139344,0.06835364723115478,True,0.2557477164147549,0.21964745000474165,0.9241498464125073,0.5561094164513692,0.982760522581179,0.016429691519384226,0.0,41.456337696734096,23.84141252508727,False,0.7892529249768903,0.8426280299709693,-0.1345773671719095,G12D,matched_theta,0.00011510690683012899,1.9999999999999998e-05,316.2277660168379,100.0,0.00144,4.3783830279284865,0.0003288885396308731
34.06417307483321,2.364510735988165,2.9711852321673438,0.011470399077685106,5.312546312739134,0.9305865804875482,0.9127768278525313,0.9996632708783951,0.993945541360521,0.005717729517874082,8.584277668258793e-07,1.9026263217949192e-07,0.0,7.832895208760798e-08,1.4015272338382893e-07,6.054091829542116e-10,6.315464126187172e-10,1.948025758701551e-10,0.0007171450218081682,0.001328591570681992,5.85367881961437e-06,1.1517084394242753e-06,0.006755604811029768,0.008489335169101447,0.00167419264410282,95.43447957440513,99.5419288002981,30.77053678119512,734284.115858374,922732.1711424219,181970.7715204222,26.55785160276677,0.12604975360701812,60.831528644433654,0.1422630990116098,4.107449225892964,68.77139201910298,1.043039467959697,3.234975376221952,5.070703899580673,5.070771330102679,0.06907669039084696,True,0.2062401269696303,0.1947697278919452,0.9241498464125073,0.5664354885722822,0.9833651744390882,0.016251109220966842,0.0,41.456337696734096,23.542048292321706,False,0.7892529249768903,0.8440429978714478,-0.13757497372423588,G12D,matched_theta,0.00011510690683012899,6.324555320336758e-05,316.2277660168379,316.2277660168379,0.00144,4.3783830279284865,0.0003288885396308731
34.06417307483321,2.364510735988165,2.740380606989306,0.003642356821419365,5.29688690482721,0.9305865804875482,0.9195524106524131,0.9998930736755764,0.9944158577318505,0.005477215943725966,8.584277668258793e-07,1.881389847043283e-07,0.0,7.832895208760798e-08,1.4015272338382893e-07,1.9213970930380348e-10,1.9990934377193524e-10,6.211871724247899e-11,0.0007171450218081682,0.001328591570681992,1.8529472238892156e-06,3.66482028413715e-07,0.006786896867486295,0.008515395302033317,0.0016854525973477655,95.97741211825888,99.85486223085134,31.04922262953253,737685.3082993135,925564.7262544011,183194.61889641258,26.55785160276677,0.040023574160353195,60.831528644433654,0.04517205034440029,3.877450112592456,68.8056396013188,1.0403996109815385,3.216018108481537,5.052289999394332,5.0523576065177,0.06930649318802828,True,0.1902191886967368,0.18657683187531743,0.9241498464125073,0.5697600152532303,0.9835573648651388,0.016191133787661793,0.0,41.456337696734096,23.446023717169876,False,0.7892529249768903,0.844502701028707,-0.1385432048236288,G12D,matched_theta,0.00011510690683012899,0.00019999999999999998,316.2277660168379,1000.0,0.00144,4.3783830279284865,0.0003288885396308731
34.06417307483321,2.36372011357337,34.057469056632925,2.3628042784025483,7.176564436440859,0.9306097902808127,0.00019680554656509308,0.9306366758643496,0.9306234466589628,1.3229205386822152e-05,8.58445476195335e-07,8.581692447169809e-07,0.0,7.832895208760798e-08,1.4015393461118657e-07,7.830422151849626e-08,1.4009518525760407e-07,1.0339347710056666e-08,0.0007171450218081682,0.0013286046194722443,0.0013280283566895624,9.97556601172823e-05,2.4079621969855505e-06,3.6434773441283284e-06,4.3701815574249093e-07,0.028136195948897987,0.04119293401289837,0.004915555409000267,261.7289015499425,396.0211859718154,47.50090425349475,26.558379129920105,26.547873552207193,60.831528644433654,29.903896579744057,0.013056738064000383,0.036277378603898104,1.4640548454991755,8.380117928784827,8.337130382919868,8.337129412492798,2.68855835369175e-05,True,2.3632549203444895,0.0004506419419412211,0.9241750906890545,0.00015762733430513265,0.9241990813757094,1.203860832632575e-05,0.0,41.45951890075227,41.455038187707984,False,0.789312465119965,0.7893222177836179,-3.1711811803614154e-05,G12D,matched_theta,0.00036399999999999996,2e-10,1000.0,0.001,0.00144,4.3783830279284865,0.0003288885396308731
34.06417307483321,2.36372011357337,34.04297942967678,2.3608253556600163,7.175846223033743,0.9306097902808127,0.0006221681973571647,0.9306947698253621,0.930652962662508,4.18071628541794e-05,8.58445476195335e-07,8.575723987650594e-07,0.0,7.832895208760798e-08,1.4015393461118657e-07,7.825078897415895e-08,1.3996825492043324e-07,1.0338178654856048e-08,0.0007171450218081682,0.0013286046194722443,0.0013267833919517649,9.971396016556774e-05,7.61015103297593e-06,1.1515151377663858e-05,1.3814197651707405e-06,0.08893082444494314,0.13019406348187695,0.015542679898855298,827.1709860796749,1251.618565153619,150.15094153189534,26.558379129920105,26.52517397204659,60.831528644433654,29.878366833666142,0.04126323903693381,0.11465138358302165,1.4639925390827764,8.376551812758212,8.335736658756009,8.335735709574275,8.497954454944612e-05,True,2.3622494820912494,0.0014241264312331303,0.9241750906890545,0.0004982570828926391,0.9242509187941873,3.804780700900068e-05,0.0,41.45951890075227,41.44535175075017,False,0.789312465119965,0.7893433019122575,-0.00010024629148941422,G12D,matched_theta,0.00036399999999999996,6.324555320336758e-10,1000.0,0.0031622776601683794,0.00144,4.3783830279284865,0.0003288885396308731
34.06417307483321,2.36372011357337,33.9972147056811,2.35457989968605,7.1735762135262195,0.9306097902808127,0.001965653738460249,0.9308781136558507,0.9307461874059597,0.0001319262498910012,8.58445476195335e-07,8.556892172406086e-07,0.0,7.832895208760798e-08,1.4015393461118657e-07,7.808220157519993e-08,1.3956778291627853e-07,1.0334477367404225e-08,0.0007171450218081682,0.0013286046194722443,0.0013228559591124793,9.958219938322852e-05,2.4020550288826822e-05,3.6348810092018204e-05,4.362906753521071e-06,0.28078820126999415,0.4110159736130019,0.049133536898341025,2610.868301637576,3950.8682053830703,474.21830744565716,26.558379129920105,26.453539411318882,60.831528644433654,29.797800538663726,0.13022777234300775,0.36188243671466086,1.4637936058352616,8.365283664870454,8.331328663552803,8.33132787863914,0.0002683233750380154,True,2.359073858295452,0.00449395860940216,0.9241750906890545,0.0015735761499731105,0.9244144887985462,0.00012008184062606286,0.0,41.45951890075227,41.41474596530708,False,0.789312465119965,0.7894099411200416,-0.0003166627405073452,G12D,matched_theta,0.00036399999999999996,2e-09,1000.0,0.01,0.00144,4.3783830279284865,0.0003288885396308731
34.06417307483321,2.36372011357337,33.85305058768519,2.3349543137986974,7.166409719253011,0.9306097902808127,0.0061977869441954825,0.9314542493466904,0.9310398560166653,0.00041439333002513123,8.58445476195335e-07,8.497757456715619e-07,0.0,7.832895208760798e-08,1.4015393461118657e-07,7.755286367782949e-08,1.3831052376178233e-07,1.0322727055900919e-08,0.0007171450218081682,0.0013286046194722443,0.0013105311707029342,9.916660230424587e-05,7.551356137848383e-05,0.0001142940210302132,1.3741581420778743e-05,0.8835927099191969,1.29282493063721,0.15520589502617546,8207.80361008352,12422.98193547401,1493.6163956287378,26.558379129920105,26.228486229981726,60.831528644433654,29.544682782169133,0.409232220718013,1.1376190356110345,1.4631457640199823,8.329741150741569,8.317384843158473,8.317384551904679,0.0008444590658777118,True,2.349070279913732,0.014115966115034517,0.9241750906890545,0.004955572911258255,0.9249282361990329,0.0003773896433985069,0.0,41.45951890075227,41.31820753394243,False,0.789312465119965,0.7896203232789587,-0.0009979382939905301,G12D,matched_theta,0.00036399999999999996,6.324555320336758e-09,1000.0,0.03162277660168379,0.00144,4.3783830279284865,0.0003288885396308731
34.06417307483321,2.36372011357337,33.40272006915595,2.2741305923046125,7.143869845052328,0.9306097902808127,0.01941785007445096,0.9332398121830601,0.9319571989697746,0.0012826132132854884,8.58445476195335e-07,8.314891062189399e-07,0.0,7.832895208760798e-08,1.4015393461118657e-07,7.591610847261896e-08,1.3442529784305764e-07,1.0285060204015926e-08,0.0007171450218081682,0.0013286046194722443,0.0012724944560164736,9.786315485043116e-05,0.00023441275837416179,0.000354982546724163,4.290717342312742e-05,2.7514199292816413,4.019591182162259,0.4891008043376293,25479.049151462576,38584.185147580494,4663.716812551648,26.558379129920105,25.531479449226918,60.831528644433654,28.760720392451567,1.2681712528806175,3.5304903778246293,1.4609151948723873,8.218328709571106,8.273268043632621,8.273269303946014,0.0026300219022473703,True,2.317821750790038,0.043691158485425596,0.9241750906890545,0.015467310614378893,0.9265180219373433,0.0011701238236693223,0.0,41.45951890075227,41.01547503428722,False,0.789312465119965,0.7902820118557272,-0.003121552229093938,G12D,matched_theta,0.00036399999999999996,2e-08,1000.0,0.1,0.00144,4.3783830279284865,0.0003288885396308731
34.06417307483321,2.36372011357337,32.03381327274278,2.0939562366364197,7.073934049340588,0.9306097902808127,0.05960396565711623,0.9385290747543951,0.9347457219578552,0.0037833527965398517,8.58445476195335e-07,7.776788377351887e-07,0.0,7.832895208760798e-08,1.4015393461118657e-07,7.109104936535851e-08,1.2301520891991294e-07,1.0159498817249768e-08,0.0007171450218081682,0.0013286046194722443,0.0011612286816113336,9.385308821892362e-05,0.0006998673887788331,0.0010602193724767936,0.00013034111594249317,8.292772299167678,12.043031914669085,1.5287031010128382,76070.7384682043,115238.61662127991,14167.180106034873,26.558379129920105,23.47103434190596,60.831528644433654,26.442888896522145,3.750259615501406,10.514328813656245,1.452232315106229,7.877940397118319,8.134189774349984,8.134195779172106,0.007919284473582366,True,2.222833021100908,0.12887678446448847,0.9241750906890545,0.04692736393673114,0.9312057358696126,0.003472382065853763,0.0,41.45951890075227,40.085951567238254,False,0.789312465119965,0.7923350719889676,-0.0095352057243695,G12D,matched_theta,0.00036399999999999996,6.324555320336758e-08,1000.0,0.31622776601683794,0.00144,4.3783830279284865,0.0003288885396308731
34.06417307483321,2.36372011357337,28.231146158421637,1.6353061627340229,6.869454031951932,0.9306097902808127,0.17123641614893748,0.9519933697159907,0.9424919211089496,0.009501448607041052,8.58445476195335e-07,6.431072012321116e-07,0.0,7.832895208760798e-08,1.4015393461118657e-07,5.875745142857092e-08,9.461491136876495e-08,9.681586996768092e-09,0.0007171450218081682,0.0013286046194722443,0.0008871951310546741,8.238610031907684e-05,0.0018666417225765032,0.002804660022383366,0.0003635257401391283,22.7075387179831,32.11477345825207,4.617274586921654,202890.9002182779,304847.36502558907,39512.66317201991,26.558379129920105,18.25476350378969,60.831528644433654,20.57272878853017,9.407234740268969,27.497498871330414,1.4142780447102778,6.955352741900294,7.715162126648773,7.715181426734621,0.02138357943517799,True,1.9589651525459018,0.3236589898118789,0.9241750906890545,0.1304023798653201,0.9429929389522855,0.008930099636011546,0.0,41.45951890075227,37.471268260526315,False,0.789312465119965,0.7983378602245559,-0.02705198329552061,G12D,matched_theta,0.00036399999999999996,2e-07,1000.0,1.0,0.00144,4.3783830279284865,0.0003288885396308731
34.06417307483321,2.36372011357337,20.25092863366288,0.8916682575202708,6.407407402390955,0.9306097902808127,0.4055065247239371,0.973823868979252,0.9587479730739057,0.015075895905346304,8.58445476195335e-07,4.31858040814801e-07,0.0,7.832895208760798e-08,1.4015393461118657e-07,3.6862778007474814e-08,5.0400058731434576e-08,7.846829647904062e-09,0.0007171450218081682,0.0013286046194722443,0.00046864080120096575,5.745188637160709e-05,0.003834262564220854,0.005490178623401488,0.0008105350502297118,49.21427492237976,63.649737375388234,11.938465928958992,416756.96573826816,596744.7011544467,88099.03983020569,26.558379129920105,9.885889442250345,60.831528644433654,11.147497717446507,14.435462453008476,51.711271446429244,1.293318604729541,5.331483773052771,6.773524009659458,6.7735664577566315,0.043214078698439296,True,1.4052161848981561,0.5135479273778853,0.9241750906890545,0.28769218245638695,0.961687377632808,0.01569805329953,0.0,41.45951890075227,32.2496786372666,False,0.789312465119965,0.8119018656840732,-0.06284576950774812,G12D,matched_theta,0.00036399999999999996,6.324555320336758e-07,1000.0,3.1622776601683795,0.00144,4.3783830279284865,0.0003288885396308731
34.06417307483321,2.36372011357337,11.107295649806387,0.3396662173324648,5.844617135006205,0.9306097902808127,0.6739302719779652,0.9900286375193587,0.9773739531894725,0.012654684329886146,8.58445476195335e-07,2.796039702862872e-07,0.0,7.832895208760798e-08,1.4015393461118657e-07,1.6252522690747642e-08,1.889612456894245e-08,4.375590847726965e-09,0.0007171450218081682,0.0013286046194722443,0.00017516459605901842,2.8176460292046654e-05,0.005542451016165115,0.007388530878256562,0.00127570060322418,75.15520570279804,86.32461903776304,21.409325325454866,602423.9823149095,803082.4057665089,138658.45416955082,26.558379129920105,3.7461226675001598,60.831528644433654,4.226280888125991,11.169413334965,64.91529371230817,1.1486179597343469,4.032103661628533,5.791743658020493,5.791802674970716,0.05941884723854596,True,0.7707375745530862,0.4310713572206214,0.9241750906890545,0.44341292595601767,0.9753131322661734,0.01751629667920307,0.0,41.45951890075227,27.22910521004454,False,0.789312465119965,0.8284233372650329,-0.1028778355390011,G12D,matched_theta,0.00036399999999999996,2e-06,1000.0,10.0,0.00144,4.3783830279284865,0.0003288885396308731
34.06417307483321,2.36372011357337,5.782891838716925,0.11262826634873871,5.499726778952444,0.9306097902808127,0.8302353670522724,0.9966936444897307,0.9882199965168562,0.008473647972874532,8.58445476195335e-07,2.177403950653605e-07,0.0,7.832895208760798e-08,1.4015393461118657e-07,5.77058783492246e-09,6.227193324420827e-09,1.7498988142246143e-09,0.0007171450218081682,0.0013286046194722443,5.771213610227755e-05,1.0629328877212157e-05,0.006361609344764015,0.008151758527974364,0.0015366776305814431,88.68208592074616,95.4874767266626,27.427960364267005,691459.9898362196,886039.9399219332,167024.21404714684,26.558379129920105,1.2393886228440842,60.831528644433654,1.398583148237336,6.805390805916446,68.0595163623956,1.076739182837877,3.4813918154506,5.3047941648567685,5.304859208448817,0.06608385420891805,True,0.40127607747194793,0.28864781112320925,0.9241750906890545,0.5252509690937353,0.9808877292293193,0.016885531443246116,0.0,41.45951890075227,24.75170776439126,False,0.789312465119965,0.8385480614230536,-0.12568464655137568,G12D,matched_theta,0.00036399999999999996,6.324555320336758e-06,1000.0,31.622776601683793,0.00144,4.3783830279284865,0.0003288885396308731
34.06417307483321,2.36372011357337,3.684413161188216,0.03608760902662506,5.359639944375515,0.9306097902808127,0.8918390546838115,0.9989405992933589,0.992494689321084,0.006445909972274899,8.58445476195335e-07,1.9694782138966404e-07,0.0,7.832895208760798e-08,1.4015393461118657e-07,1.8926662316315486e-09,1.9907540252633185e-09,5.999418884406137e-10,0.0007171450218081682,0.0013286046194722443,1.8451202386449864e-05,3.570596985814905e-06,0.006657926419252809,0.008407312806735276,0.0016390331814656865,93.74594394400567,98.55669056764093,29.90692361348185,723667.2664841724,913816.911276882,178149.2785281423,26.558379129920105,0.3968135185402124,60.831528644433654,0.44782247157751104,4.810746623635254,68.64976695415908,1.0513168508549948,3.2954472964652304,5.129434169976433,5.129501050056321,0.06833080901254618,True,0.2556622019469893,0.21957459292036424,0.9241750906890545,0.5561094164513692,0.9827664927218368,0.01642445596339459,0.0,41.45951890075227,23.84704662290104,False,0.789312465119965,0.8426605004442264,-0.13455133661681162,G12D,matched_theta,0.00036399999999999996,1.9999999999999998e-05,1000.0,100.0,0.00144,4.3783830279284865,0.0003288885396308731
34.06417307483321,2.36372011357337,2.9711852321673438,0.01146637471819312,5.31146342379276,0.9306097902808127,0.9127768278525313,0.999663389018926,0.9939475657923144,0.005715823226611683,8.58445476195335e-07,1.9026448667046258e-07,0.0,7.832895208760798e-08,1.4015393461118657e-07,6.054091829542116e-10,6.315464370525144e-10,1.9475686121999977e-10,0.0007171450218081682,0.0013286046194722443,5.8536933256550044e-06,1.1514504389366964e-06,0.006755604811029768,0.008489356169346164,0.0016738178687810182,95.43447957440513,99.54193264278786,30.76332282116734,734284.115858374,922734.4538030409,181930.03663916403,26.558379129920105,0.1260515862677631,60.831528644433654,0.14225924407830917,4.107453068382725,68.77860982162052,1.0430395082228154,3.235734098733183,5.071851799221536,5.071919243512119,0.06905359873811334,True,0.2061711663746447,0.19470479165645158,0.9241750906890545,0.5664354885722822,0.9833709369100688,0.01624592666951996,0.0,41.45951890075227,23.547745269378353,False,0.789312465119965,0.8440747875451321,-0.1375483773307009,G12D,matched_theta,0.00036399999999999996,6.324555320336758e-05,1000.0,316.2277660168379,0.00144,4.3783830279284865,0.0003288885396308731
34.06417307483321,2.36372011357337,2.740380606989306,0.0036410709580658508,5.295811545609339,0.9306097902808127,0.9195524106524131,0.9998931114238392,0.9944177249037678,0.005475386520071401,8.58445476195335e-07,1.8814080006760962e-07,0.0,7.832895208760798e-08,1.4015393461118657e-07,1.9213970930380348e-10,1.9990934641555926e-10,6.210417036521335e-11,0.0007171450218081682,0.0013286046194722443,1.8529517679060361e-06,3.6640004279239736e-07,0.006786896867486295,0.008515416172870965,0.001685075631472974,95.97741211825888,99.85486355063831,31.04195381075056,737685.3082993135,925566.9948256323,183153.64593434607,26.558379129920105,0.040024070280602356,60.831528644433654,0.04517072916674493,3.8774514323794307,68.81290973988776,1.0403996247325549,3.2167712174114578,5.053432625707957,5.053500246221767,0.06928332114302649,True,0.19015558502938534,0.1865145140713195,0.9241750906890545,0.5697600152532303,0.9835630610585324,0.016185968883898783,0.0,41.45951890075227,23.451740662293997,False,0.789312465119965,0.8445342696569988,-0.13851642605631675,G12D,matched_theta,0.00036399999999999996,0.00019999999999999998,1000.0,1000.0,0.00144,4.3783830279284865,0.0003288885396308731
54.33556472291671,54.330115005693834,54.33271390380691,54.32726423237777,54.32780811358306,0.00010029742491246552,5.246690863214276e-05,0.00015276349074977436,0.00015275907124877934,4.419500995012484e-09,4.1119455657736746e-11,4.1116200745750135e-11,0.0,1.972552221237827e-08,1.972335524900611e-08,1.9723186055611538e-08,1.9721020070474082e-08,1.9718002226655345e-08,0.00019158525850059184,0.00019156491217650772,0.00019153078835183114,0.00019150286372682517,8.037373322689171e-07,8.036595867111042e-07,8.035528748532554e-07,0.008976379055841366,0.008975481758266268,0.008974231526382104,87.36080103713391,87.3523506214718,87.34075178624288,0.018710070110270326,0.01870842261544852,90.13675041653846,90.13002611231623,-8.972975750979467e-07,1.250231884164163e-06,0.9999000379140056,1.0001393135312466,1.0001328000448861,1.0001327998098448,5.246606583730884e-05,True,54.32726447251385,2.4013608168615974e-07,9.891372920800556e-05,4.7388952540083906e-05,0.0001463003668019658,2.3724718953180117e-09,0.0,0.012318234034423807,0.012318144092537474,False,9.02961283608672e-05,0.00014275381829931266,-4.481134980742268e-09,G12V,matched_theta,1.3099999999999999e-10,2e-10,0.001,0.001,0.00011,0.8741447571006196,0.00012583728164755018
54.33556472291671,54.330115005693834,54.32655067482839,54.32110130257897,54.32164601028681,0.00010029742491246552,0.0001658959124523074,0.00026618698842084676,0.0002661766984319504,1.0289988896334742e-08,4.1119455657736746e-11,4.1109166227760334e-11,0.0,1.972552221237827e-08,1.972335524900611e-08,1.9718137125338538e-08,1.9715972556529466e-08,1.9712956085914607e-08,0.00019158525850059184,0.00019156491217650772,0.0001914570407493515,0.00019142913148025023,2.5407399177515066e-06,2.540494230753781e-06,2.5401569442207477e-06,0.02837918860133156,0.028376352812774085,0.028372400859737735,276.16120954116985,276.1345051583525,276.09784433654926,0.018710070110270326,0.018704859965264616,90.13675041653846,90.11314912112124,-2.8357885574759045e-06,3.951953036349792e-06,0.9999000750656647,1.0001392886367244,1.000132781769174,1.0001327819921642,0.00010029107596853937,True,54.321101861691325,5.591123581893953e-07,9.891372920800556e-05,0.00014981826449245172,0.0002487245282980499,7.353680837060648e-09,0.0,0.012318234034423807,0.01231794823387124,False,9.02961283608672e-05,0.0002561621048915441,-1.4956163025116407e-08,G12V,matched_theta,1.3099999999999999e-10,6.324555320336758e-10,0.001,0.0031622776601683794,0.00011,0.8741447571006196,0.00012583728164755018
54.33556472291671,54.330115005693834,54.30707082173702,54.30162240276394,54.30216989748935,0.00010029742491246552,0.0005244060924919358,0.0006246796242177499,0.000624650920823716,2.8703394033889433e-08,4.1119455657736746e-11,4.1086950983425215e-11,0.0,1.972552221237827e-08,1.972335524900611e-08,1.970218903693694e-08,1.9700028337349705e-08,1.9697015649203313e-08,0.00019158525850059184,0.00019156491217650772,0.00019122415243693342,0.0001911962880683803,8.02552939207709e-06,8.024753956646278e-06,8.023688882328957e-06,0.08967679894990084,0.08966784612912237,0.08965536281480682,872.3206455283156,872.2363610412858,872.1205947721835,0.018710070110270326,0.018693604228080994,90.13675041653846,90.05983012551192,-8.952820778465598e-06,1.2483314315553384e-05,0.9999001656963306,1.0001392366716684,1.0001327412282481,1.0001327411252483,0.0001002735317258141,True,54.30162396237906,1.5596151214936071e-06,9.891372920800556e-05,0.00047337953429049673,0.0005722716627840629,2.5223020628075202e-08,0.0,0.012318234034423807,0.01231732883988774,False,9.02961283608672e-05,0.0006146034479931339,-5.142101982820273e-08,G12V,matched_theta,1.3099999999999999e-10,2e-09,0.001,0.01,0.00011,0.8741447571006196,0.00012583728164755018
54.33556472291671,54.330115005693834,54.24556996404546,54.240124444301344,54.24068063369513,0.00010029742491246552,0.0016562772344443921,0.0017564974083191798,0.0017564085390153017,8.886930387809813e-08,4.1119455657736746e-11,4.1016997538515416e-11,0.0,1.972552221237827e-08,1.972335524900611e-08,1.9651935447367375e-08,1.9649787647164263e-08,1.9646787489250792e-08,0.00019158525850059184,0.00019156491217650772,0.00019049093128104008,0.00019046321226004045,2.52893477221235e-05,2.5286910809678948e-05,2.528355837051133e-05,0.28292432894082403,0.28289617377615894,0.2828568442730509,2748.780604250908,2748.515728885803,2748.1513414515143,0.018710070110270326,0.01865809990829699,90.13675041653846,89.89172336607068,-2.815516466508905e-05,3.932950310803207e-05,0.9999004851764763,1.0001390438446314,1.000132593645186,1.000132593656249,0.00010022017387478765,True,54.24012927306516,4.828763813691239e-06,9.891372920800556e-05,0.0014931110987231877,0.0015919562280601873,7.90893158906722e-08,0.0,0.012318234034423807,0.01231535723971234,False,9.02961283608672e-05,0.0017462612140950462,-1.6259328845065132e-07,G12V,matched_theta,1.3099999999999999e-10,6.324555320336758e-09,0.001,0.03162277660168379,0.00011,0.8741447571006196,0.00012583728164755018
54.33556472291671,54.330115005693834,54.05208007512164,54.04664375732436,54.04722726930099,0.00010029742491246552,0.005217294588557131,0.005317345408402341,0.005317068732257354,2.766761449867969e-07,4.1119455657736746e-11,4.079872523639161e-11,0.0,1.972552221237827e-08,1.972335524900611e-08,1.9494787160916482e-08,1.949267919844935e-08,1.9489718033099543e-08,0.00019158525850059184,0.00019156491217650772,0.00018820419717884514,0.000188176926080223,7.908693664865929e-05,7.907937965205828e-05,7.906893063528816e-05,0.8881662935504389,0.8880787818069427,0.8879558551223354,8596.212971852794,8595.3915777702,8594.2558396896,0.018710070110270326,0.018546712853381997,90.13675041653846,89.36509880790638,-8.751174349619362e-05,0.00012292668460722744,0.9999014691909255,1.0001384378332527,1.0001321507283096,1.0001321508344394,0.00010005081984520992,True,54.04665879067894,1.5033354578974922e-05,9.891372920800556e-05,0.004683444472522891,0.004782141783228777,2.468384561965867e-07,0.0,0.012318234034423807,0.01230899558380329,False,9.02961283608672e-05,0.005306606365206412,-5.132502097207267e-07,G12V,matched_theta,1.3099999999999999e-10,2e-08,0.001,0.1,0.00011,0.8741447571006196,0.00012583728164755018
54.33556472291671,54.330115005693834,53.44998282064694,53.44457557072605,53.44524353737997,0.00010029742491246552,0.016298384065497107,0.016397899915722602,0.01639704680445757,8.531112650339567e-07,4.1119455657736746e-11,4.013690882554798e-11,0.0,1.972552221237827e-08,1.972335524900611e-08,1.9014829763575317e-08,1.9012841424555014e-08,1.9009998399077795e-08,0.00019158525850059184,0.00019156491217650772,0.00018127863602240076,0.00018125270787190393,0.00024158300547071272,0.00024156050768816553,0.00024152891681408694,2.7454840093913466,2.7452218427941864,2.744846975667763,26258.425157731297,26255.979803670114,26252.546095827634,0.018710070110270326,0.01820313507569834,90.13675041653846,87.74788632484535,-0.0002621665971602738,0.00037486712642342823,0.9999045098801291,1.000136571229561,1.000130795411561,1.0001307952314396,9.951585022549558e-05,True,53.44462192500841,4.635428236099415e-05,9.891372920800556e-05,0.014437334816258418,0.014535569878654231,7.493838143080023e-07,0.0,0.012318234034423807,0.012287682694247291,False,9.02961283608672e-05,0.016385606555796572,-1.6019570817475681e-06,G12V,matched_theta,1.3099999999999999e-10,6.324555320336758e-08,0.001,0.31622776601683794,0.00011,0.8741447571006196,0.00012583728164755018
54.33556472291671,54.330115005693834,51.639489545375646,51.634172639296516,51.635089122761784,0.00010029742491246552,0.04961897775958801,0.049716830908004606,0.0497142985288044,2.5323792002054923e-06,4.1119455657736746e-11,3.8299133255627395e-11,0.0,1.972552221237827e-08,1.972335524900611e-08,1.7646507989123575e-08,1.7644844446400584e-08,1.7642328732320736e-08,0.00019158525850059184,0.00019156491217650772,0.00016206092308005773,0.0001620385823326995,0.0006884358990649854,0.0006883763360547206,0.0006882888794112156,8.107875317108027,8.107172950411435,8.106110766978182,74828.22552073115,74821.75139656998,74812.24550380201,0.018710070110270326,0.017197075626999094,90.13675041653846,83.06996709656488,-0.0007023666965917386,0.001062183433253594,0.9999133722869282,1.0001310349024073,1.0001270638624582,1.000127063326384,9.785314841659343e-05,True,51.63431023755045,0.00013759825393577785,9.891372920800556e-05,0.042198342428882984,0.04229514692178549,2.0647591105343865e-06,0.0,0.012318234034423807,0.012210312458757772,False,9.02961283608672e-05,0.04969996380687225,-4.829679491717698e-06,G12V,matched_theta,1.3099999999999999e-10,2e-07,0.001,1.0,0.00011,0.8741447571006196,0.00012583728164755018
54.33556472291671,54.330115005693834,46.778574777431984,46.77353526121055,46.775076894689896,0.00010029742491246552,0.13907999270867,0.1391727407319424,0.13916634076845694,6.399963485476112e-06,4.1119455657736746e-11,3.431807843489105e-11,0.0,1.972552221237827e-08,1.972335524900611e-08,1.4335063086132151e-08,1.433404237831493e-08,1.4332234464581508e-08,0.00019158525850059184,0.00019156491217650772,0.0001199273639238171,0.00011991213913792781,0.0016406816392730691,0.0016405612657507283,0.0016403656387746358,21.14979255399143,21.148387323590526,21.145898309474305,178330.3606694162,178317.27700839928,178296.01370054344,0.018710070110270326,0.014685635835084672,90.13675041653846,71.68423494921133,-0.0014052304009020133,0.0024890141162217105,0.9999335581946104,1.0001177067098213,1.0001192581528584,1.00011925845909,9.274802327241538e-05,True,46.773883006840734,0.00034774563018658,9.891372920800556e-05,0.10631066395557076,0.10640334748568658,4.285385134236708e-06,0.0,0.012318234034423807,0.011915538416722028,False,9.02961283608672e-05,0.1391443682748379,-1.3362177318926305e-05,G12V,matched_theta,1.3099999999999999e-10,6.324555320336758e-07,0.001,3.1622776601683795,0.00011,0.8741447571006196,0.00012583728164755018
54.33556472291671,54.330115005693834,37.82807538621227,37.823808429110926,37.82638711326403,0.00010029742491246552,0.30380634527098593,0.3038848749986718,0.30387617170179565,8.703296876133582e-06,4.1119455657736746e-11,2.926156538273619e-11,0.0,1.972552221237827e-08,1.972335524900611e-08,8.6960993974136e-09,8.695699058082135e-09,8.694784918707615e-09,0.00019158525850059184,0.00019156491217650772,6.394071514419918e-05,6.3933428279162e-05,0.0028411356246396693,0.002840965203831246,0.0028406524682764757,41.668569436044166,41.666731064786,41.66253330013262,308810.0281807708,308791.5046538292,308757.5125464458,0.018710070110270326,0.010698845242767412,90.13675041653846,53.9852022961421,-0.00183837125816666,0.004197764653376623,0.999955881104558,1.000100756346791,1.0001100928600957,1.0001100932155562,7.852972768584987e-05,True,37.82428132766164,0.0004728985507114203,9.891372920800556e-05,0.19812350896511355,0.19820755889271724,4.733333511197646e-06,0.0,0.012318234034423807,0.011116389130345008,False,9.02961283608672e-05,0.3038374165031862,-3.179235941119796e-05,G12V,matched_theta,1.3099999999999999e-10,2e-06,0.001,10.0,0.00011,0.8741447571006196,0.00012583728164755018
54.33556472291671,54.330115005693834,29.621674940446724,29.61847363418498,29.621907470893476,0.00010029742491246552,0.45483818763084627,0.45489710495834756,0.4548928659567875,4.239001560046862e-06,4.1119455657736746e-11,2.5980704863200916e-11,0.0,1.972552221237827e-08,1.972335524900611e-08,3.732384914187924e-09,3.7322545458458394e-09,3.731909738166049e-09,0.00019158525850059184,0.00019156491217650772,2.533456408896966e-05,2.5331881286803105e-05,0.0036331575622980815,0.0036329634105222975,0.0036325840490699195,57.932640878918896,57.93065437594794,57.92540038435599,394895.833790983,394874.7307700024,394833.49697905075,0.018710070110270326,0.0076487212715703355,90.13675041653846,40.203124874243585,-0.0019865029709578153,0.005253991591949614,0.9999657101257456,1.000090702723798,1.0001044329455984,1.0001044333656266,5.8917327501295524e-05,True,29.61870396272861,0.0002303285436298097,9.891372920800556e-05,0.2664062196372715,0.26648146148105534,2.6793472443498167e-06,0.0,0.012318234034423807,0.010168802481896404,False,9.02961283608672e-05,0.45483390810512614,-5.350552670724262e-05,G12V,matched_theta,1.3099999999999999e-10,6.324555320336758e-06,0.001,31.622776601683793,0.00011,0.8741447571006196,0.00012583728164755018
54.33556472291671,54.330115005693834,25.51349189196256,25.510932419215692,25.514760070552118,0.00010029742491246552,0.5304458134912524,0.5304929184170946,0.5304929085670161,9.850078419582076e-09,4.1119455657736746e-11,2.4623971187158835e-11,0.0,1.972552221237827e-08,1.972335524900611e-08,1.3174523851717639e-09,1.3174106748138423e-09,1.317295656267727e-09,0.00019158525850059184,0.00019156491217650772,8.669418706602335e-06,8.668529360270132e-06,0.003968343896473744,0.003968140730245993,0.003967735621501784,65.440973401106,65.43891505235273,65.43323913256036,431327.4988987463,431305.4160630485,431261.38374316576,0.018710070110270326,0.0063038961574912586,90.13675041653846,33.902346495717104,-0.00205834875328037,0.0056759197923668125,0.9999685464832458,1.000086743677489,1.0001021007402846,1.000102101234988,4.710492584214521e-05,True,25.510932954425268,5.352095762134468e-07,9.891372920800556e-05,0.2972909442938163,0.29736157919122563,1.1273241611875484e-06,0.0,0.012318234034423807,0.009631431595179386,False,9.02961283608672e-05,0.5304224737395442,-6.573867680559342e-05,G12V,matched_theta,1.3099999999999999e-10,1.9999999999999998e-05,0.001,100.0,0.00011,0.8741447571006196,0.00012583728164755018
54.33556472291671,54.330115005693834,23.986862928970627,23.984556785125687,23.98852482871815,0.00010029742491246552,0.5585421251938536,0.5585845678160423,0.558586402281904,-1.834465861771939e-06,4.1119455657736746e-11,2.4156320849729148e-11,0.0,1.972552221237827e-08,1.972335524900611e-08,4.319179566954533e-10,4.3190469389475394e-10,4.3186773257954475e-10,0.00019158525850059184,0.00019156491217650772,2.81290312366276e-06,2.8126177671129084e-06,0.004085351124054582,0.004085144887238117,0.004084731117445186,68.14442996392144,68.14234191982045,68.1365229759301,444045.0881600057,444022.67156274134,443977.69789619965,0.018710070110270326,0.005831796501638119,90.13675041653846,31.64169477959739,-0.002088044100986508,0.005818943890346873,0.9999693585506242,1.000085401244974,1.000101296702533,1.0001012971299117,4.2442622188665347e-05,True,23.984457108387122,-9.967673856436932e-05,9.891372920800556e-05,0.3083555273306223,0.3084244287524798,4.882877795986396e-07,0.0,0.012318234034423807,0.009421516400993372,False,9.02961283608672e-05,0.5585115393380519,-7.0447792731132e-05,G12V,matched_theta,1.3099999999999999e-10,6.324555320336758e-05,0.001,316.2277660168379,0.00011,0.8741447571006196,0.00012583728164755018
54.33556472291671,54.330115005693834,23.47801767762927,23.475797191020078,23.479811234688174,0.00010029742491246552,0.5679069906173788,0.5679478567907685,0.5679503284335425,-2.4716427740045788e-06,4.1119455657736746e-11,2.400438051569457e-11,0.0,1.972552221237827e-08,1.972335524900611e-08,1.381686718900582e-10,1.3816447066609306e-10,1.3815272456757988e-10,0.00019158525850059184,0.00019156491217650772,8.968440630522084e-07,8.967534150635216e-07,0.004123550793083737,0.004123343572812948,0.004122927016962735,69.03599043394112,69.033892682748,69.02802772783404,448197.0322983915,448174.50880856835,448129.2322801863,0.018710070110270326,0.005677609542162986,90.13675041653846,30.897021482210718,-0.0020977511931192794,0.005864954913960219,0.9999696136583262,1.0000849648339525,1.0001010340101824,1.0001010345345063,4.086617338971976e-05,True,23.475662892914155,-0.0001342981059231363,9.891372920800556e-05,0.3119996142835043,0.3120679372721463,2.703047942698156e-07,0.0,0.012318234034423807,0.009350304937306776,False,9.02961283608672e-05,0.5678739817203875,-7.202522283034085e-05,G12V,matched_theta,1.3099999999999999e-10,0.00019999999999999998,0.001,1000.0,0.00011,0.8741447571006196,0.00012583728164755018
54.33556472291671,54.318332369424624,54.33271390380691,54.315481991449424,54.317201300465065,0.0003171468554704626,5.246690863214276e-05,0.0003696056453944552,0.00036959712438751645,8.521006938726986e-09,1.2997905058704766e-10,1.299687623218626e-10,0.0,1.972552221237827e-08,1.971867478035131e-08,1.9723186055611538e-08,1.971634062407156e-08,1.9706800654217042e-08,0.00019158525850059184,0.00019152095824803293,0.00019148684873696983,0.0001913985744181709,8.037373322689171e-07,8.034916262676388e-07,8.031542690379098e-07,0.008976379055841366,0.008973543144946335,0.008969590651654499,87.36080103713391,87.33409447900337,87.2974260758851,0.05914243972992344,0.0591372311745067,90.13675041653846,90.13236788157934,-2.8359108950309214e-06,3.952493291835973e-06,0.9996840696145529,1.0004406548130607,1.0004200403866783,1.0004200399114447,5.2458789923992555e-05,True,54.31548245444314,4.629937180311572e-07,0.0003127694826043914,4.7388952540083906e-05,0.00036015187676130545,8.2634349972497e-09,0.0,0.03894168180348051,0.038941395603492544,False,0.0002855269261621274,0.000337963220687687,-1.5633391436161836e-08,G12V,matched_theta,4.142583734820577e-10,2e-10,0.0031622776601683794,0.001,0.00011,0.8741447571006196,0.00012583728164755018
54.33556472291671,54.318332369424624,54.32655067482839,54.309319638481895,54.31104175343788,0.0003171468554704626,0.0001658959124523074,0.00048301852697485437,0.0004829901545558004,2.8372419053990326e-08,1.2997905058704766e-10,1.2994652593504993e-10,0.0,1.972552221237827e-08,1.971867478035131e-08,1.9718137125338538e-08,1.971129593493763e-08,1.9701759761767857e-08,0.00019158525850059184,0.00019152095824803293,0.00019141313054798253,0.0001913249006632473,2.5407399177515066e-06,2.5399634174119977e-06,2.5388970749753768e-06,0.02837918860133156,0.028370225849579735,0.028357731327628616,276.16120954116985,276.0768092412555,275.9609051777477,0.05914243972992344,0.05912597093860189,90.13675041653846,90.11549366626033,-8.962751751825232e-06,1.2494521951119525e-05,0.9996841787170968,1.0004406037213192,1.0004200022313354,1.000420001751455,0.00016587167150439175,True,54.30932118011331,1.5416314127492114e-06,0.0003127694826043914,0.00014981826449245172,0.0004625650637124501,2.4175196676934265e-08,0.0,0.03894168180348051,0.0389407755611275,False,0.0002855269261621274,0.00045132446131523896,-5.100954925043189e-08,G12V,matched_theta,4.142583734820577e-10,6.324555320336758e-10,0.0031622776601683794,0.0031622776601683794,0.00011,0.8741447571006196,0.00012583728164755018
54.33556472291671,54.318332369424624,54.30707082173702,54.2898427479188,54.29157354176824,0.0003171468554704626,0.0005244060924919358,0.000841474184193558,0.0008413866342191751,8.754997438294426e-08,1.2997905058704766e-10,1.298763022454824e-10,0.0,1.972552221237827e-08,1.971867478035131e-08,1.970218903693694e-08,1.9695360556950792e-08,1.968583700144014e-08,0.00019158525850059184,0.00019152095824803293,0.00019118033703523682,0.00019109225328987355,8.02552939207709e-06,8.023078686154e-06,8.01971158046777e-06,0.08967679894990084,0.08964850466175239,0.08960904018428667,872.3206455283156,872.0542706451737,871.6882892942034,0.05914243972992344,0.05909039100336456,90.13675041653846,90.06218346438267,-2.82942881484477e-05,3.946447746572268e-05,0.999684485970956,1.000440407322571,1.0004198537132472,1.0004198534676503,0.0003170680917016222,True,54.2898475049961,4.75707729918895e-06,0.0003127694826043914,0.00047337953429049673,0.0007860810410917907,8.008286891806639e-08,0.0,0.03894168180348051,0.038938810445748415,False,0.0002855269261621274,0.00080962039085819,-1.628957362232071e-07,G12V,matched_theta,4.142583734820577e-10,2e-09,0.0031622776601683794,0.01,0.00011,0.8741447571006196,0.00012583728164755018
54.33556472291671,54.318332369424624,54.24556996404546,54.22835105422518,54.23010938363931,0.0003171468554704626,0.0016562772344443921,0.0019731766705336495,0.0019728988067981633,2.778637354862619e-07,1.2997905058704766e-10,1.2965517513581526e-10,0.0,1.972552221237827e-08,1.971867478035131e-08,1.9651935447367375e-08,1.96451477913228e-08,1.9635663584761235e-08,0.00019158525850059184,0.00019152095824803293,0.00019044741348416157,0.00019035978527250086,2.52893477221235e-05,2.5281646006187445e-05,2.5271047196135816e-05,0.28292432894082403,0.28283534878318367,0.28271101002796295,2748.780604250908,2747.94348108956,2746.7914631715494,0.05914243972992344,0.058978160466541134,90.13675041653846,89.8941042254808,-8.898015764036149e-05,0.0001243387552207209,0.9996854983875955,1.0004398086767416,1.0004194052573037,1.0004194049433517,0.0003168994360892574,True,54.22836615210816,1.5097882979375754e-05,0.0003127694826043914,0.0014931110987231877,0.001805664706341803,2.5112460004246377e-07,0.0,0.03894168180348051,0.03893255578595792,False,0.0002855269261621274,0.0019408161084764064,-5.151403824898981e-07,G12V,matched_theta,4.142583734820577e-10,6.324555320336758e-09,0.0031622776601683794,0.03162277660168379,0.00011,0.8741447571006196,0.00012583728164755018
54.33556472291671,54.318332369424624,54.05208007512164,54.03489031659567,54.0367349485493,0.0003171468554704626,0.005217294588557131,0.005533657519790625,0.005532786795454769,8.707243358552219e-07,1.2997905058704766e-10,1.2896520523069893e-10,0.0,1.972552221237827e-08,1.971867478035131e-08,1.9494787160916482e-08,1.9488125340721358e-08,1.9478764695525408e-08,0.00019158525850059184,0.00019152095824803293,0.00018816159985981926,0.00018807539039574097,7.908693664865929e-05,7.906305281124989e-05,7.9030019095752e-05,0.8881662935504389,0.8878897346169592,0.8875011082720159,8596.212971852794,8593.616962161737,8590.026426844004,0.05914243972992344,0.058626063054622396,90.13675041653846,89.36756488850237,-0.00027655893347966476,0.0003886263449432992,0.9996886180713139,1.0004378882925566,1.0004179894662288,1.000417988855833,0.0003163629312334937,True,54.03493762789417,4.7311298501995225e-05,0.0003127694826043914,0.004683444472522891,0.004995531640927808,7.825243050034458e-07,0.0,0.03894168180348051,0.03891237764217793,False,0.0002855269261621274,0.005499708632665912,-1.6232039665936907e-06,G12V,matched_theta,4.142583734820577e-10,2e-08,0.0031622776601683794,0.1,0.00011,0.8741447571006196,0.00012583728164755018
54.33556472291671,54.318332369424624,53.44998282064694,53.432884833606124,53.43499655169803,0.0003171468554704626,0.016298384065497107,0.016613058020355287,0.016610361939711948,2.696080643339177e-06,1.2997905058704766e-10,1.2687317395572483e-10,0.0,1.972552221237827e-08,1.971867478035131e-08,1.9014829763575317e-08,1.9008546871599592e-08,1.89995592133596e-08,0.00019158525850059184,0.00019152095824803293,0.00018123876403193151,0.000181156795597932,0.00024158300547071272,0.0002415119060825535,0.0002414120292743749,2.7454840093913466,2.744655580922351,2.7434704339241445,26258.425157731297,26250.697133438156,26239.84122031767,0.05914243972992344,0.05754000125688584,90.13675041653846,87.75059996177146,-0.0008284284689956678,0.0011851469982064877,0.9996982577694272,1.0004319882523798,1.0004137192685834,1.0004137187046727,0.00031467395485818006,True,53.43303132667042,0.00014649306429248554,0.0003127694826043914,0.014437334816258418,0.014747957966058434,2.369224936292144e-06,0.0,0.03894168180348051,0.038844793492098136,False,0.0002855269261621274,0.016574193639306234,-5.0637248493676235e-06,G12V,matched_theta,4.142583734820577e-10,6.324555320336758e-08,0.0031622776601683794,0.31622776601683794,0.00011,0.8741447571006196,0.00012583728164755018
54.33556472291671,54.318332369424624,51.639489545375646,51.622677665336035,51.625574866747115,0.0003171468554704626,0.04961897775958801,0.04992838615766659,0.04992038811229036,7.998045376232665e-06,1.2997905058704766e-10,1.2106392812893302e-10,0.0,1.972552221237827e-08,1.971867478035131e-08,1.7646507989123575e-08,1.764125058483696e-08,1.76332978557568e-08,0.00019158525850059184,0.00019152095824803293,0.00016202808090607962,0.00016195745464341372,0.0006884358990649854,0.000688247670795261,0.0006879711771982052,8.107875317108027,8.10565554452333,8.102297533332424,74828.22552073115,74807.76645086412,74777.71344143449,0.05914243972992344,0.05435982184697838,90.13675041653846,83.07328151554417,-0.0022197725846968552,0.003358011190906396,0.9997262201874253,1.0004144517252165,1.0004018970651967,1.0004018979458789,0.0003094083980785811,True,51.62311224364823,0.00043457831219484433,0.0003127694826043914,0.042198342428882984,0.04250444087154848,6.527313789347899e-06,0.0,0.03894168180348051,0.03859962801796184,False,0.0002855269261621274,0.04987506562210475,-1.5271509446385112e-05,G12V,matched_theta,4.142583734820577e-10,2e-07,0.0031622776601683794,1.0,0.00011,0.8741447571006196,0.00012583728164755018
54.33556472291671,54.318332369424624,46.778574777431984,46.76264080386254,46.76751384491755,0.0003171468554704626,0.13907999270867,0.13937324398250328,0.13935303078179406,2.021320070921817e-05,1.2997905058704766e-10,1.0848001813800951e-10,0.0,1.972552221237827e-08,1.971867478035131e-08,1.4335063086132151e-08,1.4331836951827084e-08,1.432612153744715e-08,0.00019158525850059184,0.00019152095824803293,0.00011990715967920035,0.00011985902544913579,0.0016406816392730691,0.0016403012217037101,0.001639682710833094,21.14979255399143,21.1453510175333,21.13748208212373,178330.3606694162,178289.01197080544,178221.7841865481,0.05914243972992344,0.046421174662149824,90.13675041653846,71.6883740186331,-0.004441536458127615,0.00786893540957223,0.9997899962164267,1.000372274019157,1.0003772137539353,1.0003772141804337,0.00029325127383328375,True,46.76373909953793,0.0010982956753906592,0.0003127694826043914,0.10631066395557076,0.10660372621578729,1.3543508972840845e-05,0.0,0.03894168180348051,0.03766654646549358,False,0.0002855269261621274,0.13928355979352203,-4.22487585013398e-05,G12V,matched_theta,4.142583734820577e-10,6.324555320336758e-07,0.0031622776601683794,3.1622776601683795,0.00011,0.8741447571006196,0.00012583728164755018
54.33556472291671,54.318332369424624,37.82807538621227,37.81458442973168,37.822737620877,0.0003171468554704626,0.30380634527098593,0.3040546348866251,0.3040271408993817,2.7493987243387696e-05,1.2997905058704766e-10,9.249738127490974e-11,0.0,1.972552221237827e-08,1.971867478035131e-08,8.6960993974136e-09,8.694834093867828e-09,8.691943079570546e-09,0.00019158525850059184,0.00019152095824803293,6.393215652900255e-05,6.390911570685653e-05,0.0028411356246396693,0.0028405970381574575,0.002839608163367423,41.668569436044166,41.66275904671051,41.64948320534695,308810.0281807708,308751.4874564616,308644.00396506576,0.05914243972992344,0.033819478089547196,90.13675041653846,53.98960681583497,-0.005810389333653632,0.013275841363565632,0.9998605570238601,1.0003187516468839,1.0003482433959698,1.0003482442231666,0.0002482896156391634,True,37.81607833105503,0.0014939013233501441,0.0003127694826043914,0.19812350896511355,0.19838926845991722,1.4956999590060027e-05,0.0,0.03894168180348051,0.03513914512866426,False,0.0002855269261621274,0.3039045823163261,-0.00010054498890815777,G12V,matched_theta,4.142583734820577e-10,2e-06,0.0031622776601683794,10.0,0.00011,0.8741447571006196,0.00012583728164755018
54.33556472291671,54.318332369424624,29.621674940446724,29.611552934068172,29.622408498237693,0.0003171468554704626,0.45483818763084627,0.4550244745762415,0.4550110839853617,1.3390590879791553e-05,1.2997905058704766e-10,8.21276735323879e-11,0.0,1.972552221237827e-08,1.971867478035131e-08,3.732384914187924e-09,3.731972894275335e-09,3.730882458457892e-09,0.00019158525850059184,0.00019152095824803293,2.5331601897739195e-05,2.532311926352881e-05,0.0036331575622980815,0.0036325439654131845,0.0036313444722753446,57.932640878918896,57.92636266823909,57.90974711022379,394895.833790983,394829.1398480024,394698.7637500264,0.05914243972992344,0.02417894227131692,90.13675041653846,40.207557414117986,-0.006278210679802498,0.016615558015303122,0.9998916291302355,1.000286921612413,1.0003303165389563,1.0003303179790515,0.00018628694539524204,True,29.612280519385596,0.0007275853174242286,0.0003127694826043914,0.2664062196372715,0.26664413157988787,8.46619549049743e-06,0.0,0.03894168180348051,0.032143726861932675,False,0.0002855269261621274,0.4548246871216548,-0.0001691588857382076,G12V,matched_theta,4.142583734820577e-10,6.324555320336758e-06,0.0031622776601683794,31.622776601683793,0.00011,0.8741447571006196,0.00012583728164755018
54.33556472291671,54.318332369424624,25.51349189196256,25.50539849038863,25.5174982707612,0.0003171468554704626,0.5304458134912524,0.5305947656851828,0.5305947311249767,3.456020614134303e-08,1.2997905058704766e-10,7.783955124720325e-11,0.0,1.972552221237827e-08,1.971867478035131e-08,1.3174523851717639e-09,1.3173205710413927e-09,1.3169568395553128e-09,0.00019158525850059184,0.00019152095824803293,8.668455665553703e-06,8.665643621502993e-06,0.003968343896473744,0.00396770181865115,0.003966420893859338,65.440973401106,65.43446855397752,65.41651914031033,431327.4988987463,431257.7092428211,431118.4821944215,0.05914243972992344,0.019928411683211154,90.13675041653846,33.90683804806442,-0.006504847128482538,0.017949413667196268,0.9999005997803759,1.0002743865602004,1.000322942225772,1.0003229438174186,0.00014895219393040726,True,25.50540036823695,1.8778483195092122e-06,0.0003127694826043914,0.2972909442938163,0.29751429447415834,3.5642325673657105e-06,0.0,0.03894168180348051,0.030445352800165887,False,0.0002855269261621274,0.530372079486295,-0.00020780436849787698,G12V,matched_theta,4.142583734820577e-10,1.9999999999999998e-05,0.0031622776601683794,100.0,0.00011,0.8741447571006196,0.00012583728164755018
54.33556472291671,54.318332369424624,23.986862928970627,23.97956975154465,23.99211328298028,0.0003171468554704626,0.5585421251938536,0.5586763499408158,0.5586821321706711,-5.782229855255672e-06,1.2997905058704766e-10,7.636148844635752e-11,0.0,1.972552221237827e-08,1.971867478035131e-08,4.319179566954533e-10,4.318760487546158e-10,4.3175916284488097e-10,0.00019158525850059184,0.00019152095824803293,2.812595912430917e-06,2.811693629853236e-06,0.004085351124054582,0.004084699347959058,0.004083391028606258,68.14442996392144,68.13783214292404,68.1194303669297,444045.0881600057,443974.24436795426,443832.039744025,0.05914243972992344,0.018436264832780797,90.13675041653846,31.64621887976292,-0.00659782099739914,0.018401775994334457,0.9999031788658165,1.0002701398983405,1.0003204002123811,1.0003204018889922,0.0001342247469622304,True,23.9792555708201,-0.00031418072454769685,0.0003127694826043914,0.3083555273306223,0.30857339822537755,1.5456108922173861e-06,0.0,0.03894168180348051,0.029781947554959855,False,0.0002855269261621274,0.5584454968798491,-0.00022267642402795662,G12V,matched_theta,4.142583734820577e-10,6.324555320336758e-05,0.0031622776601683794,316.2277660168379,0.00011,0.8741447571006196,0.00012583728164755018
54.33556472291671,54.318332369424624,23.47801767762927,23.470996118566433,23.48368472056039,0.0003171468554704626,0.5679069906173788,0.5680362164586605,0.5680440275565752,-7.811097914700582e-06,1.2997905058704766e-10,7.588126333398171e-11,0.0,1.972552221237827e-08,1.971867478035131e-08,1.381686718900582e-10,1.381553939122289e-10,1.3811824908299827e-10,0.00019158525850059184,0.00019152095824803293,8.967466433558203e-07,8.964600238919141e-07,0.004123550793083737,0.00412289587293056,0.00412157876663068,69.03599043394112,69.02936048807904,69.01081366364647,448197.0322983915,448125.8467680787,447982.6870734028,0.05914243972992344,0.017948931679541102,90.13675041653846,30.901558215516207,-0.0066299458620875384,0.018546824432561948,0.9999039639205519,1.0002687524381753,1.0003195635397153,1.0003195652394763,0.00012922584128172154,True,23.47057169815013,-0.0004244204163015297,0.0003127694826043914,0.3119996142835043,0.3122156522794176,8.524712411528412e-07,0.0,0.03894168180348051,0.02955689839330869,False,0.0002855269261621274,0.5678026934970669,-0.00022767130909706612,G12V,matched_theta,4.142583734820577e-10,0.00019999999999999998,0.0031622776601683794,1000.0,0.00011,0.8741447571006196,0.00012583728164755018
54.33556472291671,54.28108477458626,54.33271390380691,54.27823524650288,54.28366722252675,0.0010026572578800685,5.246690863214276e-05,0.0010551004062657743,0.0010550715601854728,2.884608030153009e-08,4.1050949253511984e-10,4.1047699748749047e-10,0.0,1.972552221237827e-08,1.970391121465545e-08,1.9723186055611538e-08,1.970158141256171e-08,1.9671445379298536e-08,0.00019158525850059184,0.00019138231395601774,0.0001913482481559059,0.00019106939481606708,8.037373322689171e-07,8.029617756987935e-07,8.018958492063597e-07,0.008976379055841366,0.008967428128806866,0.008954939657090573,87.36080103713391,87.27650335522473,87.1606444957234,0.1867850902399556,0.18676863798420332,90.13675041653846,90.13975394120035,-8.950927034500136e-06,1.2488471716292499e-05,0.9990028354441343,1.001394590270232,1.0013292580245787,1.0013292565718352,5.244314838570574e-05,True,54.27823681387094,1.567368059340879e-06,0.000988836327285303,4.7388952540083906e-05,0.0010362025067400804,2.4086832477133654e-08,0.0,0.12302447596116114,0.12302356039885116,False,0.0009027616708272568,0.0009551294930788545,-5.172126644515957e-08,G12V,matched_theta,1.31e-09,2e-10,0.01,0.001,0.00011,0.8741447571006196,0.00012583728164755018
54.33556472291671,54.28108477458626,54.32655067482839,54.272074938689045,54.27751565091644,0.0010026572578800685,0.0001658959124523074,0.0011684756485265124,0.001168386833591703,8.881493480938918e-08,4.1050949253511984e-10,4.104067654598936e-10,0.0,1.972552221237827e-08,1.970391121465545e-08,1.9718137125338538e-08,1.9696545359335545e-08,1.96664217120791e-08,0.00019158525850059184,0.00019138231395601774,0.00019127462414894605,0.00019099591595883535,2.5407399177515066e-06,2.538288921762152e-06,2.5349197247422203e-06,0.02837918860133156,0.028350898855833473,0.02831142126553937,276.16120954116985,275.89480305974286,275.5285945807532,0.1867850902399556,0.18673307392540642,90.13675041653846,90.12288861978378,-2.828974549808766e-05,3.947759029410136e-05,0.9990031517146069,1.0013944051032915,1.0013291138914762,1.001329112426777,0.00016581839064644388,True,54.272079764498685,4.825809639896761e-06,0.000988836327285303,0.00014981826449245172,0.001138585201357123,7.875532178919925e-08,0.0,0.12302447596116114,0.1230215794841753,False,0.0009027616708272568,0.0010683439529207694,-1.6386588768584412e-07,G12V,matched_theta,1.31e-09,6.324555320336758e-10,0.01,0.0031622776601683794,0.00011,0.8741447571006196,0.00012583728164755018
54.33556472291671,54.28108477458626,54.30707082173702,54.25260433504799,54.25807256473688,0.0010026572578800685,0.0005244060924919358,0.0015268156002752331,0.0015265375507972907,2.780494779423999e-07,4.1050949253511984e-10,4.101849702856177e-10,0.0,1.972552221237827e-08,1.970391121465545e-08,1.970218903693694e-08,1.9680637822618714e-08,1.9650553969754824e-08,0.00019158525850059184,0.00019138231395601774,0.00019104213034895203,0.00019076388011950821,8.02552939207709e-06,8.01779393274364e-06,8.007155147139356e-06,0.08967679894990084,0.08958749398957115,0.08946280176786786,872.3206455283156,871.4798541763979,870.3234915787538,0.1867850902399556,0.18662070026015057,90.13675041653846,90.06960618035505,-8.930496032968915e-05,0.0001246922217032903,0.9990041464305658,1.0013937884711774,1.0013286598559394,1.001328658376837,0.0005241583423951646,True,54.2526194430234,1.5107975407602225e-05,0.000988836327285303,0.00047337953429049673,0.001461998681916321,2.509152206213276e-07,0.0,0.12302447596116114,0.123015302695516,False,0.0009027616708272568,0.00142617746912177,-5.168804771726095e-07,G12V,matched_theta,1.31e-09,2e-09,0.01,0.01,0.00011,0.8741447571006196,0.00012583728164755018
54.33556472291671,54.28108477458626,54.24556996404546,54.1911326580823,54.19668779011529,0.0010026572578800685,0.0016562772344443921,0.0026581496957091,0.0026572738139342836,8.758817748163658e-07,4.1050949253511984e-10,4.0948656041253346e-10,0.0,1.972552221237827e-08,1.970391121465545e-08,1.9651935447367375e-08,1.9630512270687443e-08,1.960055309227092e-08,0.00019158525850059184,0.00019138231395601774,0.00019031014455299657,0.00019003333706420276,2.52893477221235e-05,2.526503771996951e-05,2.5231549964120793e-05,0.28292432894082403,0.28264347134993456,0.28225061499684445,2748.780604250908,2746.138273718457,2742.4983862706263,0.1867850902399556,0.18626623686938046,90.13675041653846,89.90161419949446,-0.0002808575908894717,0.0003928563530901097,0.9990073049145652,1.0013918706717237,1.0013272175469337,1.0013272158941104,0.0010018724612647079,True,54.19118024961317,4.7591530865531695e-05,0.000988836327285303,0.0014931110987231877,0.002481262070239576,7.910867261757062e-07,0.0,0.12302447596116114,0.12299532586929421,False,0.0009027616708272568,0.0025559122005930357,-1.631481075093158e-06,G12V,matched_theta,1.31e-09,6.324555320336758e-09,0.01,0.03162277660168379,0.00011,0.8741447571006196,0.00012583728164755018
54.33556472291671,54.28108477458626,54.05208007512164,53.997734993207956,54.0035630190051,0.0010026572578800685,0.005217294588557131,0.006217469744383974,0.0062147206881514845,2.7490562324898257e-06,4.1050949253511984e-10,4.0730735813578573e-10,0.0,1.972552221237827e-08,1.970391121465545e-08,1.9494787160916482e-08,1.9473762144624913e-08,1.9444191767483547e-08,0.00019158525850059184,0.00019138231395601774,0.00018802723548896734,0.0001877549040501079,7.908693664865929e-05,7.901154884329494e-05,7.890717452731288e-05,0.8881662935504389,0.887293403533905,0.8860654550122006,8596.212971852794,8588.018837153799,8576.674066470703,0.1867850902399556,0.18515418980476023,90.13675041653846,89.37534314738484,-0.0008728900165339004,0.0012279485217043806,0.9990171997936957,1.0013858440307748,1.0013227481101346,1.0013227470923078,0.0010001751558268435,True,53.99788436473081,0.00014937152285199318,0.000988836327285303,0.004683444472522891,0.005670117279550579,2.467639773640236e-06,0.0,0.12302447596116114,0.12293090114294801,False,0.0009027616708272568,0.0061102098709131525,-5.136414891271715e-06,G12V,matched_theta,1.31e-09,2e-08,0.01,0.1,0.00011,0.8741447571006196,0.00012583728164755018
54.33556472291671,54.28108477458626,53.44998282064694,53.39592848428501,53.40260023355382,0.0010026572578800685,0.016298384065497107,0.017293208295954154,0.01728469963030219,8.508665651964925e-06,4.1050949253511984e-10,4.0069993731035804e-10,0.0,1.972552221237827e-08,1.970391121465545e-08,1.9014829763575317e-08,1.8995001135967194e-08,1.8966608769342948e-08,0.00019158525850059184,0.00019138231395601774,0.00018111299452099579,0.00018085405637204688,0.00024158300547071272,0.0002413585882359672,0.00024104301322302576,2.7454840093913466,2.7428693511406843,2.7391246300841052,26258.425157731297,26234.032540143173,26199.7317304308,0.1867850902399556,0.18172403676403578,90.13675041653846,87.7591593701658,-0.002614658250662316,0.003744721056579081,0.9990476512550361,1.0013671232829096,1.0013092062230797,1.0013092046157301,0.0009948242304570476,True,53.396390807438245,0.00046232315323635476,0.000988836327285303,0.014437334816258418,0.015419365847037403,7.470864629179758e-06,0.0,0.12302447596116114,0.12271533206247515,False,0.0009027616708272568,0.01717042040734318,-1.601177255043315e-05,G12V,matched_theta,1.31e-09,6.324555320336758e-08,0.01,0.31622776601683794,0.00011,0.8741447571006196,0.00012583728164755018
54.33556472291671,54.28108477458626,51.639489545375646,51.5863412798996,51.595494841241006,0.0010026572578800685,0.04961897775958801,0.05059712652360804,0.05057188418928884,2.5242334319199033e-05,4.1050949253511984e-10,3.823525968960439e-10,0.0,1.972552221237827e-08,1.970391121465545e-08,1.7646507989123575e-08,1.7629917222627784e-08,1.7604790822910075e-08,0.00019158525850059184,0.00019138231395601774,0.00016192449030451008,0.00016170136009229603,0.0006884358990649854,0.0006878418083738503,0.0006869681277029457,8.107875317108027,8.100870026161711,8.090258613395227,74828.22552073115,74763.65188042322,74668.68891848577,0.1867850902399556,0.17168002024112372,90.13675041653846,83.0837339746301,-0.007005290946315412,0.010611412766484918,0.9991359893101052,1.0013116283759973,1.0012717921482412,1.0012717909382487,0.000978148764020026,True,51.587712836389755,0.0013715564901559674,0.000988836327285303,0.042198342428882984,0.04316604305006588,2.059154784250089e-05,0.0,0.12302447596116114,0.12193508326908677,False,0.0009027616708272568,0.050428662988019735,-4.828233112854491e-05,G12V,matched_theta,1.31e-09,2e-07,0.01,1.0,0.00011,0.8741447571006196,0.00012583728164755018
54.33556472291671,54.28108477458626,46.778574777431984,46.728206107186296,46.74360090448524,0.0010026572578800685,0.13907999270867,0.14000698537917122,0.1399432004024348,6.378497673642514e-05,4.1050949253511984e-10,3.426116556654707e-10,0.0,1.972552221237827e-08,1.970391121465545e-08,1.4335063086132151e-08,1.4324883191561343e-08,1.4306820692831884e-08,0.00019158525850059184,0.00019138231395601774,0.00011984343786250012,0.00011969134195222907,0.0016406816392730691,0.0016394810361826326,0.0016375264245268861,21.14979255399143,21.135777110178644,21.110905720516467,178330.3606694162,178199.8634580133,177987.4110783027,0.1867850902399556,0.14660802531665904,90.13675041653846,71.70142496428822,-0.014015443812784412,0.02487138966217728,0.9993373247620748,1.0011781299197413,1.0011936367111212,1.001193637114128,0.0009269926705012255,True,46.731671899918105,0.0034657927318093584,0.000988836327285303,0.10631066395557076,0.10723710411174003,4.2727675381062924e-05,0.0,0.12302447596116114,0.11897523915483146,False,0.0009027616708272568,0.13972365718745272,-0.0001335411054482205,G12V,matched_theta,1.31e-09,6.324555320336758e-07,0.01,3.1622776601683795,0.00011,0.8741447571006196,0.00012583728164755018
54.33556472291671,54.28108477458626,37.82807538621227,37.78543446067783,37.81118692718856,0.0010026572578800685,0.30380634527098593,0.30459111535209016,0.30450438889179005,8.672646030011277e-05,4.1050949253511984e-10,2.921446616128988e-10,0.0,1.972552221237827e-08,1.970391121465545e-08,8.6960993974136e-09,8.692106491483044e-09,8.682967036756914e-09,0.00019158525850059184,0.00019138231395601774,6.390516169472841e-05,6.383234135967494e-05,0.0028411356246396693,0.0028394357783929893,0.002836310286580562,41.668569436044166,41.650233510937746,41.60826170789757,308810.0281807708,308625.26619320543,308285.5480666293,0.1867850902399556,0.1068143328682042,90.13675041653846,54.003496215394236,-0.018335925106420348,0.04197180304017678,0.9995599578926134,1.001008737239129,1.0011019569428687,1.001101959299444,0.0007847700811042246,True,37.790146791874655,0.00471233119682779,0.000988836327285303,0.19812350896511355,0.19896360777411493,4.71742046700141e-05,0.0,0.12302447596116114,0.1109802715865663,False,0.0009027616708272568,0.304117163040339,-0.0003176791776094423,G12V,matched_theta,1.31e-09,2e-06,0.01,10.0,0.00011,0.8741447571006196,0.00012583728164755018
54.33556472291671,54.28108477458626,29.621674940446724,29.589677897983865,29.623964288124007,0.0010026572578800685,0.45483818763084627,0.45542706606849626,0.4553847980787373,4.226798975898172e-05,4.1050949253511984e-10,2.5940551690950603e-10,0.0,1.972552221237827e-08,1.970391121465545e-08,3.732384914187924e-09,3.7310846760841035e-09,3.7276367100074514e-09,0.00019158525850059184,0.00019138231395601774,2.5322258661881298e-05,2.5295445966333216e-05,0.0036331575622980815,0.0036312209569746433,0.0036274294190613873,57.932640878918896,57.9128282397823,57.86028866442381,394895.833790983,394685.3375574546,394273.22527071775,0.1867850902399556,0.07637623309482384,90.13675041653846,40.22153597162446,-0.019812639136596033,0.05253957535848741,0.9996580055934615,1.000908042053907,1.0010452409889308,1.0010452454296228,0.0005888784376499867,True,29.59197455307712,0.002296655093253719,0.000988836327285303,0.2664062196372715,0.26715832866344813,2.670484668337858e-05,0.0,0.12302447596116114,0.10151907308399406,False,0.0009027616708272568,0.4547960541278827,-0.0005342846915691313,G12V,matched_theta,1.31e-09,6.324555320336758e-06,0.01,31.622776601683793,0.00011,0.8741447571006196,0.00012583728164755018
54.33556472291671,54.28108477458626,25.51349189196256,25.48790230932202,25.52611808036814,0.0010026572578800685,0.5304458134912524,0.5309167680634748,0.5309166154043233,1.5265915143114483e-07,4.1050949253511984e-10,2.458677132361948e-10,0.0,1.972552221237827e-08,1.970391121465545e-08,1.3174523851717639e-09,1.3170363876666414e-09,1.3158861738752086e-09,0.00019158525850059184,0.00019138231395601774,8.665417976702876e-06,8.656529050399258e-06,0.003968343896473744,0.003966317370810346,0.0039622683184346984,65.440973401106,65.42044446350475,65.36368335653799,431327.4988987463,431107.2288415061,430667.1267927086,0.1867850902399556,0.06295663408471668,90.13675041653846,33.92100423680736,-0.020528937601255848,0.05676110696676062,0.9996862984070327,1.0008683890511056,1.0010219026199738,1.0010219076902271,0.0004709545722223485,True,25.48791060414322,8.29482119968361e-06,0.000988836327285303,0.2972909442938163,0.29799705339770666,1.1244862095749486e-05,0.0,0.12302447596116114,0.0961577473635119,False,0.0009027616708272568,0.5302134391988351,-0.0006562698143738332,G12V,matched_theta,1.31e-09,1.9999999999999998e-05,0.01,100.0,0.00011,0.8741447571006196,0.00012583728164755018
54.33556472291671,54.28108477458626,23.986862928970627,23.963800691997623,24.00341718448052,0.0010026572578800685,0.5585421251938536,0.5589665661118897,0.5589847561360763,-1.8190024186681697e-05,4.1050949253511984e-10,2.412014297343041e-10,0.0,1.972552221237827e-08,1.970391121465545e-08,4.319179566954533e-10,4.317856939924911e-10,4.314160722385174e-10,0.00019158525850059184,0.00019138231395601774,2.811626845003371e-06,2.808774739910519e-06,0.004085351124054582,0.004083293937325995,0.004079158346681662,68.14442996392144,68.12360703748037,68.06541601081247,444045.0881600057,443821.48543620855,443371.977370463,0.1867850902399556,0.05824567284937218,90.13675041653846,31.660489164803558,-0.020822926441070422,0.05819102666789888,0.999694429516072,1.00085492795135,1.0010138342993469,1.00101383959449,0.000424440918036062,True,23.96281232676112,-0.0009883652365019202,0.000988836327285303,0.3083555273306223,0.3090443275354634,4.877024699534438e-06,0.0,0.12302447596116114,0.09406391819276198,False,0.0009027616708272568,0.5582374581568161,-0.0007031982856973151,G12V,matched_theta,1.31e-09,6.324555320336758e-05,0.01,316.2277660168379,0.00011,0.8741447571006196,0.00012583728164755018
54.33556472291671,54.28108477458626,23.47801767762927,23.45581309477665,23.49588933617637,0.0010026572578800685,0.5679069906173788,0.5683156471384962,0.5683402318093156,-2.4584670819338683e-05,4.1050949253511984e-10,2.396853456591624e-10,0.0,1.972552221237827e-08,1.970391121465545e-08,1.381686718900582e-10,1.3812676661476164e-10,1.3800929884932974e-10,0.00019158525850059184,0.00019138231395601774,8.964393486274261e-07,8.955333229122617e-07,0.004123550793083737,0.00412148367547356,0.004117320200754156,69.03599043394112,69.01506633219242,68.95641333806743,448197.0322983915,447972.35014872334,447519.81131123647,0.1867850902399556,0.056707069560314134,90.13675041653846,30.915866685873315,-0.020924101748704516,0.05865299412498359,0.9996969102403372,1.0008505806970764,1.0010112098443646,1.001011215204442,0.0004086565211174342,True,23.454477272804155,-0.001335821972496376,0.000988836327285303,0.3119996142835043,0.31268262631949084,2.6922614037583337e-06,0.0,0.12302447596116114,0.0933536586578703,False,0.0009027616708272568,0.5675780778944093,-0.0007189897300725612,G12V,matched_theta,1.31e-09,0.00019999999999999998,0.01,1000.0,0.00011,0.8741447571006196,0.00012583728164755018
54.33556472291671,54.16342008104455,54.33271390380691,54.16057353509342,54.17770092769538,0.0031681761798190156,5.246690863214276e-05,0.003220564444588958,0.0032204768640410014,8.758054795667339e-08,1.292957224459995e-09,1.29285485951482e-09,0.0,1.972552221237827e-08,1.965760511266221e-08,1.9723186055611538e-08,1.9655287866615183e-08,1.956031035085192e-08,0.00019158525850059184,0.0001909473710976695,0.00019091344306159145,0.00019003460517230355,8.037373322689171e-07,8.012991242968302e-07,7.979374076012406e-07,0.008976379055841366,0.008948242519374448,0.008908855301729942,87.36080103713391,87.09578455002938,86.73038913060097,0.588276565041196,0.5882247435157215,90.13675041653846,90.1629209629026,-2.813653646691755e-05,3.9387217644506686e-05,0.9968654914980882,1.0044211311454188,1.0042130080173777,1.0042130033439396,5.2388264769942516e-05,True,54.16057829383195,4.758738533894302e-06,0.0031246584033388647,4.7388952540083906e-05,0.0031719781141905656,7.883260039675752e-08,0.0,0.38783841507399974,0.38783542950849575,False,0.0028531944932151942,0.0029053493053095014,-1.623982430502477e-07,G12V,matched_theta,4.1425837348205764e-09,2e-10,0.03162277660168379,0.001,0.00011,0.8741447571006196,0.00012583728164755018
54.33556472291671,54.16342008104455,54.32655067482839,54.15441960594132,54.17157449404963,0.0031681761798190156,0.0001658959124523074,0.0033338222929886197,0.0033335465047931623,2.757881954573542e-07,1.292957224459995e-09,1.2926336257413958e-09,0.0,1.972552221237827e-08,1.965760511266221e-08,1.9718137125338538e-08,1.9650279438953606e-08,1.955534128930628e-08,0.00019158525850059184,0.0001909473710976695,0.0001908401169243387,0.00018996173617563336,2.5407399177515066e-06,2.533034446933075e-06,2.5224086806225014e-06,0.02837918860133156,0.028290262065268912,0.02816575471489681,276.16120954116985,275.3236776921918,274.1687302197509,0.588276565041196,0.5881127220078379,90.13675041653846,90.14608327909194,-8.892653606264872e-05,0.00012450735037210225,0.9968664877170422,1.0044205224263438,1.0042125474718677,1.0042125426612845,0.0001656461131696041,True,54.15443459104867,1.4985107348763904e-05,0.0031246584033388647,0.00014981826449245172,0.003274257971222494,2.4943429029764333e-07,0.0,0.38783841507399974,0.3878289691358843,False,0.0028531944932151942,0.0030181011222271126,-5.159501365332303e-07,G12V,matched_theta,4.1425837348205764e-09,6.324555320336758e-10,0.03162277660168379,0.0031622776601683794,0.00011,0.8741447571006196,0.00012583728164755018
54.33556472291671,54.16342008104455,54.30707082173702,54.13496918059992,54.15221091376143,0.0031681761798190156,0.0005244060924919358,0.0036917908802406307,0.0036909208614201664,8.700188204643217e-07,1.292957224459995e-09,1.291934962689422e-09,0.0,1.972552221237827e-08,1.965760511266221e-08,1.970218903693694e-08,1.963445906484711e-08,1.9539645556213586e-08,0.00019158525850059184,0.0001909473710976695,0.00019060856075187014,0.00018973162134981468,8.02552939207709e-06,8.001210576753275e-06,7.967657962505702e-06,0.08967679894990084,0.08939607722105683,0.08900281087983847,872.3206455283156,869.6773567879334,866.0304192676708,0.588276565041196,0.5877587614928783,90.13675041653846,90.09288803631664,-0.0002807217288440106,0.00039326634121836235,0.9968696281297815,1.0044185833832744,1.0042111012301815,1.0042110963300186,0.0005236147004216152,True,54.13501645356385,4.727296393269853e-05,0.0031246584033388647,0.00047337953429049673,0.00359734836521175,7.895769221781708e-07,0.0,0.38783841507399974,0.3878085003568809,False,0.0028531944932151942,0.0033744713999069864,-1.6329532248372802e-06,G12V,matched_theta,4.1425837348205764e-09,2e-09,0.03162277660168379,0.01,0.00011,0.8741447571006196,0.00012583728164755018
54.33556472291671,54.16342008104455,54.24556996404546,54.073561235516415,54.09107709130952,0.0031681761798190156,0.0016562772344443921,0.004821952044418376,0.004819206036182065,2.7460082363114577e-06,1.292957224459995e-09,1.2897349529566456e-09,0.0,1.972552221237827e-08,1.965760511266221e-08,1.9651935447367375e-08,1.958460801049917e-08,1.9490186233604534e-08,0.00019158525850059184,0.0001909473710976695,0.00018987952050238656,0.00018900711651086437,2.52893477221235e-05,2.5212922073773145e-05,2.5107307351954995e-05,0.28292432894082403,0.2820414825423064,0.2808024430121358,2748.780604250908,2740.473661111078,2728.994069098405,0.588276565041196,0.5866422543520757,90.13675041653846,89.9251693723453,-0.000882846398517656,0.0012390395301705714,0.9968795670495261,1.0044124955498233,1.0042065331952024,1.0042065287508908,0.0016537758645993605,True,54.073710441424666,0.000149205908250849,0.0031246584033388647,0.0014931110987231877,0.004615587851917624,2.483811997315913e-06,0.0,0.38783841507399974,0.38774337885477866,False,0.0028531944932151942,0.004499587569466668,-5.158477108364e-06,G12V,matched_theta,4.1425837348205764e-09,6.324555320336758e-09,0.03162277660168379,0.03162277660168379,0.00011,0.8741447571006196,0.00012583728164755018
54.33556472291671,54.16342008104455,54.05208007512164,53.88036490280965,53.8987414770471,0.0031681761798190156,0.005217294588557131,0.008377566745249476,0.00836894145993758,8.625285311895589e-06,1.292957224459995e-09,1.2828704561406231e-09,0.0,1.972552221237827e-08,1.965760511266221e-08,1.9494787160916482e-08,1.942871200391059e-08,1.933551217895739e-08,0.00019158525850059184,0.0001909473710976695,0.00018760573211862793,0.00018674741274121517,7.908693664865929e-05,7.884993715023254e-05,7.852075347519515e-05,0.8881662935504389,0.8854225055611888,0.881549548539503,8596.212971852794,8570.4527515116,8534.672757676528,0.588276565041196,0.5831394807046363,90.13675041653846,89.39974015014458,-0.0027437879892500128,0.0038729570216858855,0.9969107271811884,1.0043933514889802,1.0041923142668439,1.0041923099866823,0.0031602721566923453,True,53.88083356255797,0.0004686597483143373,0.0031246584033388647,0.004683444472522891,0.007801214346398244,7.745634664128517e-06,0.0,0.38783841507399974,0.3875335856205271,False,0.0028531944932151942,0.00803936147709472,-1.624164848805336e-05,G12V,matched_theta,4.1425837348205764e-09,2e-08,0.03162277660168379,0.1,0.00011,0.8741447571006196,0.00012583728164755018
54.33556472291671,54.16342008104455,53.44998282064694,53.27919285591391,53.300230229298364,0.0031681761798190156,0.016298384065497107,0.019441628561141178,0.019414924093150272,2.6704467990905367e-05,1.292957224459995e-09,1.2620575671982257e-09,0.0,1.972552221237827e-08,1.965760511266221e-08,1.9014829763575317e-08,1.8952517290167785e-08,1.8863020336889965e-08,0.00019158525850059184,0.0001909473710976695,0.00018071845895989926,0.00017990228989748464,0.00024158300547071272,0.00024087751360758947,0.00023988218868924326,2.7454840093913466,2.7372657182571407,2.7254539228536,26258.425157731297,26181.743048671808,26073.558126719137,0.588276565041196,0.5723351331462933,90.13675041653846,87.78600590089884,-0.008218291134205913,0.011811795403540604,0.9970066148241643,1.0043338818919285,1.0041492239327348,1.0041492197354456,0.003143244495644071,True,53.28064385826283,0.0014510023489151536,0.0031246584033388647,0.014437334816258418,0.017540329214823513,2.3447734781668894e-05,0.0,0.38783841507399974,0.3868336906069386,False,0.0028531944932151942,0.019054453540660043,-5.0622558388273287e-05,G12V,matched_theta,4.1425837348205764e-09,6.324555320336758e-08,0.03162277660168379,0.31622776601683794,0.00011,0.8741447571006196,0.00012583728164755018
54.33556472291671,54.16342008104455,51.639489545375646,51.47158123784289,51.50044344526937,0.0031681761798190156,0.04961897775958801,0.05270918779769107,0.05262995227600213,7.923552168893899e-05,1.292957224459995e-09,1.2042691563152282e-09,0.0,1.972552221237827e-08,1.965760511266221e-08,1.7646507989123575e-08,1.7594376384709665e-08,1.751514694873128e-08,0.00019158525850059184,0.0001909473710976695,0.0001615995603492743,0.00016089608232156487,0.0006884358990649854,0.0006865684791520321,0.0006838124618613501,8.107875317108027,8.085859655655302,8.05238012268923,74828.22552073115,74625.2498938537,74325.69002319501,0.588276565041196,0.5406990390505345,90.13675041653846,83.11651557822337,-0.022015661452725155,0.03347953296607109,0.9972846571275866,1.0041577188925466,1.0040303700859445,1.0040303678387004,0.0030902100381030584,True,51.47588654465998,0.0043053068170877395,0.0031246584033388647,0.042198342428882984,0.04525576332104697,6.461789410250329e-05,0.0,0.38783841507399974,0.3843174794786421,False,0.0028531944932151942,0.05217800334099765,-0.00015259631770293824,G12V,matched_theta,4.1425837348205764e-09,2e-07,0.03162277660168379,1.0,0.00011,0.8741447571006196,0.00012583728164755018
54.33556472291671,54.16342008104455,46.778574777431984,46.61949217095181,46.6680202153398,0.0031681761798190156,0.13907999270867,0.14200777320182245,0.1418075389685,0.00020023423332243828,1.292957224459995e-09,1.0791252347166354e-09,0.0,1.972552221237827e-08,1.965760511266221e-08,1.4335063086132151e-08,1.4303082681036907e-08,1.4246080933179285e-08,0.00019158525850059184,0.0001909473710976695,0.00011964358346158073,0.00011916379655411756,0.0016406816392730691,0.0016369082816381276,0.0016307402397718242,21.14979255399143,21.10575807580635,21.027238679057298,178330.3606694162,177920.22270505887,177249.8004544788,0.588276565041196,0.46173612675853604,90.13675041653846,71.7423447496284,-0.044034478185078996,0.0785193967490514,0.9979179711539644,1.0037341753687923,1.0037823570645232,1.0037823582811438,0.0029277804931524543,True,46.63037201109624,0.010879840144433217,0.0031246584033388647,0.10631066395557076,0.10923719541325849,0.00013405756384217427,0.0,0.38783841507399974,0.3748677404626344,False,0.0028531944932151942,0.14111465568964676,-0.00042170924292564416,G12V,matched_theta,4.1425837348205764e-09,6.324555320336758e-07,0.03162277660168379,3.1622776601683795,0.00011,0.8741447571006196,0.00012583728164755018
54.33556472291671,54.16342008104455,37.82807538621227,37.69344131066594,37.77458128409373,0.0031681761798190156,0.30380634527098593,0.3062841712811304,0.3060120094244395,0.0002721618566908779,1.292957224459995e-09,9.202775317936715e-10,0.0,1.972552221237827e-08,1.965760511266221e-08,8.6960993974136e-09,8.68355572943475e-09,8.654681613984156e-09,0.00019158525850059184,0.0001909473710976695,6.382049144797638e-05,6.359063061181147e-05,0.0028411356246396693,0.0028357932119416904,0.0028259258494626933,41.668569436044166,41.61096500469535,41.47834078439442,308810.0281807708,308229.3437320753,307156.8331635829,0.588276565041196,0.3364593534413394,90.13675041653846,54.04704029412726,-0.05760443134881399,0.1326242203009329,0.9986175567789235,1.0031974331131113,1.0034917273150934,1.0034917359885698,0.002477826010144457,True,37.708229378845274,0.014788068179335312,0.0031246584033388647,0.19812350896511355,0.20077703706759087,0.0001479379863252861,0.0,0.38783841507399974,0.34956138923037877,False,0.0028531944932151942,0.3047908588651914,-0.0010018623076786803,G12V,matched_theta,4.1425837348205764e-09,2e-06,0.03162277660168379,10.0,0.00011,0.8741447571006196,0.00012583728164755018
54.33556472291671,54.16342008104455,29.621674940446724,29.520611333753465,29.62861711781586,0.0031681761798190156,0.45483818763084627,0.4566981776246677,0.4565653562989412,0.0001328213257265065,1.292957224459995e-09,8.172721753986388e-10,0.0,1.972552221237827e-08,1.965760511266221e-08,3.732384914187924e-09,3.728299533995789e-09,3.7173990632627498e-09,0.00019158525850059184,0.0001909473710976695,2.529294949216039e-05,2.5208281853858056e-05,0.0036331575622980815,0.003627070663113529,0.0036150972699739016,57.932640878918896,57.870388214567505,57.704277923010515,394895.833790983,394234.22787216626,392932.80820710055,0.588276565041196,0.24068266617726497,90.13675041653846,40.265368631154885,-0.06225266435139076,0.16611029155698986,0.9989254302340281,1.0028786477803018,1.0033120528288617,1.0033120666889688,0.0018599899938214204,True,29.527828255494065,0.0072169217405999575,0.0031246584033388647,0.2664062196372715,0.26878220353604165,8.37539283226052e-05,0.0,0.38783841507399974,0.3197541636507671,False,0.0028531944932151942,0.45471042274233286,-0.001683217569476314,G12V,matched_theta,4.1425837348205764e-09,6.324555320336758e-06,0.03162277660168379,31.622776601683793,0.00011,0.8741447571006196,0.00012583728164755018
54.33556472291671,54.16342008104455,25.51349189196256,25.432612026812855,25.552991647041228,0.0031681761798190156,0.5304458134912524,0.5319343388348676,0.5319334438800837,8.949547839476324e-07,1.292957224459995e-09,7.746849115183776e-10,0.0,1.972552221237827e-08,1.965760511266221e-08,1.3174523851717639e-09,1.3161451856944353e-09,1.3125079864442953e-09,0.00019158525850059184,0.0001909473710976695,8.655888372571735e-06,8.62781546744311e-06,0.003968343896473744,0.003961974154449526,0.0039491862447704855,65.440973401106,65.37646451592519,65.19697108133471,431327.4988987463,430635.1496710372,429245.19852498,0.588276565041196,0.1984624471911355,90.13675041653846,33.96542980601288,-0.06450888518081399,0.1794934345904835,0.999014243190036,1.002753094685435,1.003238112584833,1.0032381285820635,0.0014885253436152102,True,25.432660654686437,4.862787358206333e-05,0.0031246584033388647,0.2972909442938163,0.29952197530833957,3.530525850864441e-05,0.0,0.38783841507399974,0.3028937506050461,False,0.0028531944932151942,0.5297188539891271,-0.002066688921338211,G12V,matched_theta,4.1425837348205764e-09,1.9999999999999998e-05,0.03162277660168379,100.0,0.00011,0.8741447571006196,0.00012583728164755018
54.33556472291671,54.16342008104455,23.986862928970627,23.9139418038823,24.03873346445681,0.0031681761798190156,0.5585421251938536,0.5598841766745033,0.559940741517208,-5.6564842704665e-05,1.292957224459995e-09,7.600059823321666e-10,0.0,1.972552221237827e-08,1.965760511266221e-08,4.319179566954533e-10,4.315023329558458e-10,4.3033342072951063e-10,0.00019158525850059184,0.0001909473710976695,2.8085867238358164e-06,2.7995788345821775e-06,0.004085351124054582,0.004078884926268914,0.004065823288144559,68.14442996392144,68.07899568529714,67.89496792772947,444045.0881600057,443342.25481765217,441922.5515614484,0.588276565041196,0.1836408160473116,90.13675041653846,31.705242204449366,-0.06543427862429496,0.18402775756767653,0.9990397706949938,1.0027104771264281,1.0032125444709907,1.0032125612308933,0.0013420514806496975,True,23.91086832121048,-0.003073482671819505,0.0031246584033388647,0.3083555273306223,0.310532031838586,1.5351794314444334e-05,0.0,0.38783841507399974,0.2963126465662495,False,0.0028531944932151942,0.5575874919669663,-0.0022141984042706175,G12V,matched_theta,4.1425837348205764e-09,6.324555320336758e-05,0.03162277660168379,316.2277660168379,0.00011,0.8741447571006196,0.00012583728164755018
54.33556472291671,54.16342008104455,23.47801767762927,23.407797161839635,23.534038097201083,0.0031681761798190156,0.5679069906173788,0.5691993396736135,0.5692759373971712,-7.659772355772532e-05,1.292957224459995e-09,7.552367728675023e-10,0.0,1.972552221237827e-08,1.965760511266221e-08,1.381686718900582e-10,1.3803698429703323e-10,1.3766548724659633e-10,0.00019158525850059184,0.0001909473710976695,8.954753020297364e-07,8.926137260421763e-07,0.004123550793083737,0.004117053318959047,0.004103903447380319,69.03599043394112,68.97023628440307,68.78474317807219,448197.0322983915,447490.7994192113,446061.5058914487,0.588276565041196,0.17879997989472116,90.13675041653846,30.960741627396985,-0.06575414953805137,0.18549310633088112,0.9990475381156302,1.0026967187454734,1.0032042351257366,1.0032042521241686,0.001292349056234654,True,23.403635181273632,-0.004161980566003365,0.0031246584033388647,0.3119996142835043,0.3141578857424514,8.505272217684823e-06,0.0,0.38783841507399974,0.294080600322179,False,0.0028531944932151942,0.5668759822923989,-0.0022638537199072273,G12V,matched_theta,4.1425837348205764e-09,0.00019999999999999998,0.03162277660168379,1000.0,0.00011,0.8741447571006196,0.00012583728164755018
54.33556472291671,53.792611585165936,54.33271390380691,53.78977464211579,53.84342851630377,0.009992592154320135,5.246690863214276e-05,0.010044803685839376,0.010044534782532718,2.689033066580887e-07,4.037315199930537e-09,4.0369954781726205e-09,0.0,1.972552221237827e-08,1.951491012140277e-08,1.9723186055611538e-08,1.9512632238733284e-08,1.9215474945990575e-08,0.00019158525850059184,0.00018960635495559157,0.00018957285121127534,0.00018682326532368037,8.037373322689171e-07,7.961685116147434e-07,7.856282239066355e-07,0.008976379055841366,0.008889070318212735,0.008765564999440374,87.36080103713391,86.53812208368439,85.3924655499619,1.8366359253223932,1.8364740951923166,90.13675041653846,90.23431122551966,-8.730873762863127e-05,0.0001235053187723604,0.9902735014769887,1.0140898297805385,1.0134163811677932,1.0134163655580617,5.221153151924174e-05,True,53.78978925312881,1.4611013021692543e-05,0.009856924227554353,4.7388952540083906e-05,0.00990408945442478,2.4338364475358365e-07,0.0,1.2144725314376554,1.2144622255129567,False,0.009005871085072004,0.00905734962215965,-5.158613291238873e-07,G12V,matched_theta,1.31e-08,2e-10,0.1,0.001,0.00011,0.8741447571006196,0.00012583728164755018
54.33556472291671,53.792611585165936,54.32655067482839,53.7836414347017,53.83738152812613,0.009992592154320135,0.0001658959124523074,0.010157680168220051,0.010156830336579237,8.498316408141887e-07,4.037315199930537e-09,4.03630447067876e-09,0.0,1.972552221237827e-08,1.951491012140277e-08,1.9718137125338538e-08,1.9507709127741566e-08,1.921067403486581e-08,0.00019158525850059184,0.00018960635495559157,0.00018950044341548483,0.00018675227821765092,2.5407399177515066e-06,2.5168201861534052e-06,2.4835042048843795e-06,0.02837918860133156,0.028103246586443694,0.027712831777054994,276.16120954116985,273.5612987510881,269.9400813606745,1.8366359253223932,1.8361242677282366,90.13675041653846,90.21755872474151,-0.0002759420148878665,0.00039041480938870055,0.9902766066090093,1.014087871370545,1.0134149083393948,1.0134148933058043,0.00016508801389991667,True,53.78368761078382,4.617608212242885e-05,0.009856924227554353,0.00014981826449245172,0.010006035467419294,7.697226534954943e-07,0.0,1.2144725314376554,1.2144399266684467,False,0.009005871085072004,0.009168639312594928,-1.63364772829723e-06,G12V,matched_theta,1.31e-08,6.324555320336758e-10,0.1,0.0031622776601683794,0.00011,0.8741447571006196,0.00012583728164755018
54.33556472291671,53.792611585165936,54.30707082173702,53.764256504294586,53.81826905319704,0.009992592154320135,0.0005244060924919358,0.010514443376736682,0.010511758070606558,2.6853061301235215e-06,4.037315199930537e-09,4.034122253279724e-09,0.0,1.972552221237827e-08,1.951491012140277e-08,1.970218903693694e-08,1.949215827674496e-08,1.9195509127031067e-08,0.00019158525850059184,0.00018960635495559157,0.00018927178295699616,0.0001865281054156869,8.02552939207709e-06,7.950037910887091e-06,7.844836744350496e-06,0.08967679894990084,0.08880571601262464,0.08757254774334096,872.3206455283156,864.1152390930218,852.6805979410408,1.8366359253223932,1.8350188979234183,90.13675041653846,90.164632059837,-0.0008710829372761963,0.0012331682692836854,0.9902864180314594,1.0140816762908151,1.0134102429362035,1.013410227909011,0.0005218512224165472,True,53.764402411919626,0.00014590762503985388,0.009856924227554353,0.00047337953429049673,0.010328071896108737,2.4342004642640552e-06,0.0,1.2144725314376554,1.2143692960769725,False,0.009005871085072004,0.009520388209041442,-5.166234857289023e-06,G12V,matched_theta,1.31e-08,2e-09,0.1,0.01,0.00011,0.8741447571006196,0.00012583728164755018
54.33556472291671,53.792611585165936,54.24556996404546,53.703055665469016,53.75792777300369,0.009992592154320135,0.0016562772344443921,0.01164079292583342,0.011632318885866239,8.474039967181976e-06,4.037315199930537e-09,4.027250743337558e-09,0.0,1.972552221237827e-08,1.951491012140277e-08,1.9651935447367375e-08,1.9443154698042198e-08,1.9147721015964084e-08,0.00019158525850059184,0.00018960635495559157,0.00018855184300594664,0.00018582227663465963,2.52893477221235e-05,2.5052107439980473e-05,2.472095641465161e-05,0.28292432894082403,0.2801848789591696,0.27629952126866875,2748.780604250908,2722.994212862329,2687.0003812828854,1.8366359253223932,1.8315322139000363,90.13675041653846,89.99775588072065,-0.0027394499816544293,0.003885357690500857,0.99031737570286,1.0140621224121587,1.0133955588034045,1.0133955439047084,0.0016482007715132863,True,53.70351610721612,0.0004604417471014699,0.009856924227554353,0.0014931110987231877,0.011342981635833027,7.663792518920048e-06,0.0,1.2144725314376554,1.2141447981239386,False,0.009005871085072004,0.010630918310293946,-1.631378996790403e-05,G12V,matched_theta,1.31e-08,6.324555320336758e-09,0.1,0.03162277660168379,0.00011,0.8741447571006196,0.00012583728164755018
54.33556472291671,53.792611585165936,54.05208007512164,53.51051333368887,53.56808436815461,0.009992592154320135,0.005217294588557131,0.015184371294108656,0.015157752445904872,2.6618848203784073e-05,4.037315199930537e-09,4.005810703294164e-09,0.0,1.972552221237827e-08,1.951491012140277e-08,1.9494787160916482e-08,1.9289895785173174e-08,1.8998252101561484e-08,0.00019158525850059184,0.00018960635495559157,0.00018630621747750507,0.00018362048636416092,7.908693664865929e-05,7.835127135829583e-05,7.73190763942349e-05,0.8881662935504389,0.8796527405644275,0.8675070192859483,8596.212971852794,8516.251203473792,8404.058739386182,1.8366359253223932,1.8205936621851129,90.13675041653846,89.47492121203611,-0.008513552986011308,0.012145721278479238,0.9904144606164028,1.0140007181595792,1.013349809803702,1.0133497953270856,0.005191779139788522,True,53.51195968383829,0.00144635014942196,0.009856924227554353,0.004683444472522891,0.014518107036675998,2.390269388836963e-05,0.0,1.2144725314376554,1.2134236390747823,False,0.009005871085072004,0.014124825216703885,-5.1354174447860654e-05,G12V,matched_theta,1.31e-08,2e-08,0.1,0.1,0.00011,0.8741447571006196,0.00012583728164755018
54.33556472291671,53.792611585165936,53.44998282064694,52.91139943205162,52.9773116413876,0.009992592154320135,0.016298384065497107,0.026210554691528443,0.02612811311507626,8.244157645218367e-05,4.037315199930537e-09,3.940810087652375e-09,0.0,1.972552221237827e-08,1.951491012140277e-08,1.9014829763575317e-08,1.882162772487e-08,1.854146935669798e-08,0.00019158525850059184,0.00018960635495559157,0.0001795022408879837,0.0001769476997582414,0.00024158300547071272,0.00023939337290018855,0.00023627189634800645,2.7454840093913466,2.719987663949306,2.6829358488298993,26258.425157731297,26020.42717635659,25681.14429402044,1.8366359253223932,1.7868543223415618,90.13675041653846,87.86873174199579,-0.025496345442040713,0.037051815119406584,0.9907133513235457,1.0138101755714979,1.0132113746934357,1.0132113615519518,0.009912170626031336,True,52.91587894166479,0.004479509613176447,0.009856924227554353,0.014437334816258418,0.024224311578446955,7.236024996587487e-05,0.0,1.2144725314376554,1.2110372222490116,False,0.009005871085072004,0.024997496362750504,-0.00015997764202974746,G12V,matched_theta,1.31e-08,6.324555320336758e-08,0.1,0.31622776601683794,0.00011,0.8741447571006196,0.00012583728164755018
54.33556472291671,53.792611585165936,51.639489545375646,51.11018113564998,51.20059988900096,0.009992592154320135,0.04961897775958801,0.059360450263368336,0.059115747706042304,0.00024470255732603197,4.037315199930537e-09,3.760372262361693e-09,0.0,1.972552221237827e-08,1.951491012140277e-08,1.7646507989123575e-08,1.7484920376880403e-08,1.7236643116603673e-08,0.00019158525850059184,0.00018960635495559157,0.00016059818956646116,0.0001583946720020304,0.0006884358990649854,0.0006826417422684482,0.0006739943915747556,8.107875317108027,8.039601021529865,7.9345005390304895,74828.22552073115,74198.44068319963,73258.5341906586,1.8366359253223932,1.6880684239963342,90.13675041653846,83.21750472359817,-0.06827429557816167,0.10510048249937576,0.9915792617784712,1.0132460111360984,1.0128300039314697,1.0128299931594984,0.009741472503780324,True,51.12347718729143,0.013296051641447093,0.009856924227554353,0.042198342428882984,0.05183873008357376,0.00019940929098630905,0.0,1.2144725314376554,1.202617413869983,False,0.009005871085072004,0.05769636977001058,-0.00048161695757353157,G12V,matched_theta,1.31e-08,2e-07,0.1,1.0,0.00011,0.8741447571006196,0.00012583728164755018
54.33556472291671,53.792611585165936,46.778574777431984,46.27752432139027,46.42942417385087,0.009992592154320135,0.13907999270867,0.14830140153356797,0.14768281521902657,0.0006185863145413972,4.037315199930537e-09,3.3698850195194283e-09,0.0,1.972552221237827e-08,1.951491012140277e-08,1.4335063086132151e-08,1.4236003229957145e-08,1.4056924410595681e-08,0.00019158525850059184,0.00018960635495559157,0.00011902788477144639,0.00011752250074658893,0.0016406816392730691,0.0016289788702687398,0.0016096043678055078,21.14979255399143,21.013352268461208,20.766377487846686,178330.3606694162,177058.35030519683,174952.47962181646,1.8366359253223932,1.4415682730838912,90.13675041653846,71.86829180827174,-0.13644028553022025,0.24697478061452216,0.9935488593951022,1.0118930121904537,1.0120368103185795,1.012036815299403,0.00922140882489797,True,46.31113555812074,0.03361123673047217,0.009856924227554353,0.10631066395557076,0.11553316915927248,0.00041347713533841646,0.0,1.2144725314376554,1.171895029051266,False,0.009005871085072004,0.1455058135382059,-0.0013275137706890427,G12V,matched_theta,1.31e-08,6.324555320336758e-07,0.1,3.1622776601683795,0.00011,0.8741447571006196,0.00012583728164755018
54.33556472291671,53.792611585165936,37.82807538621227,37.404416368123776,37.65805195328013,0.009992592154320135,0.30380634527098593,0.31160343029713666,0.31076312452311855,0.000840305774018113,4.037315199930537e-09,2.8749148444630232e-09,0.0,1.972552221237827e-08,1.951491012140277e-08,8.6960993974136e-09,8.657251924478869e-09,8.566224850643368e-09,0.00019158525850059184,0.00018960635495559157,6.355959359492536e-05,6.283690981132584e-05,0.0028411356246396693,0.002824566982349134,0.0027935282940670723,41.668569436044166,41.49014729511785,41.0718128072466,308810.0281807708,307009.1276982,303635.4481821771,1.8366359253223932,1.0509703192478022,90.13675041653846,54.181010498492114,-0.17842214092631536,0.41833448787124894,0.995718064158642,1.0101854400689476,1.0111109267616807,1.0111109540609329,0.00779708502615073,True,37.45007485689497,0.04565848877119549,0.009856924227554353,0.19812350896511355,0.2064832819621415,0.0004557371850399117,0.0,1.2144725314376554,1.0916951441979237,False,0.009005871085072004,0.30693548239874335,-0.003140693176977183,G12V,matched_theta,1.31e-08,2e-06,0.1,10.0,0.00011,0.8741447571006196,0.00012583728164755018
54.33556472291671,53.792611585165936,29.621674940446724,29.303299676346533,29.64069023896406,0.009992592154320135,0.45483818763084627,0.4606976144302868,0.46028576727996123,0.0004118471503255505,4.037315199930537e-09,2.5543508645658886e-09,0.0,1.972552221237827e-08,1.951491012140277e-08,3.732384914187924e-09,3.7197249822571152e-09,3.6852896864164628e-09,0.00019158525850059184,0.00018960635495559157,2.5202598567524912e-05,2.493609326666168e-05,0.0036331575622980815,0.0036142757001465463,0.0035765807525968327,57.932640878918896,57.73972179301783,57.214863861763526,394895.833790983,392843.49945026694,388746.3366968123,1.8366359253223932,0.7527907169516491,90.13675041653846,40.40032252274688,-0.19291908590106743,0.5248579312543029,0.9966699414531391,1.0091734541660784,1.0105393810897028,1.0105394247268498,0.005859426799440515,True,29.325677623839,0.022377947492465466,0.009856924227554353,0.2664062196372715,0.2738952729769245,0.0002580750328124437,0.0,1.2144725314376554,0.9985603068991575,False,0.009005871085072004,0.4544882271838665,-0.005259617449680565,G12V,matched_theta,1.31e-08,6.324555320336758e-06,0.1,31.622776601683793,0.00011,0.8741447571006196,0.00012583728164755018
54.33556472291671,53.792611585165936,25.51349189196256,25.258169716198353,25.6341793023778,0.009992592154320135,0.5304458134912524,0.5351448016597975,0.5351378769713879,6.924688409570834e-06,4.037315199930537e-09,2.4218690118670728e-09,0.0,1.972552221237827e-08,1.951491012140277e-08,1.3174523851717639e-09,1.3134004312744987e-09,1.3019013535163725e-09,0.00019158525850059184,0.00018960635495559157,8.626506107116328e-06,8.538103027374918e-06,0.003968343896473744,0.003948582565865824,0.003908310409097494,65.440973401106,65.24101110695078,64.67350150170464,431327.4988987463,429179.5716912631,424802.2867677554,1.8366359253223932,0.6214007665312848,90.13675041653846,34.10225565574617,-0.19996229415522748,0.5675096052461441,0.9969443869220954,1.0087749942722861,1.0103042370111104,1.01030428757061,0.004698988168545082,True,25.25854597305362,0.00037625685526876396,0.009856924227554353,0.2972909442938163,0.3043267010145728,0.00010920680464437948,0.0,1.2144725314376554,0.9461644125222199,False,0.009005871085072004,0.5282246640280843,-0.006449893934321715,G12V,matched_theta,1.31e-08,1.9999999999999998e-05,0.1,100.0,0.00011,0.8741447571006196,0.00012583728164755018
54.33556472291671,53.792611585165936,23.986862928970627,23.756374512236324,24.14616792237948,0.009992592154320135,0.5585421251938536,0.5627840690829008,0.5629534336901043,-0.00016936460720351487,4.037315199930537e-09,2.3762076851458004e-09,0.0,1.972552221237827e-08,1.951491012140277e-08,4.319179566954533e-10,4.306295229643462e-10,4.2693302909977985e-10,0.00019158525850059184,0.00018960635495559157,2.799212628128344e-06,2.7708421321666607e-06,0.004085351124054582,0.004065289809362624,0.0040241511997103725,68.14442996392144,67.94158278718655,67.35961277353623,444045.0881600057,441864.55461737805,437393.0931766292,1.8366359253223932,0.5752733824911795,90.13675041653846,31.843091528968657,-0.20284717673489183,0.5819700136503201,0.9970232757564736,1.008639747018839,1.0102229284166093,1.0102229813650558,0.004241943889047195,True,23.747171990659847,-0.009202521576476386,0.009856924227554353,0.3083555273306223,0.31522093897594683,4.792448581564246e-05,0.0,1.2144725314376554,0.9257467962307058,False,0.009005871085072004,0.555610251857831,-0.0069075860460166005,G12V,matched_theta,1.31e-08,6.324555320336758e-05,0.1,316.2277660168379,0.00011,0.8741447571006196,0.00012583728164755018
54.33556472291671,53.792611585165936,23.47801767762927,23.25595578243823,23.65027531327794,0.009992592154320135,0.5679069906173788,0.5719938515218976,0.5722247198328722,-0.0002308683109745191,4.037315199930537e-09,2.361372249792086e-09,0.0,1.972552221237827e-08,1.951491012140277e-08,1.381686718900582e-10,1.3776042042934025e-10,1.365855351775147e-10,0.00019158525850059184,0.00018960635495559157,8.925026208200992e-07,8.834896529283655e-07,0.004123550793083737,0.00410339208200985,0.004061974321447747,69.03599043394112,68.83214233338884,68.24550361056126,448197.0322983915,446005.91240778414,441504.1094932968,1.8366359253223932,0.5602071252300216,90.13675041653846,31.098973868303258,-0.2038481005522783,0.5866387228275869,0.9970472198737073,1.008596005477155,1.0101964604609666,1.0101965141834215,0.004086860904518819,True,23.243411422384803,-0.01254436005342896,0.009856924227554353,0.3119996142835043,0.31880806886505675,2.688691101676577e-05,0.0,1.2144725314376554,0.91882544583668,False,0.009005871085072004,0.5647367348829055,-0.007061629673733916,G12V,matched_theta,1.31e-08,0.00019999999999999998,0.1,1000.0,0.00011,0.8741447571006196,0.00012583728164755018
54.33556472291671,52.634345066082226,54.33271390380691,52.63154070041182,52.79593400517072,0.03130950539503585,5.246690863214276e-05,0.03136111736750191,0.03136032959070912,7.877767927919055e-07,1.2269606360184778e-08,1.226863488999349e-08,0.0,1.972552221237827e-08,1.9099256007934627e-08,1.9723186055611538e-08,1.9097094223942884e-08,1.8188551027192746e-08,0.00019158525850059184,0.0001856937422975455,0.0001856614846992263,0.000177255298048774,8.037373322689171e-07,7.811618264310373e-07,7.487313865169371e-07,0.008976379055841366,0.008716269966945283,0.008336161975580621,87.36080103713391,84.9069982829747,81.38203314516149,5.579088779003096,5.578597317860665,90.13675041653846,90.44226258176485,-0.0002601090888960829,0.00038010799136466156,0.9710229383944279,1.0455974814882585,1.043313851266427,1.0433138003756397,5.1611972466059086e-05,True,52.63158350470873,4.280429691050358e-05,0.030900412564452084,4.7388952540083906e-05,0.030947050330697556,7.131518898750855e-07,0.0,3.721439017009992,3.721399054268402,False,0.028286243825606405,0.028335597975236104,-1.6286672320994788e-06,G12V,matched_theta,4.142583734820577e-08,2e-10,0.31622776601683794,0.001,0.00011,0.8741447571006196,0.00012583728164755018
54.33556472291671,52.634345066082226,54.32655067482839,52.62547802223887,52.790136481630114,0.03130950539503585,0.0001658959124523074,0.03147269581899792,0.03147020718852222,2.4886304757013034e-06,1.2269606360184778e-08,1.2266535285179981e-08,0.0,1.972552221237827e-08,1.9099256007934627e-08,1.9718137125338538e-08,1.909242140745024e-08,1.8184241622366325e-08,0.00019158525850059184,0.0001856937422975455,0.00018559176964912634,0.0001771898547720676,2.5407399177515066e-06,2.469394831822445e-06,2.3668874410708274e-06,0.02837918860133156,0.027557109142491036,0.02635553356966815,276.16120954116985,268.4064877462347,257.2646413738835,5.579088779003096,5.57753494776848,90.13675041653846,90.42575826499426,-0.0008220794588405245,0.0012015755728228862,0.9710323127842369,1.0455910167649098,1.0433089419348311,1.0433088912368595,0.0001631904239620674,True,52.62561324338116,0.00013522114228692317,0.030900412564452084,0.00014981826449245172,0.031047856284616593,2.254901854563396e-06,0.0,3.721439017009992,3.721312617350135,False,0.028286243825606405,0.028442296480536755,-5.1506852926618e-06,G12V,matched_theta,4.142583734820577e-08,6.324555320336758e-10,0.31622776601683794,0.0031622776601683794,0.00011,0.8741447571006196,0.00012583728164755018
54.33556472291671,52.634345066082226,54.30707082173702,52.60631610278419,52.77181257479709,0.03130950539503585,0.0005244060924919358,0.03182535470001624,0.031817492592145724,7.862107870515445e-06,1.2269606360184778e-08,1.22599047369226e-08,0.0,1.972552221237827e-08,1.9099256007934627e-08,1.970218903693694e-08,1.9077660588704228e-08,1.817062754881873e-08,0.00019158525850059184,0.0001856937422975455,0.00018537160577491833,0.00017698317357521228,8.02552939207709e-06,7.800364668868561e-06,7.476673649007698e-06,0.08967679894990084,0.08708172497176403,0.08328631471305861,872.3206455283156,847.8467835625364,812.6638026179775,5.579088779003096,5.574178126072226,90.13675041653846,90.37361441931233,-0.002595073978136811,0.0037954102587054173,0.9710619245052827,1.0455706351251286,1.0432934530857614,1.043293402303902,0.000515849304980387,True,52.60674329485525,0.00042719207105790247,0.030900412564452084,0.00047337953429049673,0.03136628662740182,7.122151568381141e-06,0.0,3.721439017009992,3.7210390079370157,False,0.028286243825606405,0.028779532449767387,-1.6283989735094845e-05,G12V,matched_theta,4.142583734820577e-08,2e-09,0.31622776601683794,0.01,0.00011,0.8741447571006196,0.00012583728164755018
54.33556472291671,52.634345066082226,54.24556996404546,52.54581996573053,52.71396005402725,0.03130950539503585,0.0016562772344443921,0.03293873481048648,0.03291392540847273,2.4809402013749315e-05,1.2269606360184778e-08,1.223902640952688e-08,0.0,1.972552221237827e-08,1.9099256007934627e-08,1.9651935447367375e-08,1.9031142579041215e-08,1.8127721380244868e-08,0.00019158525850059184,0.0001856937422975455,0.0001846783514916789,0.0001763323200692516,2.52893477221235e-05,2.4581769076440723e-05,2.356280272285251e-05,0.28292432894082403,0.274763471117602,0.2628042322225634,2748.780604250908,2671.8716547398344,2561.117046156313,5.579088779003096,5.563589692743143,90.13675041653846,90.20919281486506,-0.008160857823222012,0.011959238895038637,0.971155333817443,1.0455062644687951,1.0432447007927441,1.0432446493414818,0.0016292294154506282,True,52.547167998599384,0.0013480328688544319,0.030900412564452084,0.0014931110987231877,0.03236981111487214,2.242520065197373e-05,0.0,3.721439017009992,3.720171057482328,False,0.028286243825606405,0.029844259043939392,-5.141215441510985e-05,G12V,matched_theta,4.142583734820577e-08,6.324555320336758e-09,0.31622776601683794,0.03162277660168379,0.00011,0.8741447571006196,0.00012583728164755018
54.33556472291671,52.634345066082226,54.05208007512164,52.355501326962624,52.531938618725874,0.03130950539503585,0.005217294588557131,0.03644138799424246,0.036363449070525064,7.793892371739386e-05,1.2269606360184778e-08,1.2173887230247986e-08,0.0,1.972552221237827e-08,1.9099256007934627e-08,1.9494787160916482e-08,1.8885615251903063e-08,1.7993464849626053e-08,0.00019158525850059184,0.0001856937422975455,0.00018251530572891504,0.0001743010485836179,7.908693664865929e-05,7.689303583966173e-05,7.371639370237529e-05,0.8881662935504389,0.862807509094265,0.825413039691415,8596.212971852794,8357.751007225947,8012.471952825799,5.579088779003096,5.530371729349226,90.13675041653846,89.69391599766477,-0.0253587844561739,0.03739446940284996,0.9714481571296718,1.04530394796868,1.0430927501704967,1.0430927005339938,0.005131882599206605,True,52.35973618239671,0.00423485543408475,0.030900412564452084,0.004683444472522891,0.035509080521956005,6.994385140469267e-05,0.0,3.721439017009992,3.717399732501503,False,0.028286243825606405,0.0331942092327262,-0.00016175151459538878,G12V,matched_theta,4.142583734820577e-08,2e-08,0.31622776601683794,0.1,0.00011,0.8741447571006196,0.00012583728164755018
54.33556472291671,52.634345066082226,53.44998282064694,51.76336702359294,51.965424665113474,0.03130950539503585,0.016298384065497107,0.04733911780324074,0.04709759511670391,0.00024152268653682835,1.2269606360184778e-08,1.1976439935347099e-08,0.0,1.972552221237827e-08,1.9099256007934627e-08,1.9014829763575317e-08,1.8440580467695655e-08,1.758261159739986e-08,0.00019158525850059184,0.0001856937422975455,0.00017595544337887985,0.0001681358627665817,0.00024158300547071272,0.00023505528761188127,0.00022544377691503716,2.7454840093913466,2.669569703879594,2.5554018003133434,26258.425157731297,25548.907122992194,24504.202527241257,5.579088779003096,5.427916247578671,90.13675041653846,88.10968207932422,-0.07591430551175282,0.1141679035662504,0.9723493907624025,1.0446770850487195,1.0426337370157988,1.042633690877699,0.016029612408204885,True,51.77649029515932,0.013123271566378492,0.030900412564452084,0.014437334816258418,0.0451033864763728,0.00021175869781581147,0.0,3.721439017009992,3.708386731051025,False,0.028286243825606405,0.043620418226804514,-0.0005031895986589707,G12V,matched_theta,4.142583734820577e-08,6.324555320336758e-08,0.31622776601683794,0.31622776601683794,0.00011,0.8741447571006196,0.00012583728164755018
54.33556472291671,52.634345066082226,51.639489545375646,49.983677017360876,50.26082253731541,0.03130950539503585,0.04961897775958801,0.080092803447396,0.07937493750276388,0.0007178659446321206,1.2269606360184778e-08,1.1428663550660178e-08,0.0,1.972552221237827e-08,1.9099256007934627e-08,1.7646507989123575e-08,1.7166641143520514e-08,1.640383667815945e-08,0.00019158525850059184,0.0001856937422975455,0.00015768024661463152,0.00015091920375397304,0.0006884358990649854,0.0006711771363104409,0.0006445106494725225,8.107875317108027,7.904823936719205,7.580196551042554,74828.22552073115,72952.31710799248,70053.85659296453,5.579088779003096,5.127960308908633,90.13675041653846,83.51142871654494,-0.2030513803888221,0.32462738567665106,0.9749562773911467,1.042825721403227,1.0413747807887157,1.0413747458882805,0.030473825687807987,True,50.02268266885781,0.03900565149693591,0.030900412564452084,0.042198342428882984,0.07237840003005647,0.0005835912273099014,0.0,3.721439017009992,3.6778896077614225,False,0.028286243825606405,0.07499217513207734,-0.0015095119498320236,G12V,matched_theta,4.142583734820577e-08,2e-07,0.31622776601683794,1.0,0.00011,0.8741447571006196,0.00012583728164755018
54.33556472291671,52.634345066082226,46.778574777431984,45.21523302491655,45.6798077351436,0.03130950539503585,0.13907999270867,0.16785197217529868,0.1660349723216522,0.0018169998536464727,1.2269606360184778e-08,1.0245345122493326e-08,0.0,1.972552221237827e-08,1.9099256007934627e-08,1.4335063086132151e-08,1.4041441588300682e-08,1.348697442290279e-08,0.00019158525850059184,0.0001856937422975455,0.0001172354945512385,0.00011259283206886694,0.0016406816392730691,0.0016058656302707594,0.0015459147973809159,21.14979255399143,20.745004764209952,19.977578451933752,178330.3606694162,174546.09994566612,168029.8719923239,5.579088779003096,4.37992737406323,90.13675041653846,72.233924555241,-0.40478778978147645,0.7674263122762,0.9808609096875003,1.038414381108433,1.0387801662752774,1.0387801756680497,0.028771979466628683,True,45.31396073806589,0.09872771314933715,0.030900412564452084,0.10631066395557076,0.13513470833080443,0.0012086751870095391,0.0,3.721439017009992,3.5740594529099936,False,0.028286243825606405,0.15930186852594608,-0.0041303174233093265,G12V,matched_theta,4.142583734820577e-08,6.324555320336758e-07,0.31622776601683794,3.1622776601683795,0.00011,0.8741447571006196,0.00012583728164755018
54.33556472291671,52.634345066082226,37.82807538621227,36.50969152265649,37.282524186616065,0.03130950539503585,0.30380634527098593,0.32807008248028635,0.32560382425971374,0.0024662582205726147,1.2269606360184778e-08,8.751034346839664e-09,0.0,1.972552221237827e-08,1.9099256007934627e-08,8.6960993974136e-09,8.581005468440683e-09,8.296236148992241e-09,0.00019158525850059184,0.0001856937422975455,6.27995871390121e-05,6.055722301578653e-05,0.0028411356246396693,0.0027918452050567436,0.0026953915878798933,41.668569436044166,41.139762253172584,39.82886873957175,308810.0281807708,303452.48900637025,292968.6852842479,5.579088779003096,3.1984928128577814,90.13675041653846,54.56952048243938,-0.5288071828715815,1.3108935136008313,0.9873092071547301,1.0329131495592392,1.0357846398313937,1.0357847246095624,0.024263737209300418,True,36.643697055823836,0.13400553316734687,0.030900412564452084,0.19812350896511355,0.2242304792362919,0.001328655872465223,0.0,3.721439017009992,3.3205436860403936,False,0.028286243825606405,0.3138467525507894,-0.00965229618770147,G12V,matched_theta,4.142583734820577e-08,2e-06,0.31622776601683794,10.0,0.00011,0.8741447571006196,0.00012583728164755018
54.33556472291671,52.634345066082226,29.621674940446724,28.627520977041144,29.653635453551434,0.03130950539503585,0.45483818763084627,0.473134748428093,0.4719069343363858,0.0012278140917071911,1.2269606360184778e-08,7.786469811985806e-09,0.0,1.972552221237827e-08,1.9099256007934627e-08,3.732384914187924e-09,3.6948170764812813e-09,3.5864250171071336e-09,0.00019158525850059184,0.0001856937422975455,2.4939078001585564e-05,2.410928273756049e-05,0.0036331575622980815,0.0035769495638337465,0.0034595187637474585,57.932640878918896,57.36009121901535,55.70699092408383,394895.833790983,388786.39334237925,376022.53546125843,5.579088779003096,2.3001109155990083,90.13675041653846,40.79240761259478,-0.5725496599035438,1.6531002949315194,0.9901169763501686,1.0296749163347259,1.0339442587555396,1.0339443960864305,0.01829656079724673,True,28.694234949088816,0.0667139720476726,0.030900412564452084,0.2664062196372715,0.28982921341665113,0.0007546433114552498,0.0,3.721439017009992,3.0373693347953465,False,0.028286243825606405,0.45424998148506146,-0.016008786094868166,G12V,matched_theta,4.142583734820577e-08,6.324555320336758e-06,0.31622776601683794,31.622776601683793,0.00011,0.8741447571006196,0.00012583728164755018
54.33556472291671,52.634345066082226,25.51349189196256,24.711338124153563,25.854562101304644,0.03130950539503585,0.5304458134912524,0.545208773477029,0.5451473228270097,6.145065001927907e-05,1.2269606360184778e-08,7.388237952549786e-09,0.0,1.972552221237827e-08,1.9099256007934627e-08,1.3174523851717639e-09,1.3054182922482025e-09,1.2691393759166034e-09,0.00019158525850059184,0.0001856937422975455,8.540760383696171e-06,8.265146424769873e-06,0.003968343896473744,0.003909499417098644,0.0037839209551812454,65.440973401106,64.84707214300373,63.0562509975552,431327.4988987463,424931.4890753684,411282.04571872146,5.579088779003096,1.9046178565036158,90.13675041653846,34.50018587377705,-0.593901258102278,1.7908211454485254,0.9909246267707222,1.028400374540471,1.0331873903828372,1.0331875497574767,0.014762959985776591,True,24.71467707992495,0.0033389557713867646,0.030900412564452084,0.2972909442938163,0.3193294977359774,0.0003245537080635019,0.0,3.721439017009992,2.8804421705540255,False,0.028286243825606405,0.5241687054666764,-0.019559032233496754,G12V,matched_theta,4.142583734820577e-08,1.9999999999999998e-05,0.31622776601683794,100.0,0.00011,0.8741447571006196,0.00012583728164755018
54.33556472291671,52.634345066082226,23.986862928970627,23.260073991924802,24.44519736576115,0.03130950539503585,0.5585421251938536,0.5719180593679452,0.5723639529067777,-0.00044589353883250915,1.2269606360184778e-08,7.250994172068059e-09,0.0,1.972552221237827e-08,1.9099256007934627e-08,4.319179566954533e-10,4.2809033165044927e-10,4.1641929670190835e-10,0.00019158525850059184,0.0001856937422975455,2.771851191464814e-06,2.6833621508355863e-06,0.004085351124054582,0.0040256070243891336,0.003897286362790643,68.14442996392144,67.5418123487418,65.70422474963806,444045.0881600057,437551.2954195909,423603.797047199,5.579088779003096,1.7657396908113459,90.13675041653846,32.24413162545241,-0.6026176151796392,1.8375875991037418,0.9911567590263989,1.0279675714325183,1.0329256435512753,1.032925810556032,0.013375934174091553,True,23.23584611468604,-0.02422787723876141,0.030900412564452084,0.3083555273306223,0.32987537695123714,0.00014775006720813,0.0,3.721439017009992,2.8195721525048367,False,0.028286243825606405,0.550106868486248,-0.020922441793106317,G12V,matched_theta,4.142583734820577e-08,6.324555320336758e-05,0.31622776601683794,316.2277660168379,0.00011,0.8741447571006196,0.00012583728164755018
54.33556472291671,52.634345066082226,23.47801767762927,22.776776077365106,23.97567191408507,0.03130950539503585,0.5679069906173788,0.5808127477184624,0.5814356090258013,-0.0006228613073389067,1.2269606360184778e-08,7.206402453689513e-09,0.0,1.972552221237827e-08,1.9099256007934627e-08,1.381686718900582e-10,1.3695575221420195e-10,1.3324536094874865e-10,0.00019158525850059184,0.0001856937422975455,8.838253502204924e-07,8.557095109416234e-07,0.004123550793083737,0.004063514584067948,0.003934310099444054,69.03599043394112,68.43035293185874,66.5776586821792,448197.0322983915,441671.4892020425,427627.92638969934,5.579088779003096,1.7203707696513515,90.13675041653846,31.501165627292984,-0.6056375020823879,1.85269424967953,0.9912272207833115,1.0278275668798105,1.0328404425065916,1.0328406120033078,0.012905757101083548,True,22.74293255648679,-0.033843520878317435,0.030900412564452084,0.3119996142835043,0.3333461868906986,8.707684405240279e-05,0.0,3.721439017009992,2.7989665312711236,False,0.028286243825606405,0.5587480863344552,-0.021381192501660484,G12V,matched_theta,4.142583734820577e-08,0.00019999999999999998,0.31622776601683794,1000.0,0.00011,0.8741447571006196,0.00012583728164755018
54.33556472291671,49.15216354148734,54.33271390380691,49.14947823311361,49.61353480034582,0.09539610396730092,5.246690863214276e-05,0.09544552479116497,0.09544356573726234,1.959053902628183e-06,3.4349369721662536e-08,3.4346673783266945e-08,0.0,1.972552221237827e-08,1.808580612163647e-08,1.9723186055611538e-08,1.8083930581607298e-08,1.549753629640084e-08,0.00019158525850059184,0.00017611120200265433,0.00017608203062195437,0.00015215905635178786,8.037373322689171e-07,7.441718521045658e-07,6.503429375112269e-07,0.008976379055841366,0.008292188485267553,0.007191514372676084,87.36080103713391,80.88644115492586,70.68788548881757,15.601501482513573,15.600139470129404,90.13675041653846,90.94929177411109,-0.0006841905705738133,0.0011006741125914685,0.9237787791360507,1.153051785139086,1.1442760568022914,1.1442758627674843,4.9420823864054775e-05,True,49.149584679413735,0.00010644630012279777,0.094302519508762,4.7388952540083906e-05,0.09434721288531633,1.7733216356591308e-06,0.0,10.631241672576698,10.631074103223968,False,0.08686199398280803,0.08690495712432178,-4.9463868164872915e-06,G12V,matched_theta,1.31e-07,2e-10,1.0,0.001,0.00011,0.8741447571006196,0.00012583728164755018
54.33556472291671,49.15216354148734,54.32655067482839,49.14367294856097,49.608488069601805,0.09539610396730092,0.0001658959124523074,0.09555236613131202,0.09554617405604117,6.192075270847197e-06,3.4349369721662536e-08,3.4340847200269496e-08,0.0,1.972552221237827e-08,1.808580612163647e-08,1.9718137125338538e-08,1.8079876390493373e-08,1.5494429654536118e-08,0.00019158525850059184,0.00017611120200265433,0.00017601898202938973,0.00015210754024048802,2.5407399177515066e-06,2.352497399073253e-06,2.0559141793129676e-06,0.02837918860133156,0.026216811082781274,0.02273733424529622,276.16120954116985,255.7005365529188,223.4639868990966,15.601501482513573,15.597195258395649,90.13675041653846,90.9333943468209,-0.002162377518550286,0.0034794768374850557,0.9238041105076265,1.1530292337680206,1.14425856037405,1.144258366196511,0.0001562621640111006,True,49.14400939846762,0.0003364499066478288,0.094302519508762,0.00014981826449245172,0.09444381519888101,5.605665436614338e-06,0.0,10.631241672576698,10.630711754812644,False,0.08686199398280803,0.08699783792476534,-1.5641920745781968e-05,G12V,matched_theta,1.31e-07,6.324555320336758e-10,1.0,0.0031622776601683794,0.00011,0.8741447571006196,0.00012583728164755018
54.33556472291671,49.15216354148734,54.30707082173702,49.12532454985049,49.59253646311802,0.09539610396730092,0.0005244060924919358,0.09589005285278163,0.0958704837616724,1.956909110922833e-05,3.4349369721662536e-08,3.432244689310271e-08,0.0,1.972552221237827e-08,1.808580612163647e-08,1.970218903693694e-08,1.8067069243656916e-08,1.5484615510062196e-08,0.00019158525850059184,0.00017611120200265433,0.00017581985900059528,0.00015194482680652553,8.02552939207709e-06,7.4314525719114014e-06,6.494870729383385e-06,0.08967679894990084,0.0828509747224428,0.07185949434227563,872.3206455283156,807.7485627931777,705.9485794236339,15.601501482513573,15.587892178214183,90.13675041653846,90.88316407185548,-0.006825824227458047,0.01099148038016716,0.9238841672830964,1.1529579421727265,1.1442033077411125,1.1442031138481186,0.0004939488854807106,True,49.12638784746702,0.0010632976165325658,0.094302519508762,0.00047337953429049673,0.09474896313331016,1.770497302513996e-05,0.0,10.631241672576698,10.629565656964006,False,0.08686199398280803,0.08729141371743676,-4.943539901261507e-05,G12V,matched_theta,1.31e-07,2e-09,1.0,0.01,0.00011,0.8741447571006196,0.00012583728164755018
54.33556472291671,49.15216354148734,54.24556996404546,49.06739779126073,49.54216972672394,0.09539610396730092,0.0016562772344443921,0.09695614573108613,0.09689437880648957,6.176692459655686e-05,3.4349369721662536e-08,3.42645094024903e-08,0.0,1.972552221237827e-08,1.808580612163647e-08,1.9651935447367375e-08,1.8026696951795897e-08,1.54536699638904e-08,0.00019158525850059184,0.00017611120200265433,0.00017519267336703613,0.00015143217604691943,2.52893477221235e-05,2.342261720532513e-05,2.0473788533776034e-05,0.28292432894082403,0.26146073792026087,0.226818114994401,2748.780604250908,2545.879782258132,2225.362461550804,15.601501482513573,15.558546904060815,90.13675041653846,90.72474144829273,-0.021463591020563166,0.03464262292585987,0.9241366371675571,1.152733051884833,1.1440294582843988,1.1440292654545665,0.0015600417637852138,True,49.070753931989884,0.003356140729152912,0.094302519508762,0.0014931110987231877,0.09571057619180245,5.574972283335644e-05,0.0,10.631241672576698,10.6259391019586,False,0.08686199398280803,0.08821837079703876,-0.00015603287704149538,G12V,matched_theta,1.31e-07,6.324555320336758e-09,1.0,0.03162277660168379,0.00011,0.8741447571006196,0.00012583728164755018
54.33556472291671,49.15216354148734,54.05208007512164,48.88517183154054,49.38365741561224,0.09539610396730092,0.005217294588557131,0.10030986001839415,0.10011568897886002,0.00019417103953413284,3.4349369721662536e-08,3.4083761595852886e-08,0.0,1.972552221237827e-08,1.808580612163647e-08,1.9494787160916482e-08,1.7900287387338423e-08,1.5356704810409663e-08,0.00019158525850059184,0.00017611120200265433,0.0001732340365048974,0.0001498298028192351,7.908693664865929e-05,7.330046384122456e-05,6.410250955054499e-05,0.8881662935504389,0.8214898476191641,0.7130822706694834,8596.212971852794,7967.263038516333,6967.508976924385,15.601501482513573,15.466479442404614,90.13675041653846,90.22792023280422,-0.06667644593127475,0.10840757694968073,0.9249279707916678,1.1520267455926247,1.1434882090447172,1.1434880191619448,0.004913756051093232,True,48.89572222462646,0.010550393085921428,0.094302519508762,0.004683444472522891,0.09871823069115349,0.00017392732360688168,0.0,10.631241672576698,10.614449240877567,False,0.08686199398280803,0.09113565548746261,-0.0004904484727447644,G12V,matched_theta,1.31e-07,2e-08,1.0,0.1,0.00011,0.8741447571006196,0.00012583728164755018
54.33556472291671,49.15216354148734,53.44998282064694,48.31830846733571,48.88988437218883,0.09539610396730092,0.016298384065497107,0.11074249961817628,0.11013968569198686,0.0006028139261894244,3.4349369721662536e-08,3.3536022547861907e-08,0.0,1.972552221237827e-08,1.808580612163647e-08,1.9014829763575317e-08,1.751266594453443e-08,1.5058672666795117e-08,0.00019158525850059184,0.00017611120200265433,0.00016727781381168302,0.00014494358003505902,0.00024158300547071272,0.00022437882787010473,0.00019650326171978555,2.7454840093913466,2.546054592164341,2.2142656932131266,26258.425157731297,24388.449232514078,21358.56855826815,15.601501482513573,15.182457639354748,90.13675041653846,88.69717575629758,-0.1994294172270057,0.33178889895121433,0.9273609255982453,1.1498415027465627,1.1418580328201873,1.1418578527854117,0.015346395650875366,True,48.35106270243805,0.032754235102338214,0.094302519508762,0.014437334816258418,0.10790530828230993,0.0005269310054542425,0.0,10.631241672576698,10.577928093889122,False,0.08686199398280803,0.10022312970331737,-0.001521538206361056,G12V,matched_theta,1.31e-07,6.324555320336758e-08,1.0,0.31622776601683794,0.00011,0.8741447571006196,0.00012583728164755018
54.33556472291671,49.15216354148734,51.639489545375646,46.61546752605423,47.40021858581159,0.09539610396730092,0.04961897775958801,0.14208184337884366,0.14028162456578408,0.0018002188130595842,3.4349369721662536e-08,3.201771375434367e-08,0.0,1.972552221237827e-08,1.808580612163647e-08,1.7646507989123575e-08,1.6393589796810705e-08,1.4191509816471014e-08,0.00019158525850059184,0.00017611120200265433,0.00015055324027211218,0.00013111189182058285,0.0006884358990649854,0.0006430349527081019,0.0005653433497678547,8.107875317108027,7.575820178691285,6.625617081758186,74828.22552073115,69893.45577107291,61448.922943600264,15.601501482513573,14.35045109301573,90.13675041653846,84.22697584167732,-0.5320551384167418,0.950203096933099,0.9343779821953998,1.1434135243869166,1.1374237496065875,1.1374236100968491,0.04668573941154275,True,46.713283431886644,0.0978159058324124,0.094302519508762,0.042198342428882984,0.13397572615028563,0.0014542742227778016,0.0,10.631241672576698,10.461433611147363,False,0.08686199398280803,0.12763916547977006,-0.004531802915039573,G12V,matched_theta,1.31e-07,2e-07,1.0,1.0,0.00011,0.8741447571006196,0.00012583728164755018
54.33556472291671,49.15216354148734,46.778574777431984,42.06694987782342,43.37842083257233,0.09539610396730092,0.13907999270867,0.22579345420732966,0.2212084072317632,0.00458504697556647,3.4349369721662536e-08,2.874774250709831e-08,0.0,1.972552221237827e-08,1.808580612163647e-08,1.4335063086132151e-08,1.3571706781576451e-08,1.1936406705031979e-08,0.00019158525850059184,0.00017611120200265433,0.00011286628637023071,9.932735580292723e-05,0.0016406816392730691,0.0015493391784587673,0.0013729702806248544,21.14979255399143,20.095111726396116,17.810153747187144,178330.3606694162,168402.06185446342,149232.02643009418,15.601501482513573,12.275009582018228,90.13675041653846,73.11869563695059,-1.0546808275953126,2.284957979208972,0.9501328050900305,1.1282952416718945,1.1284579137092796,1.128457918068607,0.08671346149865966,True,42.316080994521926,0.24913111669850707,0.094302519508762,0.10631066395557076,0.1936018247188721,0.0030140047161990036,0.0,10.631241672576698,10.106701520446457,False,0.08686199398280803,0.20165694322346972,-0.012204277978218825,G12V,matched_theta,1.31e-07,6.324555320336758e-07,1.0,3.1622776601683795,0.00011,0.8741447571006196,0.00012583728164755018
54.33556472291671,49.15216354148734,37.82807538621227,33.87915434689704,36.0449551233291,0.09539610396730092,0.30380634527098593,0.3764828888838606,0.37022050753889013,0.00626238134497048,3.4349369721662536e-08,2.4646910370113793e-08,0.0,1.972552221237827e-08,1.808580612163647e-08,8.6960993974136e-09,8.39729111544213e-09,7.534016951393812e-09,0.00019158525850059184,0.00017611120200265433,6.0943910973433185e-05,5.429848647303137e-05,0.0028411356246396693,0.0027118289595666205,0.0024248160616823573,41.668569436044166,40.294462827633,36.30239867146911,308810.0281807708,294755.2549134075,263559.069046354,15.601501482513573,9.01454628098848,90.13675041653846,55.50668118638895,-1.374106608411168,3.9920641561638845,0.9670229473435549,1.1099669526603855,1.118364812251009,1.1183650632092907,0.07267654361287468,True,34.21942437378627,0.3402700268892289,0.094302519508762,0.19812350896511355,0.27706523233711977,0.0033227499325712007,0.0,10.631241672576698,9.343703088309471,False,0.08686199398280803,0.3366231618804416,-0.027655952438485065,G12V,matched_theta,1.31e-07,2e-06,1.0,10.0,0.00011,0.8741447571006196,0.00012583728164755018
54.33556472291671,49.15216354148734,29.621674940446724,26.61506983589883,29.47866539497612,0.09539610396730092,0.45483818763084627,0.5101722054123864,0.5068445005626162,0.0033277048497701855,3.4349369721662536e-08,2.2014933974143278e-08,0.0,1.972552221237827e-08,1.808580612163647e-08,3.732384914187924e-09,3.634563496466694e-09,3.300627639240676e-09,0.00019158525850059184,0.00017611120200265433,2.429387996173249e-05,2.1812046071042398e-05,0.0036331575622980815,0.0034855110413294886,0.0031337720284991704,57.932640878918896,56.44135949943415,51.339800844985135,394895.833790983,378847.6234469011,340616.2314762748,15.601501482513573,6.55140809611456,90.13675041653846,41.74126747318297,-1.4912813794847466,5.101558654449015,0.9742583566559382,1.0993684932641754,1.1122414169350965,1.1122418382850592,0.055334017781540124,True,26.79588255814228,0.18081272224345213,0.094302519508762,0.2664062196372715,0.3375334926165262,0.0019475311950920005,0.0,10.631241672576698,8.557779045095437,False,0.08686199398280803,0.45747015706375604,-0.0447218726327564,G12V,matched_theta,1.31e-07,6.324555320336758e-06,1.0,31.622776601683793,0.00011,0.8741447571006196,0.00012583728164755018
54.33556472291671,49.15216354148734,25.51349189196256,23.049404808845544,26.237080854791625,0.09539610396730092,0.5304458134912524,0.575795247065424,0.5752394534857224,0.0005557935797015912,3.4349369721662536e-08,2.092947677805821e-08,0.0,1.972552221237827e-08,1.808580612163647e-08,1.3174523851717639e-09,1.286069420916207e-09,1.1736179905427749e-09,0.00019158525850059184,0.00017611120200265433,8.330568603201713e-06,7.503346571446066e-06,0.003968343896473744,0.0038136760872860462,0.003436585720877731,65.440973401106,63.892025613201476,58.337970122214784,431327.4988987463,414516.1175789313,373529.2420859011,15.601501482513573,5.467634679043785,90.13675041653846,35.46490728422819,-1.548947787904531,5.554055490986691,0.9763306120400961,1.0952048122235185,1.1097282003231985,1.1097286928973673,0.04534943357417154,True,23.079604166868005,0.030199358022461098,0.094302519508762,0.2972909442938163,0.3644791288525997,0.0009209501240672879,0.0,10.631241672576698,8.135925462206043,False,0.08686199398280803,0.5171287721295035,-0.054103454284874064,G12V,matched_theta,1.31e-07,1.9999999999999998e-05,1.0,100.0,0.00011,0.8741447571006196,0.00012583728164755018
54.33556472291671,49.15216354148734,23.986862928970627,21.733934158271165,25.03807436898119,0.09539610396730092,0.5585421251938536,0.6000053690597863,0.6006554865160445,-0.0006501174562582035,3.4349369721662536e-08,2.055528361718153e-08,0.0,1.972552221237827e-08,1.808580612163647e-08,4.319179566954533e-10,4.2193126579758415e-10,3.8568226665175955e-10,0.00019158525850059184,0.00017611120200265433,2.7047520011699023e-06,2.4388526086289593e-06,0.004085351124054582,0.003928286222148227,0.0035426378913335417,68.14442996392144,66.57208594513672,60.863690635210716,444045.0881600057,426973.15837674815,385056.1029105548,15.601501482513573,5.086623266478347,90.13675041653846,33.216937713907285,-1.5723440187847189,5.708395309926004,0.9769263016857404,1.0937898318414427,1.1088590882398983,1.108859605520732,0.0414632438659327,True,21.69860965914915,-0.03532449912201585,0.094302519508762,0.3083555273306223,0.3740788100833463,0.0004994663756925921,0.0,10.631241672576698,7.973882744255784,False,0.08686199398280803,0.5391954699162064,-0.057692566542721924,G12V,matched_theta,1.31e-07,6.324555320336758e-05,1.0,316.2277660168379,0.00011,0.8741447571006196,0.00012583728164755018
54.33556472291671,49.15216354148734,23.47801767762927,21.296490146827566,24.638986980223624,0.09539610396730092,0.5679069906173788,0.6080561552009507,0.6091269802639873,-0.0010708250630365734,3.4349369721662536e-08,2.0433679055072517e-08,0.0,1.972552221237827e-08,1.808580612163647e-08,1.381686718900582e-10,1.3500355706180213e-10,1.234720221930919e-10,0.00019158525850059184,0.00017611120200265433,8.625431154247755e-07,7.780265347208688e-07,0.004123550793083737,0.0039657075746120036,0.00357729818301945,69.03599043394112,67.45556281824526,61.69724041831759,448197.0322983915,431040.50464681716,388823.3447318256,15.601501482513573,4.962075994179662,90.13675041653846,32.47693189675345,-1.5804276156958679,5.758322399927664,0.9771071928459093,1.0933319279903813,1.1085761856353593,1.1085767109588265,0.04014916458357187,True,21.23830626230802,-0.058183884519547036,0.094302519508762,0.3119996142835043,0.37723465873841344,0.0003548746588434848,0.0,10.631241672576698,7.919189272584181,False,0.08686199398280803,0.5465403349377205,-0.058899116060665,G12V,matched_theta,1.31e-07,0.00019999999999999998,1.0,1000.0,0.00011,0.8741447571006196,0.00012583728164755018
54.33556472291671,40.28213658692217,54.33271390380691,40.27983725958751,41.26733334453989,0.2586414295620144,5.246690863214276e-05,0.2586837467321108,0.25868032635439325,3.420377717555656e-06,7.819468355384886e-08,7.818884923895544e-08,0.0,1.972552221237827e-08,1.6599500150616675e-08,1.9723186055611538e-08,1.6598051501518514e-08,1.0520960889283749e-08,0.00019158525850059184,0.00016194025566803176,0.00016191571187638295,0.00010577907908140027,8.037373322689171e-07,6.888482272814542e-07,4.6213959950913563e-07,0.008976379055841366,0.007663065934549849,0.004997583540271213,87.36080103713391,74.87314050366466,50.23147812944807,35.46842721614986,35.46548524305148,90.13675041653846,91.6928943552558,-0.0013133131212915167,0.002665482394278636,0.8536923281513072,1.53335424466641,1.4905630852952625,1.490562159264242,4.231717009639535e-05,True,40.28002310774235,0.00018584815484246064,0.25665075895708034,4.7388952540083906e-05,0.2566890719930278,3.0864940430141985e-06,0.0,24.937739596643393,24.937228658388463,False,0.24048167925842268,0.24050971854287406,-1.1810293887387635e-05,G12V,matched_theta,4.142583734820577e-07,2e-10,3.1622776601683795,0.001,0.00011,0.8741447571006196,0.00012583728164755018
54.33556472291671,40.28213658692217,54.32655067482839,40.27486629603467,41.26403954600295,0.2586414295620144,0.0001658959124523074,0.2587752331016403,0.25876441791851157,1.0815183128731753e-05,7.819468355384886e-08,7.817623963151573e-08,0.0,1.972552221237827e-08,1.6599500150616675e-08,1.9718137125338538e-08,1.6594920626369332e-08,1.0519619019170209e-08,0.00019158525850059184,0.00016194025566803176,0.00016186266360739538,0.00010574991257432231,2.5407399177515066e-06,2.1776640420860587e-06,1.4610314723108758e-06,0.02837918860133156,0.024228521431180056,0.015801831855635173,276.16120954116985,236.6973433437137,158.80433164033857,35.46842721614986,35.45912540588075,90.13675041653846,91.67789441546661,-0.004150667170151504,0.008426689575544884,0.8537425707105398,1.5332729554731845,1.4904976951945488,1.4904967698222986,0.00013380353962588742,True,40.275453945117555,0.0005876490828811143,0.25665075895708034,0.00014981826449245172,0.2567718841489893,9.757898704165768e-06,0.0,24.937739596643393,24.936123835783036,False,0.24048167925842268,0.24057033811228024,-3.7342130986106614e-05,G12V,matched_theta,4.142583734820577e-07,6.324555320336758e-10,3.1622776601683795,0.0031622776601683794,0.00011,0.8741447571006196,0.00012583728164755018
54.33556472291671,40.28213658692217,54.30707082173702,40.25915505260529,41.25362737504994,0.2586414295620144,0.0005244060924919358,0.2590643852160889,0.2590302025130732,3.4182703015694926e-05,7.819468355384886e-08,7.8136417895828e-08,0.0,1.972552221237827e-08,1.6599500150616675e-08,1.970218903693694e-08,1.6585026935654945e-08,1.0515378570365472e-08,0.00019158525850059184,0.00016194025566803176,0.00016169508518917966,0.0001056577568427282,8.02552939207709e-06,6.879731222689851e-06,4.616367179519821e-06,0.08967679894990084,0.0765751315606925,0.04995064323916885,872.3206455283156,747.780215962651,501.76817638856664,35.46842721614986,35.43902895098815,90.13675041653846,91.63049489833843,-0.013101667389208344,0.02662448832152365,0.8539012593822872,1.5330159252212798,1.4902911651419932,1.4902902398967086,0.0004229556540744639,True,40.2610123890774,0.0018573364721135022,0.25665075895708034,0.00047337953429049673,0.25703346541988614,3.082014526573085e-05,0.0,24.937739596643393,24.93263127750657,False,0.24048167925842268,0.24076196529065053,-0.00011801000252828486,G12V,matched_theta,4.142583734820577e-07,2e-09,3.1622776601683795,0.01,0.00011,0.8741447571006196,0.00012583728164755018
54.33556472291671,40.28213658692217,54.24556996404546,40.209553273895516,41.22073922495365,0.2586414295620144,0.0016562772344443921,0.25997726389808495,0.2598693248847911,0.00010793901329386735,7.819468355384886e-08,7.801101910314922e-08,0.0,1.972552221237827e-08,1.6599500150616675e-08,1.9651935447367375e-08,1.6553820889920822e-08,1.0501994019206042e-08,0.00019158525850059184,0.00016194025566803176,0.00016116696405912403,0.00010536707184218743,2.52893477221235e-05,2.168934828217731e-05,1.4560112778158134e-05,0.28292432894082403,0.2417310291073464,0.15776677666135167,2748.780604250908,2357.4852774651595,1582.5866379806062,35.46842721614986,35.37562687746488,90.13675041653846,91.48094280171259,-0.04119329983347764,0.08396425244599473,0.8544017052627045,1.5322049053852766,1.4896415029637586,1.4896405801032988,0.0013358343360705405,True,40.21541820113847,0.005864927242953399,0.25665075895708034,0.0014931110987231877,0.25785774174946197,9.707979035300518e-05,0.0,24.937739596643393,24.921596515934258,False,0.24048167925842268,0.24136724380876307,-0.0003724083534473177,G12V,matched_theta,4.142583734820577e-07,6.324555320336758e-09,3.1622776601683795,0.03162277660168379,0.00011,0.8741447571006196,0.00012583728164755018
54.33556472291671,40.28213658692217,54.05208007512164,40.05351096808675,41.117116744895874,0.2586414295620144,0.005217294588557131,0.2628490902351167,0.26250931561974095,0.00033977461537576525,7.819468355384886e-08,7.76197087818487e-08,0.0,1.972552221237827e-08,1.6599500150616675e-08,1.9494787160916482e-08,1.645592764090149e-08,1.0459913763196107e-08,0.00019158525850059184,0.00016194025566803176,0.00015951473733759013,0.00010445517474014708,7.908693664865929e-05,6.79312708764449e-05,4.566439155274565e-05,0.8881662935504389,0.7602437971783551,0.49700266320004666,8596.212971852794,7383.6684283180075,4963.412716877741,35.46842721614986,35.17660738447224,90.13675041653846,91.01137910145273,-0.12792249637208375,0.26324113397830845,0.8559701068358332,1.5296573911362568,1.4876201908434366,1.4876192751834547,0.004207660673102298,True,40.07197281369171,0.01846184560496056,0.25665075895708034,0.004683444472522891,0.2604353874879455,0.0003031936367485777,0.0,24.937739596643393,24.886800143183606,False,0.24048167925842268,0.24327432769730262,-0.0011699823858351,G12V,matched_theta,4.142583734820577e-07,2e-08,3.1622776601683795,0.1,0.00011,0.8741447571006196,0.00012583728164755018
54.33556472291671,40.28213658692217,53.44998282064694,39.56805563734912,40.793177055974134,0.2586414295620144,0.016298384065497107,0.2717834840012109,0.27072437627326057,0.0010591077279503147,7.819468355384886e-08,7.643295090665831e-08,0.0,1.972552221237827e-08,1.6599500150616675e-08,1.9014829763575317e-08,1.6153989249682926e-08,1.0329217374189789e-08,0.00019158525850059184,0.00016194025566803176,0.00015446276949784263,0.000101643146070869,0.00024158300547071272,0.00020844735803385477,0.00014069616988562968,2.7454840093913466,2.3632873918150232,1.5529869659686864,26258.425157731297,22656.807491146144,15292.724150974756,35.46842721614986,34.561663220837936,90.13675041653846,89.55931224026745,-0.3821966175763234,0.8103004258463369,0.860790805457631,1.5217689804247045,1.481542519624374,1.4815416316590007,0.013142054439196471,True,39.625602853849706,0.057547216500587695,0.25665075895708034,0.014437334816258418,0.26830428117479743,0.0009215403393688648,0.0,24.937739596643393,24.777755217910663,False,0.24048167925842268,0.24923616301775364,-0.003624437536896674,G12V,matched_theta,4.142583734820577e-07,6.324555320336758e-08,3.1622776601683795,0.31622776601683794,0.00011,0.8741447571006196,0.00012583728164755018
54.33556472291671,40.28213658692217,51.639489545375646,38.10969503578603,39.80553931454562,0.2586414295620144,0.04961897775958801,0.29862337439344233,0.2954268839804568,0.003196490412985531,7.819468355384886e-08,7.31368351020701e-08,0.0,1.972552221237827e-08,1.6599500150616675e-08,1.7646507989123575e-08,1.5266248910198016e-08,9.935440788394382e-09,0.00019158525850059184,0.00016194025566803176,0.00014005585187911728,9.341992478684623e-05,0.0006884358990649854,0.0006012200545357429,0.00041036504535637723,8.107875317108027,7.091798341176164,4.7326169769926985,74828.22552073115,65348.46331640326,44603.866843294374,35.46842721614986,32.7519469251622,90.13675041653846,85.27469363861914,-1.0160769759318633,2.359181364183465,0.8746802415932705,1.498494041595267,1.4650859310242168,1.465085158333701,0.03998194483142792,True,38.283378147506994,0.17368311172096185,0.25665075895708034,0.042198342428882984,0.29058523717103013,0.0025663723961704132,0.0,24.937739596643393,24.443179766268756,False,0.24048167925842268,0.2674127982743293,-0.01075540364896932,G12V,matched_theta,4.142583734820577e-07,2e-07,3.1622776601683795,1.0,0.00011,0.8741447571006196,0.00012583728164755018
54.33556472291671,40.28213658692217,46.778574777431984,34.22850354361119,37.08290482701087,0.2586414295620144,0.13907999270867,0.3700534131160895,0.36174957413303943,0.008303838983050094,7.819468355384886e-08,6.601900514225166e-08,0.0,1.972552221237827e-08,1.6599500150616675e-08,1.4335063086132151e-08,1.2895750200667108e-08,8.757688244085163e-09,0.00019158525850059184,0.00016194025566803176,0.00010646323646020733,7.305231160475169e-05,0.0016406816392730691,0.0014660255808951648,0.001023548004348501,21.14979255399143,19.154871169909995,13.266198548391834,178330.3606694162,159346.4403676048,111252.33253815946,35.46842721614986,28.197110540052858,90.13675041653846,74.39692949044769,-1.994921384081433,5.888672621518161,0.9056765507752015,1.443885458222092,1.4322978254725878,1.4322975234065236,0.11141198355407511,True,34.67969732412339,0.4511937805121988,0.25665075895708034,0.10631066395557076,0.3411159730000124,0.00543926267678968,0.0,24.937739596643393,23.507267613273093,False,0.24048167925842268,0.31752057761588537,-0.028594904153377176,G12V,matched_theta,4.142583734820577e-07,6.324555320336758e-07,3.1622776601683795,3.1622776601683795,0.00011,0.8741447571006196,0.00012583728164755018
54.33556472291671,40.28213658692217,37.82807538621227,27.393834366184613,32.09523370456811,0.2586414295620144,0.30380634527098593,0.4958397045125231,0.4838708673821016,0.011968837130421517,7.819468355384886e-08,5.708759514315302e-08,0.0,1.972552221237827e-08,1.6599500150616675e-08,8.6960993974136e-09,8.138033374420441e-09,5.833181948460538e-09,0.00019158525850059184,0.00016194025566803176,5.8233591513609866e-05,4.1315462299244594e-05,0.0028411356246396693,0.0025946449817095952,0.0018580708708121464,41.668569436044166,39.09903525576132,28.33920152478987,308810.0281807708,282018.126104323,201958.06283108087,35.46842721614986,21.006023842157067,90.13675041653846,56.831743208822004,-2.5695341802828437,10.759833730971451,0.9383339957416406,1.3796802009950502,1.3964187386326652,1.3964192473969457,0.1920333592415372,True,28.044167890742678,0.6503335245580644,0.25665075895708034,0.19812350896511355,0.4103502319241229,0.006424512945065297,0.0,24.937739596643393,21.717529437175358,False,0.24048167925842268,0.4093144357984092,-0.06191372865086853,G12V,matched_theta,4.142583734820577e-07,2e-06,3.1622776601683795,10.0,0.00011,0.8741447571006196,0.00012583728164755018
54.33556472291671,40.28213658692217,29.621674940446724,21.52264759925593,27.70595631967123,0.2586414295620144,0.45483818763084627,0.603893919037921,0.5958396181246228,0.008054300913298174,7.819468355384886e-08,5.134620843616016e-08,0.0,1.972552221237827e-08,1.6599500150616675e-08,3.732384914187924e-09,3.550476433201681e-09,2.6308394110041952e-09,0.00019158525850059184,0.00016194025566803176,2.3352338979441765e-05,1.692055178371672e-05,0.0036331575622980815,0.00335193837887925,0.0024376664068916,57.932640878918896,55.1583079086173,41.05673018394907,394895.833790983,364329.13499616197,264954.81317713816,35.46842721614986,15.558651388863867,90.13675041653846,43.06636439890021,-2.774332970301593,14.101577724668232,0.9521110564232685,1.3434656793536173,1.3750603320466182,1.3750613949125965,0.14905573140707473,True,21.96028258782829,0.43763498857235916,0.25665075895708034,0.2664062196372715,0.4592773225705715,0.0045937024370120705,0.0,24.937739596643393,20.022702907303106,False,0.24048167925842268,0.4900953645930196,-0.09584425114392592,G12V,matched_theta,4.142583734820577e-07,6.324555320336758e-06,3.1622776601683795,31.622776601683793,0.00011,0.8741447571006196,0.00012583728164755018
54.33556472291671,40.28213658692217,25.51349189196256,18.69684325579847,25.566099004164723,0.2586414295620144,0.5304458134912524,0.6559004521045708,0.6518919795467036,0.004008472557867182,7.819468355384886e-08,4.896960484836942e-08,0.0,1.972552221237827e-08,1.6599500150616675e-08,1.3174523851717639e-09,1.2591786020659636e-09,9.457777957710519e-10,0.00019158525850059184,0.00016194025566803176,8.02392019172317e-06,5.8652377826874945e-06,0.003968343896473744,0.0036738315213535287,0.002688815090674586,65.440973401106,62.564404667537,47.06574300583316,431327.4988987463,399315.9102167752,292252.2769831469,35.46842721614986,13.147273010495287,90.13675041653846,36.80597423725486,-2.876568733569009,15.498661661703835,0.9560433076699866,1.329298140683405,1.3663384790182116,1.3663397744538437,0.1254546386133184,True,18.914645875906498,0.21780262010802787,0.25665075895708034,0.2972909442938163,0.48076844700350185,0.003126690236680274,0.0,24.937739596643393,19.142644869933388,False,0.24048167925842268,0.5294776241944184,-0.11388736857128023,G12V,matched_theta,4.142583734820577e-07,1.9999999999999998e-05,3.1622776601683795,100.0,0.00011,0.8741447571006196,0.00012583728164755018
54.33556472291671,40.28213658692217,23.986862928970627,17.662188661276996,24.778288342958387,0.2586414295620144,0.5585421251938536,0.6749423926788094,0.6727214210251241,0.0022209716536852886,7.819468355384886e-08,4.814835267566826e-08,0.0,1.972552221237827e-08,1.6599500150616675e-08,4.319179566954533e-10,4.133829313301078e-10,3.1195192022341385e-10,0.00019158525850059184,0.00016194025566803176,2.60687084943236e-06,1.911368171960221e-06,0.004085351124054582,0.0037863034153035966,0.002777256115705241,68.14442996392144,65.22607308479307,49.246478671335176,444045.0881600057,411540.537533039,301864.9578545183,35.46842721614986,12.29594781005648,90.13675041653846,34.567224953835456,-2.9183568791283676,15.979594413457896,0.9571739483230916,1.3244819699719792,1.363325259738288,1.363326636049548,0.1164002674849558,True,17.782866410313577,0.1206777490365809,0.25665075895708034,0.3083555273306223,0.4883825563767912,0.00251595020710349,0.0,24.937739596643393,18.80790376740412,False,0.24048167925842268,0.5439766114640595,-0.12072804478503063,G12V,matched_theta,4.142583734820577e-07,6.324555320336758e-05,3.1622776601683795,316.2277660168379,0.00011,0.8741447571006196,0.00012583728164755018
54.33556472291671,40.28213658692217,23.47801767762927,17.31898906542012,24.516457986050057,0.2586414295620144,0.5679069906173788,0.6812586902567772,0.6796641442678528,0.0015945459889243896,7.819468355384886e-08,4.788120896217195e-08,0.0,1.972552221237827e-08,1.6599500150616675e-08,1.381686718900582e-10,1.3229519610343753e-10,9.998629684994828e-11,0.00019158525850059184,0.00016194025566803176,8.314985989862008e-07,6.102651635748354e-07,0.004123550793083737,0.0038230308836859593,0.0028062143045320975,69.03599043394112,66.10316014531658,49.96750970442648,448197.0322983915,415532.46301350615,305012.4303433835,35.46842721614986,12.017178415781387,90.13675041653846,33.83068883969552,-2.932830288624544,16.135650440890096,0.9575173721679143,1.3229228459920763,1.3623445926819207,1.3623459953605792,0.1133516996393984,True,17.40562962220499,0.08664055678487159,0.25665075895708034,0.3119996142835043,0.4908810223439043,0.0023055869034973586,0.0,24.937739596643393,18.695248741387605,False,0.24048167925842268,0.548795377188563,-0.12302206592097398,G12V,matched_theta,4.142583734820577e-07,0.00019999999999999998,3.1622776601683795,1000.0,0.00011,0.8741447571006196,0.00012583728164755018
54.33556472291671,25.71234923438447,54.33271390380691,25.71076731723204,26.91103761001803,0.5267860127063341,5.246690863214276e-05,0.5268151265502868,0.5268108407813689,4.285768917977606e-06,1.3068771745113106e-07,1.3067868108497348e-07,0.0,1.972552221237827e-08,1.588000900669222e-08,1.9723186055611538e-08,1.5878793795199623e-08,5.445514032884552e-09,0.00019158525850059184,0.00015498980935852295,0.00015496777165782002,5.879648358142035e-05,8.037373322689171e-07,6.614386532599209e-07,2.625346051014272e-07,0.008976379055841366,0.007355420842174312,0.002650587949211378,87.36080103713391,71.89390590038113,28.535793558563114,59.270535780382325,59.26598159408766,90.13675041653846,92.05284597077124,-0.0016209582136670541,0.004704832892962934,0.8194195896159022,2.775014820527932,2.519434163752934,2.5194290024854404,2.911384395276606e-05,True,25.71100018690647,0.0002328696744307024,0.5248281819633558,4.7388952540083906e-05,0.5248545493963814,3.849538292355348e-06,0.0,42.36729995057759,42.36649456601885,False,0.5047142664497068,0.504725169467725,-1.5083093310774842e-05,G12V,matched_theta,1.31e-06,2e-10,10.0,0.001,0.00011,0.8741447571006196,0.00012583728164755018
54.33556472291671,25.71234923438447,54.32655067482839,25.707347385505116,26.90975674068972,0.5267860127063341,0.0001658959124523074,0.5268780674941118,0.5268645169725413,1.355052157048231e-05,1.3068771745113106e-07,1.3065915039276097e-07,0.0,1.972552221237827e-08,1.588000900669222e-08,1.9718137125338538e-08,1.5876166981645266e-08,5.445191464120134e-09,0.00019158525850059184,0.00015498980935852295,0.00015492013895235913,5.878417814694293e-05,2.5407399177515066e-06,2.091051379319193e-06,8.300425623166577e-07,0.02837918860133156,0.02325631813330125,0.008381411694829295,276.16120954116985,227.28313489908723,90.22019459900497,59.270535780382325,59.25613639198769,90.13675041653846,92.03825854667221,-0.0051228704680303105,0.014874906438471955,0.8194849563884309,2.7747495266995013,2.5192098264010054,2.5192046626509264,9.205478777774001e-05,True,25.70808366074694,0.0007362752418238472,0.5248281819633558,0.00014981826449245172,0.5249115407549978,1.2169374528081534e-05,0.0,42.36729995057759,42.36475317448997,False,0.5047142664497068,0.5047487427817201,-4.768954667866421e-05,G12V,matched_theta,1.31e-06,6.324555320336758e-10,10.0,0.0031622776601683794,0.00011,0.8741447571006196,0.00012583728164755018
54.33556472291671,25.71234923438447,54.30707082173702,25.69653834616868,26.905706999275953,0.5267860127063341,0.0005244060924919358,0.5270769986985919,0.5270341690043233,4.282969426860905e-05,1.3068771745113106e-07,1.3059746708973283e-07,0.0,1.972552221237827e-08,1.588000900669222e-08,1.970218903693694e-08,1.5867865220175544e-08,5.444171581522966e-09,0.00019158525850059184,0.00015498980935852295,0.000154769652694343,5.87452797184644e-05,8.02552939207709e-06,6.6064769606928844e-06,2.6231776132202567e-06,0.08967679894990084,0.07350730570378838,0.026499518312818156,872.3206455283156,718.0793329579435,285.12223761397473,59.270535780382325,59.225023858524374,90.13675041653846,91.99215864976058,-0.016169493246112457,0.047007787390970224,0.819691453804615,2.7739110136289518,2.518501578923839,2.5184964139140447,0.0002909859922578528,True,25.698865521793675,0.0023271756249947373,0.5248281819633558,0.00047337953429049673,0.5250915586668838,3.844008959785761e-05,0.0,42.36729995057759,42.35924866388554,False,0.5047142664497068,0.5048232748388436,-0.0001507224670613816,G12V,matched_theta,1.31e-06,2e-09,10.0,0.01,0.00011,0.8741447571006196,0.00012583728164755018
54.33556472291671,25.71234923438447,54.24556996404546,25.662414008369527,26.89290857795751,0.5267860127063341,0.0016562772344443921,0.5277050282032667,0.5275697862605092,0.00013524194275749135,1.3068771745113106e-07,1.3040318601552722e-07,0.0,1.972552221237827e-08,1.588000900669222e-08,1.9651935447367375e-08,1.584166769470339e-08,5.44094990662857e-09,0.00019158525850059184,0.00015498980935852295,0.00015429519345832278,5.8622428597734217e-05,2.52893477221235e-05,2.0831588538276715e-05,8.278746557749017e-06,0.28292432894082403,0.23209490724127246,0.08375055733486036,2748.780604250908,2264.2526184352832,899.8455390764223,59.270535780382325,59.1268421313172,90.13675041653846,91.84667047342371,-0.05082942169955157,0.1483443499064121,0.8203426976752396,2.7712640324682973,2.5162732538029045,2.5162680928098533,0.0009190154969326292,True,25.669762455703477,0.0073484473339497924,0.5248281819633558,0.0014931110987231877,0.5256587854625652,0.00012111918389834386,0.0,42.36729995057759,42.34186088384708,False,0.5047142664497068,0.5050588189319933,-0.00047577800273790327,G12V,matched_theta,1.31e-06,6.324555320336758e-09,10.0,0.03162277660168379,0.00011,0.8741447571006196,0.00012583728164755018
54.33556472291671,25.71234923438447,54.05208007512164,25.55506886220963,26.852515673723367,0.5267860127063341,0.005217294588557131,0.5296806246051315,0.5292549094814709,0.00042571512366063047,1.3068771745113106e-07,1.2979653196332112e-07,0.0,1.972552221237827e-08,1.588000900669222e-08,1.9494787160916482e-08,1.5759365070791202e-08,5.430792868476813e-09,0.00019158525850059184,0.00015498980935852295,0.00015280889580955175,5.823546203433872e-05,7.908693664865929e-05,6.528090350022757e-05,2.6015180423265657e-05,0.8881662935504389,0.730413952560929,0.2643611896417068,8596.212971852794,7095.591517320248,2827.6795035983196,59.270535780382325,58.818400219495466,90.13675041653846,91.38950482126799,-0.15775234098950985,0.4660527629192222,0.822384229017636,2.7629394222006316,2.5093388720781715,2.5093337163178724,0.0028946118987974723,True,25.57820033386482,0.023131471655190694,0.5248281819633558,0.004683444472522891,0.5274322694071214,0.00037864661908326713,0.0,42.36729995057759,42.28706755768809,False,0.5047142664497068,0.5058022160870634,-0.0014961019400848707,G12V,matched_theta,1.31e-06,2e-08,10.0,0.1,0.00011,0.8741447571006196,0.00012583728164755018
54.33556472291671,25.71234923438447,53.44998282064694,25.22118592743715,26.72556567729369,0.5267860127063341,0.016298384065497107,0.5358254569350266,0.5344986360164115,0.0013268209186151347,1.3068771745113106e-07,1.2795305486352843e-07,0.0,1.972552221237827e-08,1.588000900669222e-08,1.9014829763575317e-08,1.550434066106486e-08,5.39899402509691e-09,0.00019158525850059184,0.00015498980935852295,0.0001482460084886948,5.702691660386052e-05,0.00024158300547071272,0.00020064657868131832,8.063081915930773e-05,2.7454840093913466,2.2750831767165174,0.8312172309183803,26258.425157731297,21808.915870195055,8764.038670971007,59.270535780382325,57.86298277130183,90.13675041653846,89.97235425151014,-0.47040083267482924,1.443865945798137,0.8286637871261492,2.7370500659651444,2.488460129431246,2.4884550021934975,0.009039444228692517,True,25.293279491336286,0.07209356389913424,0.5248281819633558,0.014437334816258418,0.5328429677878701,0.0011545711922690272,0.0,42.36729995057759,42.11570240949698,False,0.5047142664497068,0.5081386231360572,-0.004648000421213827,G12V,matched_theta,1.31e-06,6.324555320336758e-08,10.0,0.31622776601683794,0.00011,0.8741447571006196,0.00012583728164755018
54.33556472291671,25.71234923438447,51.639489545375646,24.21909652859549,26.331915346476617,0.5267860127063341,0.04961897775958801,0.5542680626933691,0.5502664070173845,0.00400165567598465,1.3068771745113106e-07,1.2280508332505424e-07,0.0,1.972552221237827e-08,1.588000900669222e-08,1.7646507989123575e-08,1.4743631442488658e-08,5.3006511472023265e-09,0.00019158525850059184,0.00015498980935852295,0.00013508557983814816,5.3354366526382634e-05,0.0006884358990649854,0.0005812644392583183,0.00023905242894147177,8.107875317108027,6.86568939978864,2.581896921534856,74828.22552073115,63179.42388482662,25983.39807344309,59.270535780382325,55.030960710209555,90.13675041653846,85.76212187959527,-1.2421859173193868,4.283792478253784,0.8467926714785178,2.659164795667832,2.4315353825609183,2.4315304605751527,0.027482049987035073,True,24.436528749576784,0.21743222098129422,0.5248281819633558,0.042198342428882984,0.5481304560015982,0.0032508109481771408,0.0,42.36729995057759,41.59289794091585,False,0.5047142664497068,0.5153834237160178,-0.013906414531362321,G12V,matched_theta,1.31e-06,2e-07,10.0,1.0,0.00011,0.8741447571006196,0.00012583728164755018
54.33556472291671,25.71234923438447,46.778574777431984,21.56747871077928,25.19822287713169,0.5267860127063341,0.13907999270867,0.603068840440653,0.5926006106087778,0.010468229831875231,1.3068771745113106e-07,1.1156052504676538e-07,0.0,1.972552221237827e-08,1.588000900669222e-08,1.4335063086132151e-08,1.2618473656219666e-08,4.930905742962937e-09,0.00019158525850059184,0.00015498980935852295,0.00010363407523930242,4.334138098296191e-05,0.0016406816392730691,0.001429000419909642,0.0006168386343874305,21.14979255399143,18.767455918178158,7.608845099330664,178330.3606694162,155322.05086137715,67046.02275126652,59.270535780382325,47.786471809238854,90.13675041653846,74.92298801928217,-2.382336635813271,11.158610818847492,0.8873588651173946,2.4665314739853352,2.3166519414413016,2.316648243813136,0.07628282773431894,True,22.1362758903435,0.5687971795642213,0.5248281819633558,0.10631066395557076,0.5825285903186419,0.007184576886834826,0.0,42.36729995057759,40.15164557503654,False,0.5047142664497068,0.5362480724065426,-0.03735053025404733,G12V,matched_theta,1.31e-06,6.324555320336758e-07,10.0,3.1622776601683795,0.00011,0.8741447571006196,0.00012583728164755018
54.33556472291671,25.71234923438447,37.82807538621227,17.001925409585123,23.027160386749262,0.5267860127063341,0.30380634527098593,0.6870939780181515,0.6705514247171335,0.01654255330101806,1.3068771745113106e-07,9.723200243524797e-08,0.0,1.972552221237827e-08,1.588000900669222e-08,8.6960993974136e-09,8.063094349371093e-09,3.5306648986970654e-09,0.00019158525850059184,0.00015498980935852295,5.716376496326977e-05,2.5627365574795473e-05,0.0028411356246396693,0.0025481924391883857,0.0011627974571739922,41.668569436044166,38.75293313622502,17.34697603843675,308810.0281807708,276969.01249765063,126387.25591158745,59.270535780382325,36.108338756468825,90.13675041653846,57.21531568500833,-2.9156362998191483,21.405957097788267,0.930027924181696,2.233987817263239,2.1914327585316467,2.191431489670135,0.16030796531181746,True,17.900774385154893,0.89884897556977,0.5248281819633558,0.19812350896511355,0.6287451459117748,0.00977425599766657,0.0,42.36729995057759,37.46544407782027,False,0.5047142664497068,0.5762046367940432,-0.07898057823043758,G12V,matched_theta,1.31e-06,2e-06,10.0,10.0,0.00011,0.8741447571006196,0.00012583728164755018
54.33556472291671,25.71234923438447,29.621674940446724,13.203627289924075,21.09137219906319,0.5267860127063341,0.45483818763084627,0.7569984345013114,0.7420218050485514,0.014976629452760015,1.3068771745113106e-07,8.78864680869644e-08,0.0,1.972552221237827e-08,1.588000900669222e-08,3.732384914187924e-09,3.5344280541840056e-09,1.6639864224531548e-09,0.00019158525850059184,0.00015498980935852295,2.3008661121569064e-05,1.0785020251913035e-05,0.0036331575622980815,0.0033030668630757397,0.0015593811562400457,57.932640878918896,54.91329774770034,26.09254006728677,394895.833790983,359017.0671367372,169492.27865118987,59.270535780382325,27.094884040654225,90.13675041653846,43.319398779044604,-3.0193431312185552,28.82075768041357,0.9478818316339301,2.104559295725573,2.1181908283668376,2.118191282775682,0.23021242179497736,True,14.017390908885659,0.813763618961584,0.5248281819633558,0.2664062196372715,0.6606397266380759,0.00922281695340832,0.0,42.36729995057759,34.96856126269309,False,0.5047142664497068,0.6118311771191063,-0.11815795473803015,G12V,matched_theta,1.31e-06,6.324555320336758e-06,10.0,31.622776601683793,0.00011,0.8741447571006196,0.00012583728164755018
54.33556472291671,25.71234923438447,25.51349189196256,11.41369760990889,20.146806276202327,0.5267860127063341,0.5304458134912524,0.7899405726596779,0.7778003911517619,0.01214018150791596,1.3068771745113106e-07,8.398100981319064e-08,0.0,1.972552221237827e-08,1.588000900669222e-08,1.3174523851717639e-09,1.2550366789241287e-09,6.088974043740356e-10,0.00019158525850059184,0.00015498980935852295,7.915397317596563e-06,3.780502638442713e-06,0.003968343896473744,0.0036242945942886132,0.0017352739592464688,65.440973401106,62.359865879131995,30.352039218869983,431327.4988987463,393931.50627812505,188610.13567680743,59.270535780382325,23.051680516860042,90.13675041653846,37.01258399381656,-3.081107521974012,32.00782666026201,0.9529177614292342,2.054552757706066,2.0886008085215773,2.0886019983207356,0.25949475916842546,True,12.073341227980217,0.6596436180713265,0.5248281819633558,0.2972909442938163,0.6744431783298541,0.008350717880574954,0.0,42.36729995057759,33.67886677131336,False,0.5047142664497068,0.6292151120736368,-0.13822139821976698,G12V,matched_theta,1.31e-06,1.9999999999999998e-05,10.0,100.0,0.00011,0.8741447571006196,0.00012583728164755018
54.33556472291671,25.71234923438447,23.986862928970627,10.764069128100244,19.79914042959504,0.5267860127063341,0.5585421251938536,0.8018964340760709,0.7910959588407955,0.010800475235275386,1.3068771745113106e-07,8.26257232497553e-08,0.0,1.972552221237827e-08,1.588000900669222e-08,4.319179566954533e-10,4.1216235530236155e-10,2.020631755875364e-10,0.00019158525850059184,0.00015498980935852295,2.5725836383105285e-06,1.2367720664566245e-06,0.004085351124054582,0.003736551976582291,0.0017977862122118063,68.14442996392144,65.03385462361722,31.916276679140488,444045.0881600057,406132.8144256245,195404.60574970956,59.270535780382325,21.615201112327618,90.13675041653846,34.760053730270094,-3.110575340304223,33.11757794447673,0.9543531974373974,2.0376391418527016,2.0784184188314763,2.07841986562913,0.24335430888221732,True,11.35091904928481,0.5868499211845659,0.5248281819633558,0.3083555273306223,0.6793039530639884,0.007953914577292664,0.0,42.36729995057759,33.18872837771021,False,0.5047142664497068,0.6356136072099292,-0.14573860543515504,G12V,matched_theta,1.31e-06,6.324555320336758e-05,10.0,316.2277660168379,0.00011,0.8741447571006196,0.00012583728164755018
54.33556472291671,25.71234923438447,23.47801767762927,10.549239919272368,19.683607383841142,0.5267860127063341,0.5679069906173788,0.805850183520351,0.7955275441483303,0.010322639372020714,1.3068771745113106e-07,8.21841945613191e-08,0.0,1.972552221237827e-08,1.588000900669222e-08,1.381686718900582e-10,1.319178232778831e-10,6.489316766327383e-11,0.00019158525850059184,0.00015498980935852295,8.206593884285166e-07,3.9537703468583937e-07,0.004123550793083737,0.0037732101600234783,0.0018183191717399704,69.03599043394112,65.91469989966053,32.43557268311155,448197.0322983915,410117.2081217456,197636.3363015541,59.270535780382325,21.143724011117623,90.13675041653846,34.019337808208796,-3.1212905342805897,33.47912721654898,0.9547874881686925,2.0321731496352085,2.075108825043543,2.075110355698901,0.23794319290297217,True,11.11012635898213,0.5608864397097619,0.5248281819633558,0.3119996142835043,0.6808956092901945,0.007814003381014234,0.0,42.36729995057759,33.02379795145676,False,0.5047142664497068,0.6377398949616634,-0.1482506019243114,G12V,matched_theta,1.31e-06,0.00019999999999999998,10.0,1000.0,0.00011,0.8741447571006196,0.00012583728164755018
54.33556472291671,12.289485339109685,54.33271390380691,12.288650911774287,13.115518466108067,0.7738224420454686,5.246690863214276e-05,0.7738377989731026,0.7738343088827364,3.4900903661538862e-06,1.698943968002786e-07,1.6988293781898639e-07,0.0,1.972552221237827e-08,1.6025284947661395e-08,1.9723186055611538e-08,1.6024088175432167e-08,2.2988489073944812e-09,0.00019158525850059184,0.00015626938276547465,0.00015624745038210044,2.98665604646627e-05,8.037373322689171e-07,6.664946045070866e-07,1.3483464183700405e-07,0.008976379055841366,0.007417732118764879,0.0011363628228350958,87.36080103713391,72.44345231747114,14.65569205912281,77.05725331585349,77.05147500162214,90.13675041653846,91.98013087051784,-0.001558646937076487,0.006281369295929783,0.8263612836111015,6.527608937661725,4.9430516922556444,4.943025005248856,1.5356927633991546e-05,True,12.288840547805265,0.00018963603097787995,0.7726335167057244,4.7388952540083906e-05,0.7726474172526814,3.1258874708672835e-06,0.0,55.778514258320754,55.777645810870304,False,0.7586175049381524,0.7586200027000651,-1.0166831401092757e-05,G12V,matched_theta,4.142583734820576e-06,2e-10,31.622776601683793,0.001,0.00011,0.8741447571006196,0.00012583728164755018
54.33556472291671,12.289485339109685,54.32655067482839,12.28684697808259,13.115224998770293,0.7738224420454686,0.0001658959124523074,0.7738709988432225,0.7738599639778216,1.1034865400882943e-05,1.698943968002786e-07,1.6985817094852962e-07,0.0,1.972552221237827e-08,1.6025284947661395e-08,1.9718137125338538e-08,1.602150149527114e-08,2.2987940853280553e-09,0.00019158525850059184,0.00015626938276547465,0.00015620004301337764,2.986196441159372e-05,2.5407399177515066e-06,2.1070430449958572e-06,4.2632557086636224e-07,0.02837918860133156,0.02345342287772361,0.0035934100568398167,276.16120954116985,229.02131650231271,46.33895410841652,77.05725331585349,77.03898322573625,90.13675041653846,91.9653885856812,-0.00492576572360795,0.019860012820883795,0.8264303538482128,6.5267872318333335,4.9423332518244365,4.942306551988312,4.8556797753951386e-05,True,12.287446563725789,0.0005995856431990632,0.7726335167057244,0.00014981826449245172,0.7726774618177669,9.881460111493823e-06,0.0,55.778514258320754,55.77576781785903,False,0.7586175049381524,0.758625403717599,-3.2145589821674925e-05,G12V,matched_theta,4.142583734820576e-06,6.324555320336758e-10,31.622776601683793,0.0031622776601683794,0.00011,0.8741447571006196,0.00012583728164755018
54.33556472291671,12.289485339109685,54.30707082173702,12.281145678117042,13.114297071232325,0.7738224420454686,0.0005244060924919358,0.773975926435208,0.7739410509348449,3.4875500363074075e-05,1.698943968002786e-07,1.6977994787585218e-07,0.0,1.972552221237827e-08,1.6025284947661395e-08,1.970218903693694e-08,1.601332662732103e-08,2.298620853062866e-09,0.00019158525850059184,0.00015626938276547465,0.0001560502651362857,2.9847431369615488e-05,8.02552939207709e-06,6.657080324096047e-06,1.3475692884339644e-06,0.08967679894990084,0.07413119771109467,0.0113625137607787,872.3206455283156,723.5795636954213,146.47245523792685,77.05725331585349,76.99950565729837,90.13675041653846,91.91879845292088,-0.015545601238806175,0.06276868395031597,0.8266485710814574,6.524189917109881,4.940065331877936,4.940038470168698,0.00015348438973938894,True,12.283040658124268,0.001894980007225655,0.7726335167057244,0.00047337953429049673,0.7727723595985441,3.121225284452578e-05,0.0,55.778514258320754,55.7698312608654,False,0.7586175049381524,0.7586424814371865,-0.00010160595199726341,G12V,matched_theta,4.142583734820576e-06,2e-09,31.622776601683793,0.01,0.00011,0.8741447571006196,0.00012583728164755018
54.33556472291671,12.289485339109685,54.24556996404546,12.263148819696509,13.111363443496455,0.7738224420454686,0.0016562772344443921,0.7743071433556966,0.7741970547856509,0.00011008857004568551,1.698943968002786e-07,1.6953354863969439e-07,0.0,1.972552221237827e-08,1.6025284947661395e-08,1.9651935447367375e-08,1.598752642796698e-08,2.2980746539679332e-09,0.00019158525850059184,0.00015626938276547465,0.0001555779963730017,2.9801499025911754e-05,2.52893477221235e-05,2.0991937120248503e-05,4.255469932944191e-06,0.28292432894082403,0.2340736916127818,0.03592298241731679,2748.780604250908,2281.6813819791514,462.54327999983906,77.05725331585349,76.87491433018829,90.13675041653846,91.77175671539166,-0.048850637328042235,0.198150709195465,0.8273367387282564,6.515987144206206,4.9329304286083895,4.932903537113209,0.00048470131022804175,True,12.269130544319479,0.005981724622969864,0.7726335167057244,0.0014931110987231877,0.7730713410147629,9.834088935412044e-05,0.0,55.778514258320754,55.75107828109903,False,0.7586175049381524,0.7586964723683718,-0.0003208289011449317,G12V,matched_theta,4.142583734820576e-06,6.324555320336758e-09,31.622776601683793,0.03162277660168379,0.00011,0.8741447571006196,0.00012583728164755018
54.33556472291671,12.289485339109685,54.05208007512164,12.206558600676932,13.10209390332625,0.7738224420454686,0.005217294588557131,0.7753486383564049,0.7750024769946379,0.00034616136176701673,1.698943968002786e-07,1.6876392027569693e-07,0.0,1.972552221237827e-08,1.6025284947661395e-08,1.9494787160916482e-08,1.5906441678890206e-08,2.296361605288178e-09,0.00019158525850059184,0.00015626938276547465,0.00015409815245513104,2.9656448694747104e-05,7.908693664865929e-05,6.579105369783994e-05,1.3397403151864447e-05,0.8881662935504389,0.736728443398318,0.1135147276526061,8596.212971852794,7151.041226362182,1456.2147811408684,77.05725331585349,76.48338556015632,90.13675041653846,91.30964640202386,-0.15143785015212086,0.6232137157457119,0.829493810729127,6.490157344630726,4.910731800191005,4.910705013418222,0.001526196310936312,True,12.225367473753796,0.018808873076864074,0.7726335167057244,0.004683444472522891,0.7740057740973758,0.0003073990922298764,0.0,55.778514258320754,55.69197844482346,False,0.7586175049381524,0.7588670703959708,-0.0010097981274401757,G12V,matched_theta,4.142583734820576e-06,2e-08,31.622776601683793,0.1,0.00011,0.8741447571006196,0.00012583728164755018
54.33556472291671,12.289485339109685,53.44998282064694,12.030761909699704,13.072845707777368,0.7738224420454686,0.016298384065497107,0.7785840274035916,0.7775087707520077,0.0010752566515838113,1.698943968002786e-07,1.6642303861695724e-07,0.0,1.972552221237827e-08,1.6025284947661395e-08,1.9014829763575317e-08,1.5654912767957292e-08,2.2911739794361763e-09,0.00019158525850059184,0.00015626938276547465,0.00014955126863711664,2.9199705340959585e-05,0.00024158300547071272,0.0002022852071221352,4.176131520343938e-05,2.7454840093913466,2.295573987451956,0.35816335581779124,26258.425157731297,21987.023171055353,4539.195504923328,77.05725331585349,75.26944933836175,90.13675041653846,89.87657171590186,-0.4499100219393908,1.9374106316341646,0.8361272473631589,6.409293274043884,4.843841869843107,4.8438149771711005,0.004761585358122988,True,12.089186587085582,0.058424677385877644,0.7726335167057244,0.014437334816258418,0.7768532294225634,0.0009371466715242249,0.0,55.778514258320754,55.50709609394484,False,0.7586175049381524,0.7594053586367948,-0.0031462909125635763,G12V,matched_theta,4.142583734820576e-06,6.324555320336758e-08,31.622776601683793,0.31622776601683794,0.00011,0.8741447571006196,0.00012583728164755018
54.33556472291671,12.289485339109685,51.639489545375646,11.505175466014714,12.980641792655838,0.7738224420454686,0.04961897775958801,0.7882570002780838,0.7850451412633324,0.003211859014751406,1.698943968002786e-07,1.59868755831794e-07,0.0,1.972552221237827e-08,1.6025284947661395e-08,1.7646507989123575e-08,1.4902117422962568e-08,2.278993414285665e-09,0.00019158525850059184,0.00015626938276547465,0.00013640598555244614,2.777083151719043e-05,0.0006884358990649854,0.0005865588040207553,0.00012587400695839067,8.107875317108027,6.934374071632708,1.1266588438060532,74828.22552073115,63754.883422776664,13681.71220073689,77.05725331585349,71.66113994413888,90.13675041653846,85.61418846681998,-1.173501245475319,5.807715227826654,0.8552640242260298,6.154812621189892,4.659888234229726,4.659861462320692,0.014434558232615191,True,11.679693639391623,0.17451817337690834,0.7726335167057244,0.042198342428882984,0.7848697268840577,0.002641721459430424,0.0,55.778514258320754,54.94268639153849,False,0.7586175049381524,0.7611022935189797,-0.00949236407320031,G12V,matched_theta,4.142583734820576e-06,2e-07,31.622776601683793,1.0,0.00011,0.8741447571006196,0.00012583728164755018
54.33556472291671,12.289485339109685,46.778574777431984,10.129872867033503,12.695315566449535,0.7738224420454686,0.13907999270867,0.8135682785540075,0.8052792151566496,0.00828906339735791,1.698943968002786e-07,1.4546380691349165e-07,0.0,1.972552221237827e-08,1.6025284947661395e-08,1.4335063086132151e-08,1.2780079642674726e-08,2.2381733668966097e-09,0.00019158525850059184,0.00015626938276547465,0.00010482984128457275,2.346575417154273e-05,0.0016406816392730691,0.001444565431622694,0.00033737766947483704,21.14979255399143,18.99337612928015,3.499700034467254,178330.3606694162,157013.8507666927,36670.724558470174,77.05725331585349,62.36712570110059,90.13675041653846,74.6162592984835,-2.156416424711278,15.493676094812896,0.8980407765605098,5.427144024408205,4.281745836561466,4.281722072776055,0.03974583650853891,True,10.580263807753006,0.4503909407195028,0.7726335167057244,0.10631066395557076,0.8027347350162763,0.00592973651029427,0.0,55.778514258320754,53.38586197153457,False,0.7586175049381524,0.7663534807968025,-0.02583549979455213,G12V,matched_theta,4.142583734820576e-06,6.324555320336758e-07,31.622776601683793,3.1622776601683795,0.00011,0.8741447571006196,0.00012583728164755018
54.33556472291671,12.289485339109685,37.82807538621227,7.817691196701631,12.0831565598946,0.7738224420454686,0.30380634527098593,0.8561220217997583,0.8425366193099514,0.013585402489806886,1.698943968002786e-07,1.2693109190494356e-07,0.0,1.972552221237827e-08,1.6025284947661395e-08,8.6960993974136e-09,8.179212927611946e-09,1.7650846769145973e-09,0.00019158525850059184,0.00015626938276547465,5.7902394253090436e-05,1.4580930534521283e-05,0.0028411356246396693,0.0025800061473982587,0.0006657593002160873,41.668569436044166,39.28909674680428,8.748176001483342,308810.0281807708,280426.9071174083,72363.23886678492,77.05725331585349,47.21285054214189,90.13675041653846,56.62108899634981,-2.3794726892398828,30.54092074532094,0.9428952632297093,4.491118690358129,3.875283674686721,3.8752674909100238,0.0822995797542897,True,8.55586171297341,0.7381705162717793,0.7726335167057244,0.19812350896511355,0.8262926570631577,0.008612494866113485,0.0,55.778514258320754,50.49066809231677,False,0.7586175049381524,0.777619748289864,-0.054331290285420164,G12V,matched_theta,4.142583734820576e-06,2e-06,31.622776601683793,10.0,0.00011,0.8741447571006196,0.00012583728164755018
54.33556472291671,12.289485339109685,29.621674940446724,5.948778527065475,11.499335590334347,0.7738224420454686,0.45483818763084627,0.8905177749159106,0.8766966325882782,0.013821142327632319,1.698943968002786e-07,1.1473217784651659e-07,0.0,1.972552221237827e-08,1.6025284947661395e-08,3.732384914187924e-09,3.5856478009764466e-09,8.845412122137628e-10,0.00019158525850059184,0.00015626938276547465,2.331390780364457e-05,6.327309016893865e-06,0.0036331575622980815,0.003346258069947708,0.0009173164951829975,57.932640878918896,55.69506816643206,13.924098955120744,394895.833790983,363711.59361810796,99705.2870350524,77.05725331585349,35.379499496208155,90.13675041653846,42.51201684613396,-2.2375727124868376,41.77096921131131,0.9613763039533544,3.999904650630881,3.6478773547838097,3.6478666722080795,0.11669533287044198,True,6.699758100553186,0.7509795734877116,0.7726335167057244,0.2664062196372715,0.8422083965250576,0.009003034532684362,0.0,55.778514258320754,47.815140426819994,False,0.7586175049381524,0.7883644782386083,-0.0800430032792867,G12V,matched_theta,4.142583734820576e-06,6.324555320336758e-06,31.622776601683793,31.622776601683793,0.00011,0.8741447571006196,0.00012583728164755018
54.33556472291671,12.289485339109685,25.51349189196256,5.084936600291285,11.206872519662337,0.7738224420454686,0.5304458134912524,0.9064160531647765,0.893797380768125,0.012618672396651487,1.698943968002786e-07,1.096064053269796e-07,0.0,1.972552221237827e-08,1.6025284947661395e-08,1.3174523851717639e-09,1.2729757480178895e-09,3.3169369239942645e-10,0.00019158525850059184,0.00015626938276547465,8.020569695371621e-06,2.245977167969482e-06,0.003968343896473744,0.0036722078965260585,0.0010318947722891684,65.440973401106,63.24558145746859,16.55701304755727,431327.4988987463,399139.2813457491,112158.8752348414,77.05725331585349,30.031357910465157,90.13675041653846,36.11789832335064,-2.195391943637418,46.68856840991132,0.9664523336139692,3.819866619408112,3.5587038476603445,3.558695471134318,0.1325936111193079,True,5.770579291016824,0.6856426907255386,0.7726335167057244,0.2972909442938163,0.8490036865253967,0.008776173300352963,0.0,55.778514258320754,46.44220747415147,False,0.7586175049381524,0.7937470130878074,-0.09291082580597487,G12V,matched_theta,4.142583734820576e-06,1.9999999999999998e-05,31.622776601683793,100.0,0.00011,0.8741447571006196,0.00012583728164755018
54.33556472291671,12.289485339109685,23.986862928970627,4.774036363863633,11.098257166671596,0.7738224420454686,0.5585421251938536,0.9121379084176496,0.9001521359365486,0.011985772481100998,1.698943968002786e-07,1.0782359041554983e-07,0.0,1.972552221237827e-08,1.6025284947661395e-08,4.319179566954533e-10,4.180125900559494e-10,1.1099495660025271e-10,0.00019158525850059184,0.00015626938276547465,2.6067427413269224e-06,7.379583062913332e-07,0.004085351124054582,0.0037860844935291116,0.0010730377819141255,68.14442996392144,65.95502303165607,17.53986901286569,444045.0881600057,411516.58340838517,116630.72783525573,77.05725331585349,28.124984676935245,90.13675041653846,33.835960040902414,-2.1894069322653706,48.415154018790375,0.9678710800952545,3.7602916523080827,3.528379482384442,3.5283719054695792,0.13831546637218106,True,5.42529008026465,0.6512537164010173,0.7726335167057244,0.3083555273306223,0.8513829341459639,0.008639705586724,0.0,55.778514258320754,45.92254075909043,False,0.7586175049381524,0.7957459865694417,-0.09769381014514977,G12V,matched_theta,4.142583734820576e-06,6.324555320336758e-05,31.622776601683793,316.2277660168379,0.00011,0.8741447571006196,0.00012583728164755018
54.33556472291671,12.289485339109685,23.47801767762927,4.671527094404097,11.062058006373428,0.7738224420454686,0.5679069906173788,0.9140245046089708,0.9022702583286142,0.011754246280356595,1.698943968002786e-07,1.0724231916723437e-07,0.0,1.972552221237827e-08,1.6025284947661395e-08,1.381686718900582e-10,1.337855412647076e-10,3.5742817932535765e-11,0.00019158525850059184,0.00015626938276547465,8.315524029811249e-07,2.3624771141354777e-07,0.004123550793083737,0.0038232673936987086,0.001086599249744353,69.03599043394112,66.84731209953885,17.86796567959253,448197.0322983915,415558.0090253713,118104.72909971415,77.05725331585349,27.498545114757288,90.13675041653846,33.08579171520982,-2.188678334402269,48.979346419946324,0.9682965606686477,3.741182029238332,3.5185625193448447,3.5185552025992246,0.1402020625635022,True,5.310200703939514,0.6386736095354166,0.7726335167057244,0.3119996142835043,0.8521604596233668,0.008588687828831598,0.0,55.778514258320754,45.747967670863126,False,0.7586175049381524,0.7964122014230605,-0.09928810987338021,G12V,matched_theta,4.142583734820576e-06,0.00019999999999999998,31.622776601683793,1000.0,0.00011,0.8741447571006196,0.00012583728164755018
54.33556472291671,6.0008745499289855,54.33271390380691,6.000444076672131,6.467354358419603,0.8895589917850244,5.246690863214276e-05,0.8895669142803375,0.8895647862833117,2.127997025813677e-06,1.8679605935036721e-07,1.867834316242808e-07,0.0,1.972552221237827e-08,1.6212795098142096e-08,1.9723186055611538e-08,1.6211577958548323e-08,1.074836094920991e-09,0.00019158525850059184,0.00015801176197735315,0.00015798955821326655,1.8636612024967282e-05,8.037373322689171e-07,6.733721705052858e-07,8.423319921242111e-08,0.008976379055841366,0.007498015651623892,0.0005345453085101879,87.36080103713391,73.19099629458049,9.155665867945084,84.71952685616866,84.713157471727,90.13675041653846,91.88629978381333,-0.0014783634042174736,0.006963470343113704,0.835305149769112,14.026903860631279,7.9941421767343925,7.994065898672602,7.922495313117395e-06,True,6.0005597025922555,0.00011562592012470674,0.8889128823244282,4.7388952540083906e-05,0.8889200517562885,1.9051297129868416e-06,0.0,63.31376455358709,63.312990940586445,False,0.8809732193040307,0.8809738264173793,-5.6378538789703114e-06,G12V,matched_theta,1.31e-05,2e-10,100.0,0.001,0.00011,0.8741447571006196,0.00012583728164755018
54.33556472291671,6.0008745499289855,54.32655067482839,5.999513451952167,6.46728304779676,0.8895589917850244,0.0001658959124523074,0.8895840416392728,0.8895773134968544,6.72814241842179e-06,1.8679605935036721e-07,1.8675613859589523e-07,0.0,1.972552221237827e-08,1.6212795098142096e-08,1.9718137125338538e-08,1.6208947303495097e-08,1.0748246979450493e-09,0.00019158525850059184,0.00015801176197735315,0.00015794156478545304,1.8634570668749616e-05,2.5407399177515066e-06,2.12878528310391e-06,2.6634600119058744e-07,0.02837918860133156,0.02370724828164183,0.0016903628646539437,276.16120954116985,231.384548127875,28.950283762734763,84.71952685616866,84.69938786605613,90.13675041653846,91.87140594581967,-0.004671940319689729,0.02201688541698789,0.835374422245796,14.024946227445225,7.992555824334038,7.992479452851397,2.5049854248448966e-05,True,5.999879029370008,0.00036557741784104536,0.8889128823244282,0.00014981826449245172,0.8889355476112442,6.022407638361926e-06,0.0,63.31376455358709,63.31131792544289,False,0.8809732193040307,0.8809751388289316,-1.7826531488851494e-05,G12V,matched_theta,1.31e-05,6.324555320336758e-10,100.0,0.0031622776601683794,0.00011,0.8741447571006196,0.00012583728164755018
54.33556472291671,6.0008745499289855,54.30707082173702,5.996572318284225,6.467057527612274,0.8895589917850244,0.0005244060924919358,0.889638170710774,0.8896169077225933,2.1262988180725806e-05,1.8679605935036721e-07,1.866699365484688e-07,0.0,1.972552221237827e-08,1.6212795098142096e-08,1.970218903693694e-08,1.6200633415443796e-08,1.0747894740234955e-09,0.00019158525850059184,0.00015801176197735315,0.00015778993610927552,1.8628117215859704e-05,8.02552939207709e-06,6.725770052892127e-06,8.420319290313981e-07,0.08967679894990084,0.07493333001230738,0.005345222486813856,872.3206455283156,731.0456631293262,91.52403589816076,84.71952685616866,84.65587192317193,90.13675041653846,91.82433702023144,-0.014743468937593457,0.06958810752549353,0.83559327373148,14.018748554837638,7.987547527596585,7.987471880531626,7.917892574960117e-05,True,5.997727654754721,0.0011553364704957048,0.8889128823244282,0.00047337953429049673,0.8889844910222495,1.9022329790341352e-05,0.0,63.31376455358709,63.306029518376164,False,0.8809732193040307,0.8809792893367185,-5.6348336278877476e-05,G12V,matched_theta,1.31e-05,2e-09,100.0,0.01,0.00011,0.8741447571006196,0.00012583728164755018
54.33556472291671,6.0008745499289855,54.24556996404546,5.987289143753545,6.4663444300203965,0.8895589917850244,0.0016562772344443921,0.8898090196672175,0.88974191271268,6.710695453748805e-05,1.8679605935036721e-07,1.8639840012761393e-07,0.0,1.972552221237827e-08,1.6212795098142096e-08,1.9651935447367375e-08,1.6174394289316186e-08,1.0746791115782096e-09,0.00019158525850059184,0.00015801176197735315,0.00015731183543969945,1.8607709042457207e-05,2.52893477221235e-05,2.1208502612593453e-05,2.6604413225221845e-06,0.28292432894082403,0.23660492207978953,0.01690135133834644,2748.780604250908,2305.2205630787385,289.1747268592223,84.71952685616866,84.51853467653854,90.13675041653846,91.67578566067587,-0.0463194068610345,0.2197035707414431,0.8362834082369686,13.999171861658844,7.9717986760508985,7.971722107654931,0.00025002788219308236,True,5.990935438025176,0.003646294271630879,0.8889128823244282,0.0014931110987231877,0.8891386774338619,5.992970110713092e-05,0.0,63.31376455358709,63.28932531813578,False,0.8809732193040307,0.880992413293293,-0.00017794735789367078,G12V,matched_theta,1.31e-05,6.324555320336758e-09,100.0,0.03162277660168379,0.00011,0.8741447571006196,0.00012583728164755018
54.33556472291671,6.0008745499289855,54.05208007512164,5.958107289997809,6.464089758177482,0.8895589917850244,0.005217294588557131,0.8903460869435871,0.8901351950595392,0.00021089188404788128,1.8679605935036721e-07,1.8555021837954862e-07,0.0,1.972552221237827e-08,1.6212795098142096e-08,1.9494787160916482e-08,1.6091930593623745e-08,1.0743471003545691e-09,0.00019158525850059184,0.00015801176197735315,0.00015581375651380267,1.854318880915723e-05,7.908693664865929e-05,6.646945685941684e-05,8.389604555475858e-06,0.8881662935504389,0.74467984725396,0.0534303427139264,8596.212971852794,7224.77898208542,911.9019087496475,84.71952685616866,84.0869429685363,90.13675041653846,91.2089446872549,-0.1434864462964789,0.6912495045400335,0.8384464178178922,13.937396045559375,7.92283550671438,7.922758920410267,0.0007870951585626784,True,5.969566219613027,0.011458929615217883,0.8889128823244282,0.004683444472522891,0.889620443411471,0.00018729073979661948,0.0,63.31376455358709,63.236695555374745,False,0.8809732193040307,0.8810339086169252,-0.0005603084659239199,G12V,matched_theta,1.31e-05,2e-08,100.0,0.1,0.00011,0.8741447571006196,0.00012583728164755018
54.33556472291671,6.0008745499289855,53.44998282064694,5.8675382407170735,6.456957004305477,0.8895589917850244,0.016298384065497107,0.8920129335061026,0.8913590017534928,0.0006539317526097488,1.8679605935036721e-07,1.8297005565694948e-07,0.0,1.972552221237827e-08,1.6212795098142096e-08,1.9014829763575317e-08,1.583611953369212e-08,1.073582581579206e-09,0.00019158525850059184,0.00015801176197735315,0.0001512111872179847,1.833913768254166e-05,0.00024158300547071272,0.00020436818014286492,2.6283688141683436e-05,2.7454840093913466,2.3201958492860366,0.16884199979858125,26258.425157731297,22213.427953579558,2856.8859019570978,84.71952685616866,82.74871449465246,90.13675041653846,89.76134074188137,-0.42528816010531,2.1513538494874553,0.8450953789384505,13.741816917910805,7.775475764329907,7.775399058941185,0.0024539417210781567,True,5.903069991785372,0.03553175106829887,0.8889128823244282,0.014437334816258418,0.8910873196640677,0.0005706354279841896,0.0,63.31376455358709,63.07219117909857,False,0.8809732193040307,0.8811651809043926,-0.0017479825855007958,G12V,matched_theta,1.31e-05,6.324555320336758e-08,100.0,0.31622776601683794,0.00011,0.8741447571006196,0.00012583728164755018
54.33556472291671,6.0008745499289855,51.639489545375646,5.597517542629393,6.434071161579472,0.8895589917850244,0.04961897775958801,0.8969824355157835,0.8950389617153898,0.0019434738003937246,1.8679605935036721e-07,1.7574272249500612e-07,0.0,1.972552221237827e-08,1.6212795098142096e-08,1.7646507989123575e-08,1.5070600225810478e-08,1.0775479378365182e-09,0.00019158525850059184,0.00015801176197735315,0.00013790778496226337,1.7686002785172883e-05,0.0006884358990649854,0.0005925812800017267,8.040800212037453e-05,8.107875317108027,7.007280158017258,0.5358873095316489,74828.22552073115,64409.484560002085,8739.883642072627,84.71952685616866,78.77028051228942,90.13675041653846,85.45703561893802,-1.1005951590907692,6.471392848485609,0.8642560330487005,13.076033026685092,7.369680434474728,7.369604356051546,0.007423443730759094,True,5.703117289097977,0.1055997464685845,0.8889128823244282,0.042198342428882984,0.8952073267447378,0.0016067521891981462,0.0,63.31376455358709,62.57131818399296,False,0.8809732193040307,0.8815863754358695,-0.005292831052309932,G12V,matched_theta,1.31e-05,2e-07,100.0,1.0,0.00011,0.8741447571006196,0.00012583728164755018
54.33556472291671,6.0008745499289855,46.778574777431984,4.896160077228912,6.355265499646353,0.8895589917850244,0.13907999270867,0.9098903250164639,0.9049191264023014,0.004971198614162509,1.8679605935036721e-07,1.5983958901899172e-07,0.0,1.972552221237827e-08,1.6212795098142096e-08,1.4335063086132151e-08,1.2916325004399678e-08,1.1314295505452698e-09,0.00019158525850059184,0.00015801176197735315,0.00010596645695748941,1.5475268395604783e-05,0.0016406816392730691,0.0014593777310029621,0.00022326622916596343,21.14979255399143,19.183576800599603,1.77889142706711,178330.3606694162,158623.8419602274,24267.681350508294,84.71952685616866,68.51608686694223,90.13675041653846,74.35793153612109,-1.9662157533918254,17.404685373532494,0.9070338043093119,10.784006549645309,6.536491149846687,6.536423470753418,0.02033133323143954,True,5.166272961279213,0.27011288405030065,0.8889128823244282,0.10631066395557076,0.9043352490218599,0.0036126214604310647,0.0,63.31376455358709,61.20080154847944,False,0.8809732193040307,0.8830367268279087,-0.014490736267453785,G12V,matched_theta,1.31e-05,6.324555320336758e-07,100.0,3.1622776601683795,0.00011,0.8741447571006196,0.00012583728164755018
54.33556472291671,6.0008745499289855,37.82807538621227,3.7328561201695813,6.156428002373177,0.8895589917850244,0.30380634527098593,0.9312999480320998,0.9231116708588589,0.008188277173240888,1.8679605935036721e-07,1.3933373948888375e-07,0.0,1.972552221237827e-08,1.6212795098142096e-08,8.6960993974136e-09,8.260492550276485e-09,1.0120907590466268e-09,0.00019158525850059184,0.00015801176197735315,5.8517314351036286e-05,1.0038761071299054e-05,0.0028411356246396693,0.002606530911885433,0.0004594767173060515,41.668569436044166,39.66404188743582,5.0349733989332695,308810.0281807708,283309.9527092259,49942.02628940019,84.71952685616866,51.760357064512895,90.13675041653846,56.20550133710304,-2.004527548608344,34.629068488502554,0.9518935356855716,7.877706344156498,5.672824788963696,5.672776492237685,0.04174095624707541,True,4.177770784485394,0.4449146643158124,0.8889128823244282,0.19812350896511355,0.9162480756907694,0.005326223811636388,0.0,63.31376455358709,58.69907545376927,False,0.8809732193040307,0.8866961623796904,-0.030438148156954004,G12V,matched_theta,1.31e-05,2e-06,100.0,10.0,0.00011,0.8741447571006196,0.00012583728164755018
54.33556472291671,6.0008745499289855,29.621674940446724,2.806556018396265,5.949641983347484,0.8895589917850244,0.45483818763084627,0.9483477160362969,0.9397917798016473,0.008555936234649564,1.8679605935036721e-07,1.2580575075789165e-07,0.0,1.972552221237827e-08,1.6212795098142096e-08,3.732384914187924e-09,3.6196079218139847e-09,5.442223123424662e-10,0.00019158525850059184,0.00015801176197735315,2.355659136927847e-05,4.46638046576027e-06,0.0036331575622980815,0.003380623484847151,0.0006482267242003126,57.932640878918896,56.21319053088547,8.58150182898087,394895.833790983,367446.85207631055,70457.56035322485,84.71952685616866,38.639861385908475,90.13675041653846,41.976913261879346,-1.7194503480334262,47.6316887019046,0.9703198348643016,6.550507318083422,5.215186845339754,5.215151507293035,0.05878872425127246,True,3.2714476454392143,0.4648916270429493,0.8889128823244282,0.2664062196372715,0.9242072611078332,0.005700079713055195,0.0,63.31376455358709,56.4482979288906,False,0.8809732193040307,0.8905018837351266,-0.044609260780192894,G12V,matched_theta,1.31e-05,6.324555320336758e-06,100.0,31.622776601683793,0.00011,0.8741447571006196,0.00012583728164755018
54.33556472291671,6.0008745499289855,25.51349189196256,2.382596407253341,5.84263244277454,0.8895589917850244,0.5304458134912524,0.9561503332227548,0.9481419622304113,0.008008370992343528,1.8679605935036721e-07,1.201141644143835e-07,0.0,1.972552221237827e-08,1.6212795098142096e-08,1.3174523851717639e-09,1.2847613980527935e-09,2.0939571283760113e-10,0.00019158525850059184,0.00015801176197735315,8.103177696922276e-06,1.6010495809569093e-06,0.003968343896473744,0.003709852307657098,0.0007358739043124043,65.440973401106,63.82739903703735,10.458735196650485,431327.4988987463,403230.9386621508,79984.01965412151,84.71952685616866,32.699142914710166,90.13675041653846,35.53018751587127,-1.6135743640686542,53.368663840386866,0.9753430568005368,6.102783734067454,5.041423925915079,5.041393773479508,0.06659134143773038,True,2.8177357676329486,0.43513936037960743,0.8889128823244282,0.2972909442938163,0.9275818085146088,0.00564373207753166,0.0,63.31376455358709,55.31902044857647,False,0.8809732193040307,0.8924713036007089,-0.051639173216840084,G12V,matched_theta,1.31e-05,1.9999999999999998e-05,100.0,100.0,0.00011,0.8741447571006196,0.00012583728164755018
54.33556472291671,6.0008745499289855,23.986862928970627,2.2306588820373814,5.802454575952413,0.8895589917850244,0.5585421251938536,0.958946614553238,0.9512449472219687,0.007701667331269313,1.8679605935036721e-07,1.1813351487919992e-07,0.0,1.972552221237827e-08,1.6212795098142096e-08,4.319179566954533e-10,4.218504823062919e-10,7.066662986254967e-11,0.00019158525850059184,0.00015801176197735315,2.6334833308659063e-06,5.278136323705659e-07,0.004085351124054582,0.0038248634362069126,0.0007675722950329441,68.14442996392144,66.55930625231444,11.169310129116054,444045.0881600057,415731.55447601876,83429.34243956499,84.71952685616866,30.57988195766747,90.13675041653846,33.22975774850572,-1.5851237116069967,55.38999612319839,0.9767387633523938,5.959124196830049,4.983066039457234,4.983037649819291,0.06938762276821364,True,2.649133325789938,0.4184744437525567,0.8889128823244282,0.3083555273306223,0.9287598819539976,0.005592672879079497,0.0,63.31376455358709,54.89649769483172,False,0.8809732193040307,0.8932107431745316,-0.0542439471744085,G12V,matched_theta,1.31e-05,6.324555320336758e-05,100.0,316.2277660168379,0.00011,0.8741447571006196,0.00012583728164755018
54.33556472291671,6.0008745499289855,23.47801767762927,2.180637423867672,5.789016820888343,0.8895589917850244,0.5679069906173788,0.9598672170798667,0.9522792124011404,0.007588004678726223,1.8679605935036721e-07,1.1748762432619796e-07,0.0,1.972552221237827e-08,1.6212795098142096e-08,1.381686718900582e-10,1.3501045744631254e-10,2.2818052294532706e-11,0.00019158525850059184,0.00015801176197735315,8.400711972825284e-07,1.6915527148992133e-07,0.004123550793083737,0.003862415436947444,0.0007780456987798168,69.03599043394112,67.45894724894703,11.407599681718459,448197.0322983915,419813.0981356988,84567.70408476228,84.71952685616866,29.883293645466985,90.13675041653846,32.473544074058026,-1.5770431849940962,56.05134756722857,0.9771562169952044,5.913509338608287,4.96425266922591,4.964224850126235,0.07030822529484226,True,2.5929359432063945,0.4122985193387225,0.8889128823244282,0.3119996142835043,0.9291444762731492,0.005572456082076349,0.0,63.31376455358709,54.75518622777595,False,0.8809732193040307,0.8934580536632069,-0.05511130646874651,G12V,matched_theta,1.31e-05,0.00019999999999999998,100.0,1000.0,0.00011,0.8741447571006196,0.00012583728164755018
54.33556472291671,5.92494916050538,54.33271390380691,5.924523729170082,6.386430251188893,0.8909563342035818,5.246690863214276e-05,0.8909641639066035,0.8909620553876321,2.1085189714220576e-06,1.8699679950014516e-07,1.8698415752604223e-07,0.0,1.972552221237827e-08,1.6215209322226236e-08,1.9723186055611538e-08,1.6213992123927875e-08,1.0607466425174336e-09,0.00019158525850059184,0.0001580343884807722,0.00015801218173776431,1.8506909217227544e-05,8.037373322689171e-07,6.734614168717616e-07,8.364541326863029e-08,0.008976379055841366,0.007499048494531006,0.0005275752087410742,87.36080103713391,73.20069685885733,9.091778178146576,84.81029529032554,84.80391863801727,90.13675041653846,91.8850915872927,-0.00147733056131036,0.006971473285789931,0.8354202120788349,14.21417907870539,8.051384894338627,8.051306952781355,7.829703021711154e-06,True,5.924638296739125,0.00011456756904237864,0.8903201411902789,4.7388952540083906e-05,0.8903272265643506,1.8877604479605736e-06,0.0,63.4316473552938,63.43087641404915,False,0.8824625738180021,0.8824631659989846,-5.574644417860597e-06,G12V,matched_theta,4.1425837348205765e-05,2e-10,316.2277660168379,0.001,0.00011,0.8741447571006196,0.00012583728164755018
54.33556472291671,5.92494916050538,54.32655067482839,5.92360401687202,6.386360684819088,0.8909563342035818,0.0001658959124523074,0.890981090431666,0.8909744241020162,6.6663296497404545e-06,1.8699679950014516e-07,1.869568338795569e-07,0.0,1.972552221237827e-08,1.6215209322226236e-08,1.9718137125338538e-08,1.621136092981541e-08,1.0607357884110432e-09,0.00019158525850059184,0.0001580343884807722,0.00015796418016098015,1.850489639936837e-05,2.5407399177515066e-06,2.1290674137270045e-06,2.644876670145223e-07,0.02837918860133156,0.02371051376789785,0.0016683223157173768,276.16120954116985,231.41521387408932,28.74829638438033,84.81029529032554,84.7901335114661,90.13675041653846,91.8701957862078,-0.004668674833433712,0.022042191452180473,0.8354894884762613,14.212190021388254,8.049779552141096,8.049701825107904,2.4756228084177323e-05,True,5.923966235658166,0.0003622187861456183,0.8903201411902789,0.00014981826449245172,0.8903425406518682,5.967415492635908e-06,0.0,63.4316473552938,63.42920953388368,False,0.8824625738180021,0.8824644463090385,-1.7626487527344636e-05,G12V,matched_theta,4.1425837348205765e-05,6.324555320336758e-10,316.2277660168379,0.0031622776601683794,0.00011,0.8741447571006196,0.00012583728164755018
54.33556472291671,5.92494916050538,54.30707082173702,5.920697384045373,6.386140707817816,0.8909563342035818,0.0005244060924919358,0.8910345845444347,0.8910135173662731,2.1067178161637834e-05,1.8699679950014516e-07,1.8687053512066698e-07,0.0,1.972552221237827e-08,1.6215209322226236e-08,1.970218903693694e-08,1.620304494580912e-08,1.0607013925547348e-09,0.00019158525850059184,0.0001580343884807722,0.00015781252572769563,1.849853068567501e-05,8.02552939207709e-06,6.72666131478555e-06,8.361593272996813e-07,0.08967679894990084,0.07494364821297525,0.005275528201319304,872.3206455283156,731.1425384164972,90.88573298217658,84.81029529032554,84.74656870049911,90.13675041653846,91.82312085593645,-0.01473315073692559,0.06966812001165594,0.835708333599681,14.205904196329259,8.044712407273908,8.044634888513032,7.82503408529589e-05,True,5.921842081067906,0.0011446970225330588,0.8903201411902789,0.00047337953429049673,0.890390909889821,1.8848499057644297e-05,0.0,63.4316473552938,63.423940769365124,False,0.8824625738180021,0.8824684947992382,-5.571636114953815e-05,G12V,matched_theta,4.1425837348205765e-05,2e-09,316.2277660168379,0.01,0.00011,0.8741447571006196,0.00012583728164755018
54.33556472291671,5.92494916050538,54.24556996404546,5.91152312732626,6.385445121697933,0.8909563342035818,0.0016562772344443921,0.891203428960903,0.8911369407448008,6.648821610222289e-05,1.8699679950014516e-07,1.8659869418083046e-07,0.0,1.972552221237827e-08,1.6215209322226236e-08,1.9651935447367375e-08,1.617679901547921e-08,1.0605941193852542e-09,0.00019158525850059184,0.0001580343884807722,0.00015733434246279913,1.847840331865548e-05,2.52893477221235e-05,2.1211311756289157e-05,2.6419106781344047e-06,0.28292432894082403,0.23663746693742488,0.016681006793328734,2748.780604250908,2305.5258961129625,287.16057896385155,84.81029529032554,84.6090773187642,90.13675041653846,91.67455067180308,-0.046286862003399154,0.21995646014409614,0.8363984384917268,14.186042237694174,8.028777025598611,8.028699149555578,0.000247094757321209,True,5.915135802095595,0.0036126747693350225,0.8903201411902789,0.0014931110987231877,0.8905432871776456,5.938177287156954e-05,0.0,63.4316473552938,63.407298901387016,False,0.8824625738180021,0.8824812964720179,-0.00017595190916463999,G12V,matched_theta,4.1425837348205765e-05,6.324555320336758e-09,316.2277660168379,0.03162277660168379,0.00011,0.8741447571006196,0.00012583728164755018
54.33556472291671,5.92494916050538,54.05208007512164,5.882683801581161,6.383245792774355,0.8909563342035818,0.005217294588557131,0.8917341922996511,0.8915252471310579,0.0002089451685932664,1.8699679950014516e-07,1.8574956073243905e-07,0.0,1.972552221237827e-08,1.6215209322226236e-08,1.9494787160916482e-08,1.6094314527915626e-08,1.0602720200188376e-09,0.00019158525850059184,0.0001580343884807722,0.0001558360077357842,1.8414768123746853e-05,7.908693664865929e-05,6.647824930393727e-05,8.331405730454436e-06,0.8881662935504389,0.7447819511690679,0.05273404023086793,8596.212971852794,7225.734658795422,905.5761029692919,84.81029529032554,84.17700099311548,90.13675041653846,91.20765053605948,-0.143384342381371,0.6920479109382,0.8385613781759348,14.123362213637272,7.979235612176965,7.97915783676598,0.0007778580960693393,True,5.894036955312801,0.011353153731640475,0.8903201411902789,0.004683444472522891,0.8910193981199324,0.00018557740116398325,0.0,63.4316473552938,63.35486527705675,False,0.8824625738180021,0.8825217732561424,-0.0005540279394319336,G12V,matched_theta,4.1425837348205765e-05,2e-08,316.2277660168379,0.1,0.00011,0.8741447571006196,0.00012583728164755018
54.33556472291671,5.92494916050538,53.44998282064694,5.793179385771847,6.376287785589528,0.8909563342035818,0.016298384065497107,0.8933814451857809,0.8927335697486415,0.0006478754371394002,1.8699679950014516e-07,1.831664998112805e-07,0.0,1.972552221237827e-08,1.6215209322226236e-08,1.9014829763575317e-08,1.583843891052614e-08,1.0595400286498627e-09,0.00019158525850059184,0.0001580343884807722,0.00015123266309674424,1.8213499751037912e-05,0.00024158300547071272,0.00020439511175206782,2.6103627175915346e-05,2.7454840093913466,2.3205107338231064,0.16664517039679982,26258.425157731297,22216.355236459283,2837.314537971241,84.81029529032554,82.8372703460786,90.13675041653846,89.75986609063071,-0.42497327556824027,2.1538655634263066,0.8452100707508933,13.924860398280515,7.830142162796981,7.8300642876008375,0.002425110982199108,True,5.828382063518921,0.03520267774707442,0.8903201411902789,0.014437334816258418,0.8924690338884158,0.0005654078539010232,0.0,63.4316473552938,63.1909779030551,False,0.8824625738180021,0.8826498294789923,-0.001728414452993987,G12V,matched_theta,4.1425837348205765e-05,6.324555320336758e-08,316.2277660168379,0.31622776601683794,0.00011,0.8741447571006196,0.00012583728164755018
54.33556472291671,5.92494916050538,51.639489545375646,5.526346579020455,6.353954139299749,0.8909563342035818,0.04961897775958801,0.8982922767582896,0.8963669694315582,0.0019253073267313514,1.8699679950014516e-07,1.759310191047115e-07,0.0,1.972552221237827e-08,1.6215209322226236e-08,1.7646507989123575e-08,1.5072731740914293e-08,1.0636355101012772e-09,0.00019158525850059184,0.0001580343884807722,0.00013792710312046048,1.7568990303718835e-05,0.0006884358990649854,0.0005926587132718962,7.987761325804283e-05,8.107875317108027,7.0082017900842715,0.5290049776180775,74828.22552073115,64417.90106901277,8682.234189332969,84.81029529032554,78.85437236080548,90.13675041653846,85.45504815639366,-1.0996735270237554,6.479196812466194,0.864369704267234,13.247893850904253,7.419584650799789,7.419507429108154,0.007335942554707819,True,5.630959239883572,0.10461266086311749,0.8903201411902789,0.042198342428882984,0.8965404374821039,0.0015919880522208274,0.0,63.4316473552938,62.692017867910764,False,0.8824625738180021,0.8830608613032435,-0.0052337994504023655,G12V,matched_theta,4.1425837348205765e-05,2e-07,316.2277660168379,1.0,0.00011,0.8741447571006196,0.00012583728164755018
54.33556472291671,5.92494916050538,46.778574777431984,4.833363528717029,6.276865302498994,0.8909563342035818,0.13907999270867,0.9110460422494054,0.9061221264474744,0.004923915801931078,1.8699679950014516e-07,1.6000974683278267e-07,0.0,1.972552221237827e-08,1.6215209322226236e-08,1.4335063086132151e-08,1.2918010153427958e-08,1.1184910507381152e-09,0.00019158525850059184,0.0001580343884807722,0.00010598099421251159,1.53819982484581e-05,0.0016406816392730691,0.0014595671625800698,0.0002219281652099183,21.14979255399143,19.18592777173627,1.7586621462902337,178330.3606694162,158644.43201628528,24122.244014088286,84.81029529032554,68.588637252429,90.13675041653846,74.35473793072427,-1.9638647822551576,17.427265625446037,0.9071449624273249,10.90938803237879,6.576754965731766,6.576686311755699,0.020089708045823662,True,5.100907274463047,0.2675437457460186,0.8903201411902789,0.10631066395557076,0.9055596962307663,0.003579416427872628,0.0,63.4316473552938,61.327014013888636,False,0.8824625738180021,0.8844796159843417,-0.0143300622100484,G12V,matched_theta,4.1425837348205765e-05,6.324555320336758e-07,316.2277660168379,3.1622776601683795,0.00011,0.8741447571006196,0.00012583728164755018
54.33556472291671,5.92494916050538,37.82807538621227,3.6842305772700255,6.081720952842866,0.8909563342035818,0.30380634527098593,0.9321948599217161,0.9240844917841423,0.00811036813757382,1.8699679950014516e-07,1.394799352660128e-07,0.0,1.972552221237827e-08,1.6215209322226236e-08,8.6960993974136e-09,8.261495592170153e-09,1.003189500461503e-09,0.00019158525850059184,0.0001580343884807722,5.852522954466216e-05,9.98537327440733e-06,0.0028411356246396693,0.002606872363384751,0.0004570453342861025,41.668569436044166,39.66866675795039,4.990912693981087,308810.0281807708,283347.0654956123,49677.75510560904,84.81029529032554,51.81362329606253,90.13675041653846,56.2003749081831,-1.9999026780937754,34.6777540639693,0.952004527509317,7.948178858305774,5.703750083034201,5.703701080961688,0.041238525718134356,True,4.1249120101358505,0.44068143286582506,0.8903201411902789,0.19812350896511355,0.9173284845107902,0.005278184830331045,0.0,63.4316473552938,58.83648299044405,False,0.8824625738180021,0.8880710822854884,-0.030100107413424948,G12V,matched_theta,4.1425837348205765e-05,2e-06,316.2277660168379,10.0,0.00011,0.8741447571006196,0.00012583728164755018
54.33556472291671,5.92494916050538,29.621674940446724,2.7694591330484766,5.878458920423188,0.8909563342035818,0.45483818763084627,0.9490304527583124,0.9405535575270483,0.008476895231264159,1.8699679950014516e-07,1.2593573671877537e-07,0.0,1.972552221237827e-08,1.6215209322226236e-08,3.732384914187924e-09,3.620034796680847e-09,5.401702243140545e-10,0.00019158525850059184,0.0001580343884807722,2.3559749274479334e-05,4.444405084360952e-06,0.0036331575622980815,0.0033810706742355098,0.0006450452848779822,57.932640878918896,56.21970221567611,8.51777973010524,394895.833790983,367495.45820958004,70111.76558339004,84.81029529032554,38.67753205858939,90.13675041653846,41.97018812305005,-1.712938663242788,47.70192248557087,0.9704322358301793,6.6002765975472695,5.241602029344464,5.24156616441909,0.05807411855473066,True,3.230056022536213,0.4605968894877366,0.8903201411902789,0.2664062196372715,0.9251898629841971,0.005650325238070741,0.0,63.4316473552938,56.5971734739315,False,0.8824625738180021,0.8918119476552735,-0.04411113606614292,G12V,matched_theta,4.1425837348205765e-05,6.324555320336758e-06,316.2277660168379,31.622776601683793,0.00011,0.8741447571006196,0.00012583728164755018
54.33556472291671,5.92494916050538,25.51349189196256,2.350848955120449,5.7732151678229116,0.8909563342035818,0.5304458134912524,0.9567346181619982,0.9487980902130311,0.007936527948967154,1.8699679950014516e-07,1.2023723167546323e-07,0.0,1.972552221237827e-08,1.6215209322226236e-08,1.3174523851717639e-09,1.2849113330337269e-09,2.0793483649831415e-10,0.00019158525850059184,0.0001580343884807722,8.104258868180507e-06,1.5934178649573108e-06,0.003968343896473744,0.0037103449984988365,0.0007323694775714787,65.440973401106,63.83480039952278,10.385844947582143,431327.4988987463,403284.4904146087,79603.1195532104,84.81029529032554,32.72960181878188,90.13675041653846,35.5227111800107,-1.6061730015832296,53.448955451940634,0.9754561566231824,6.146327113653253,5.066220141781796,5.066189524708698,0.06577828395841645,True,2.7820846831667922,0.43123572804634325,0.8903201411902789,0.2972909442938163,0.9285225281214488,0.005595558135615297,0.0,63.4316473552938,55.474208615802645,False,0.8824625738180021,0.8937488696903525,-0.051060939774427494,G12V,matched_theta,4.1425837348205765e-05,1.9999999999999998e-05,316.2277660168379,100.0,0.00011,0.8741447571006196,0.00012583728164755018
54.33556472291671,5.92494916050538,23.986862928970627,2.200839781618834,5.733693176791822,0.8909563342035818,0.5585421251938536,0.9594954098141433,0.9518618150364415,0.007633594777701758,1.8699679950014516e-07,1.1825416051773481e-07,0.0,1.972552221237827e-08,1.6215209322226236e-08,4.319179566954533e-10,4.2189953793778525e-10,7.018433860254094e-11,0.00019158525850059184,0.0001580343884807722,2.633834069108476e-06,5.253250402941813e-07,0.004085351124054582,0.003825372073604322,0.0007639543862983478,68.14442996392144,66.56703000695174,11.09310837470816,444045.0881600057,415786.83946193155,83036.1080505765,84.81029529032554,30.607745136673685,90.13675041653846,33.22200946418231,-1.5773999569696997,55.47392163224358,0.9768521072403886,6.000755402220886,5.007330466599869,5.007301633268743,0.0685390756105615,True,2.615615464731168,0.4147756831123339,0.8903201411902789,0.3083555273306223,0.9296859197977749,0.005545387906676247,0.0,63.4316473552938,55.05415183510362,False,0.8824625738180021,0.8944762384263292,-0.053635939201181704,G12V,matched_theta,4.1425837348205765e-05,6.324555320336758e-05,316.2277660168379,316.2277660168379,0.00011,0.8741447571006196,0.00012583728164755018
54.33556472291671,5.92494916050538,23.47801767762927,2.1514544591227773,5.720474027623504,0.8909563342035818,0.5679069906173788,0.9604043048030496,0.9528829942919128,0.007521310511136803,1.8699679950014516e-07,1.1760747840738735e-07,0.0,1.972552221237827e-08,1.6215209322226236e-08,1.381686718900582e-10,1.3502614022050336e-10,2.2663424085628003e-11,0.00019158525850059184,0.0001580343884807722,8.401830159691952e-07,1.6836054856457524e-07,0.004123550793083737,0.003862929298746308,0.0007743906604089854,69.03599043394112,67.46677806032595,11.33030471153501,448197.0322983915,419868.950976162,84170.43410538824,84.81029529032554,29.910300462536178,90.13675041653846,32.46570542076514,-1.5692123736151729,56.13647334879094,0.9772696478495994,5.954542245597353,4.988346962637884,4.988318706429052,0.06944797059946783,True,2.5601291132018074,0.40867465407903003,0.8903201411902789,0.3119996142835043,0.9300657143768456,0.005525499543264534,0.0,63.4316473552938,54.91367801003377,False,0.8824625738180021,0.8947195256588394,-0.05449337414709343,G12V,matched_theta,4.1425837348205765e-05,0.00019999999999999998,316.2277660168379,1000.0,0.00011,0.8741447571006196,0.00012583728164755018
54.33556472291671,5.918431334524897,54.33271390380691,5.9180063379342185,6.379482852875204,0.8910762892645758,5.246690863214276e-05,0.8910841109664914,0.8910820041549549,2.1068115365618922e-06,1.8701410597257998e-07,1.87001462746895e-07,0.0,1.972552221237827e-08,1.621541645989915e-08,1.9723186055611538e-08,1.6214199190912213e-08,1.059537868812428e-09,0.00019158525850059184,0.00015803632865761955,0.0001580141219305808,1.8495717360584304e-05,8.037373322689171e-07,6.734690701973661e-07,8.35947028266663e-08,0.008976379055841366,0.007499137082109153,0.0005269771780127801,87.36080103713391,73.20152902862759,9.086265481574165,84.81808571137405,84.81170846596397,90.13675041653846,91.88498795824725,-0.0014772419737322127,0.006972159904096373,0.8354300810446613,14.230477893536571,8.056360599711741,8.05628331871563,7.821701915600165e-06,True,5.918120812728823,0.00011447479460446885,0.8904414048428587,4.7388952540083906e-05,0.890448482998532,1.8862886069781482e-06,0.0,63.441826127481214,63.44105549001991,False,0.8825904361395146,0.8825910269745558,-5.569281818385008e-06,G12V,matched_theta,0.00013099999999999999,2e-10,1000.0,0.001,0.00011,0.8741447571006196,0.00012583728164755018
54.33556472291671,5.918431334524897,54.32655067482839,5.917087565587015,6.379413438225307,0.8910762892645758,0.0001658959124523074,0.8911010201925552,0.891094359262956,6.660929599222598e-06,1.8701410597257998e-07,1.8697413651236653e-07,0.0,1.972552221237827e-08,1.621541645989915e-08,1.9718137125338538e-08,1.62115678433192e-08,1.059526959738727e-09,0.00019158525850059184,0.00015803632865761955,0.00015796611927701928,1.8493706533541143e-05,2.5407399177515066e-06,2.1290916038258425e-06,2.6432733444013055e-07,0.02837918860133156,0.02371079370552178,0.0016664310922919708,276.16120954116985,231.417843126192,28.7308737253193,84.81808571137405,84.79792205758537,90.13675041653846,91.87009204256735,-0.00466839489580978,0.02204436261322981,0.8354993526632845,14.228487343518358,8.054753808702582,8.054674749492678,2.4730927979388362e-05,True,5.9174494909583695,0.0003619253713544879,0.8904414048428587,0.00014981826449245172,0.8904637814640671,5.96274262176788e-06,0.0,63.441826127481214,63.43938918702378,False,0.8825904361395146,0.8825923044923336,-1.7609413908270533e-05,G12V,matched_theta,0.00013099999999999999,6.324555320336758e-10,1000.0,0.0031622776601683794,0.00011,0.8741447571006196,0.00012583728164755018
54.33556472291671,5.918431334524897,54.30707082173702,5.914183894637228,6.379193931519276,0.8910762892645758,0.0005244060924919358,0.8911544597944917,0.8911334095221023,2.1050272389411262e-05,1.8701410597257998e-07,1.8688782946045424e-07,0.0,1.972552221237827e-08,1.621541645989915e-08,1.970218903693694e-08,1.6203251668456975e-08,1.0594927049037145e-09,0.00019158525850059184,0.00015803632865761955,0.00015781446261791318,1.8487348971881405e-05,8.02552939207709e-06,6.726737732590281e-06,8.356526792980468e-07,0.08967679894990084,0.07494453270497842,0.005269548353476675,872.3206455283156,731.1508429465034,90.83066783526444,84.81808571137405,84.7543530592319,90.13675041653846,91.8230166031714,-0.014732266244922423,0.06967498435150174,0.8357181967082389,14.222192810040822,8.049681284144006,8.049603293378393,7.817052991587747e-05,True,5.915327673075079,0.001143778437850962,0.8904414048428587,0.00047337953429049673,0.8905121014346519,1.8833795040196222e-05,0.0,63.441826127481214,63.43412214227071,False,0.8825904361395146,0.8825963443271481,-5.5662102971809624e-05,G12V,matched_theta,0.00013099999999999999,2e-09,1000.0,0.01,0.00011,0.8741447571006196,0.00012583728164755018
54.33556472291671,5.918431334524897,54.24556996404546,5.905018980771118,6.378499836647122,0.8910762892645758,0.0016562772344443921,0.8913231322636719,0.8912566971269581,6.643513671378276e-05,1.8701410597257998e-07,1.8661596236630043e-07,0.0,1.972552221237827e-08,1.621541645989915e-08,1.9651935447367375e-08,1.6177005369215453e-08,1.0593857388047935e-09,0.00019158525850059184,0.00015803632865761955,0.00015733627254855054,1.8467245059428704e-05,2.52893477221235e-05,2.1211552647042743e-05,2.640311862207399e-06,0.28292432894082403,0.23664025962889457,0.016662101552245404,2748.780604250908,2305.5520779449566,286.9867985500614,84.81808571137405,84.6168483518107,90.13675041653846,91.67444469550428,-0.046284069311929465,0.21997815807664917,0.8364083092988084,14.202305686764024,8.033730011465046,8.033652034146723,0.000246842999096053,True,5.908628771441903,0.003609790670784818,0.8904414048428587,0.0014931110987231877,0.8906643234106884,5.933541343994264e-05,0.0,63.441826127481214,63.417485542154935,False,0.8825904361395146,0.8826091185547776,-0.00017578037246512856,G12V,matched_theta,0.00013099999999999999,6.324555320336758e-09,1000.0,0.03162277660168379,0.00011,0.8741447571006196,0.00012583728164755018
54.33556472291671,5.918431334524897,54.05208007512164,5.876209054153722,6.376305219931437,0.8910762892645758,0.005217294588557131,0.8918533545364008,0.8916445763511613,0.00020877818523945546,1.8701410597257998e-07,1.8576674726212311e-07,0.0,1.972552221237827e-08,1.621541645989915e-08,1.9494787160916482e-08,1.6094519185087778e-08,1.0590646322699648e-09,0.00019158525850059184,0.00015803632865761955,0.00015583791589940195,1.8403685775012165e-05,7.908693664865929e-05,6.647900328176177e-05,8.326384077677658e-06,0.8881662935504389,0.7447907165227854,0.052674305507761233,8596.212971852794,7225.816606882771,905.030294793398,84.81808571137405,84.18473039982436,90.13675041653846,91.20753943522723,-0.14337557702765347,0.6921164110150242,0.8385712472216093,14.139545065535701,7.984138452126709,7.984060476707351,0.0007770652718249726,True,5.887553134750532,0.011344080596810358,0.8904414048428587,0.004683444472522891,0.8911399489618,0.00018543252203528926,0.0,63.441826127481214,63.36506897614457,False,0.8825904361395146,0.8826495086147113,-0.000553487806977504,G12V,matched_theta,0.00013099999999999999,2e-08,1000.0,0.1,0.00011,0.8741447571006196,0.00012583728164755018
54.33556472291671,5.918431334524897,53.44998282064694,5.78679603126326,6.3693621100688675,0.8910762892645758,0.016298384065497107,0.8934989254133471,0.8928515697359809,0.0006473556773661793,1.8701410597257998e-07,1.8318343776401988e-07,0.0,1.972552221237827e-08,1.621541645989915e-08,1.9014829763575317e-08,1.583863774989359e-08,1.0583353263585944e-09,0.00019158525850059184,0.00015803632865761955,0.00015123450415787507,1.82026562190901e-05,0.00024158300547071272,0.0002043974204448462,2.6088088231526873e-05,2.7454840093913466,2.3205377281307418,0.16645669127240864,26258.425157731297,22216.606161653548,2835.6255465940258,84.81808571137405,82.84487102056197,90.13675041653846,89.75973966991424,-0.42494628126060485,2.154081036858333,0.8452199030090828,13.940789705672751,7.8348945553563585,7.834816620388659,0.002422636148771251,True,5.821970467569537,0.035174436306276924,0.8904414048428587,0.014437334816258418,0.8925881047835154,0.0005649658203741303,0.0,63.441826127481214,63.20123549720128,False,0.8825904361395146,0.8827772906649757,-0.0017267316392995946,G12V,matched_theta,0.00013099999999999999,6.324555320336758e-08,1000.0,0.31622776601683794,0.00011,0.8741447571006196,0.00012583728164755018
54.33556472291671,5.918431334524897,51.639489545375646,5.520236899611628,6.347075537913207,0.8910762892645758,0.04961897775958801,0.8984047202276818,0.8964809724450487,0.0019237477826331562,1.8701410597257998e-07,1.759472580144272e-07,0.0,1.972552221237827e-08,1.621541645989915e-08,1.7646507989123575e-08,1.507291411303211e-08,1.0624418822457964e-09,0.00019158525850059184,0.00015803632865761955,0.00013792875924302947,1.7558887677800975e-05,0.0006884358990649854,0.000592665351315283,7.983182250859514e-05,8.107875317108027,7.008280642746485,0.5284144580302382,74828.22552073115,64418.62257132346,8677.257042243655,84.81808571137405,78.86159034337639,90.13675041653846,85.4548781114182,-1.0995946743615415,6.479866184716247,0.8643794297081332,13.262848009252314,7.4239236020381885,7.423846298169233,0.007328430963105981,True,5.624764821765457,0.10452792215382978,0.8904414048428587,0.042198342428882984,0.8966553362025099,0.0015907402451827979,0.0,63.441826127481214,62.70244227644071,False,0.8825904361395146,0.8831874561297005,-0.005228722547770404,G12V,matched_theta,0.00013099999999999999,2e-07,1000.0,1.0,0.00011,0.8741447571006196,0.00012583728164755018
54.33556472291671,5.918431334524897,46.778574777431984,4.827972702776274,6.27013328392192,0.8910762892645758,0.13907999270867,0.9111452558302018,0.90622539815946,0.004919857670741767,1.8701410597257998e-07,1.6002442918424658e-07,0.0,1.972552221237827e-08,1.621541645989915e-08,1.4335063086132151e-08,1.291815473026689e-08,1.117379895561929e-09,0.00019158525850059184,0.00015803632865761955,0.00010598224125947857,1.5373935442418557e-05,0.0016406816392730691,0.001459583412359674,0.00022181249282680337,21.14979255399143,19.186129463293778,1.7569247392305258,178330.3606694162,158646.1977121169,24109.671107425598,84.81808571137405,68.5948644391071,90.13675041653846,74.35446394561045,-1.9636630906976507,17.42920472406325,0.9071544987647141,10.920291026066751,6.58025791856256,6.580189211426243,0.020068966565625956,True,5.095295947672405,0.26732324489613024,0.8904414048428587,0.10631066395557076,0.9056652668968627,0.003576615060808641,0.0,63.441826127481214,61.3379186588517,False,0.8825904361395146,0.8846035130784715,-0.014316244346687546,G12V,matched_theta,0.00013099999999999999,6.324555320336758e-07,1000.0,3.1622776601683795,0.00011,0.8741447571006196,0.00012583728164755018
54.33556472291671,5.918431334524897,37.82807538621227,3.6800564144430896,6.07530501988984,0.8910762892645758,0.30380634527098593,0.9322716818494576,0.924168003736459,0.008103678112998614,1.8701410597257998e-07,1.3949256165106834e-07,0.0,1.972552221237827e-08,1.621541645989915e-08,8.6960993974136e-09,8.261581408459141e-09,1.0024233837174373e-09,0.00019158525850059184,0.00015803632865761955,5.852590784562405e-05,9.980749661468516e-06,0.0028411356246396693,0.0026069016240666087,0.000456834758571427,41.668569436044166,39.66906284439337,4.987120278520021,308810.0281807708,283350.2468202333,49654.86726552185,84.81808571137405,51.81819621533887,90.13675041653846,56.19993591038058,-1.9995065916507926,34.68194256587335,0.9520140331498596,7.954302408797241,5.706443249236725,5.706394205125169,0.04119539258488181,True,4.120374341045609,0.440317926602519,0.8904414048428587,0.19812350896511355,0.917421689095953,0.005274150943273215,0.0,63.441826127481214,58.84836257964381,False,0.8825904361395146,0.8881891620917026,-0.030071044544126457,G12V,matched_theta,0.00013099999999999999,2e-06,1000.0,10.0,0.00011,0.8741447571006196,0.00012583728164755018
54.33556472291671,5.918431334524897,29.621674940446724,2.7662746654054478,5.872345056729651,0.8910762892645758,0.45483818763084627,0.9490890601853129,0.9406189524455026,0.008470107739810273,1.8701410597257998e-07,1.2594697066677008e-07,0.0,1.972552221237827e-08,1.621541645989915e-08,3.732384914187924e-09,3.6200714583259636e-09,5.398208802341037e-10,0.00019158525850059184,0.00015803632865761955,2.3560020373455633e-05,4.44249962005341e-06,0.0036331575622980815,0.0033811090641380553,0.000644769420016814,57.932640878918896,56.22026146652745,8.512285913396424,394895.833790983,367499.630898009,70081.7814666411,84.81808571137405,38.6807650782022,90.13675041653846,41.969610539947894,-1.7123794123914493,47.70797555313102,0.9704418892974277,6.604602105534237,5.243904191439297,5.243868280844697,0.05801277092073709,True,3.226502752711986,0.4602280873065383,0.8904414048428587,0.2664062196372715,0.9252746709463665,0.005646174938923498,0.0,63.441826127481214,56.610050228592044,False,0.8825904361395146,0.8919244681328781,-0.04406832124346771,G12V,matched_theta,0.00013099999999999999,6.324555320336758e-06,1000.0,31.622776601683793,0.00011,0.8741447571006196,0.00012583728164755018
54.33556472291671,5.918431334524897,25.51349189196256,2.3481237910223807,5.767252762063049,0.8910762892645758,0.5304458134912524,0.9567847724966769,0.9488544156141138,0.007930356882563161,1.8701410597257998e-07,1.202478716049993e-07,0.0,1.972552221237827e-08,1.621541645989915e-08,1.3174523851717639e-09,1.2849242117762429e-09,2.078087971300019e-10,0.00019158525850059184,0.00015803632865761955,8.104351695766782e-06,1.5927557842355263e-06,0.003968343896473744,0.003710387300001414,0.0007320654528645379,65.440973401106,63.835436146367115,10.379556177935077,431327.4988987463,403289.08826180233,79570.07475509576,84.81808571137405,32.7322156357723,90.13675041653846,35.52206899328657,-1.6055372547388913,53.455879968432036,0.9754658714365676,6.150112302688709,5.068381912413489,5.068351255205717,0.0657084832321011,True,2.7790242106907197,0.43090041966833903,0.8904414048428587,0.2972909442938163,0.9286037402027145,0.005591557150085302,0.0,63.441826127481214,55.48763438638754,False,0.8825904361395146,0.8938586027131022,-0.05101124504004073,G12V,matched_theta,0.00013099999999999999,1.9999999999999998e-05,1000.0,100.0,0.00011,0.8741447571006196,0.00012583728164755018
54.33556472291671,5.918431334524897,23.986862928970627,2.1982801949119417,5.7277869888119985,0.8910762892645758,0.5585421251938536,0.9595425168373232,0.9519147701427402,0.007627746694582993,1.8701410597257998e-07,1.1826459286917477e-07,0.0,1.972552221237827e-08,1.621541645989915e-08,4.319179566954533e-10,4.219037512604033e-10,7.014271762948162e-11,0.00019158525850059184,0.00015803632865761955,2.6338641733811693e-06,5.251091069208692e-07,0.004085351124054582,0.003825415730514057,0.0007636404621552704,68.14442996392144,66.5676933905021,11.086532265849762,444045.0881600057,415791.58461929695,83001.98728959069,84.81808571137405,30.610136153748567,90.13675041653846,33.22134397380939,-1.576736573419339,55.48116112465234,0.9768618422040638,6.0043746587517655,5.009446094196405,5.00941722236862,0.06846622757274734,True,2.6127381191254684,0.4144579242135267,0.8904414048428587,0.3083555273306223,0.9297658711005975,0.005541467874456307,0.0,63.441826127481214,55.06779164921949,False,0.8825904361395146,0.8945849368085019,-0.05358368664773172,G12V,matched_theta,0.00013099999999999999,6.324555320336758e-05,1000.0,316.2277660168379,0.00011,0.8741447571006196,0.00012583728164755018
54.33556472291671,5.918431334524897,23.47801767762927,2.1489494336301656,5.714586645383295,0.8910762892645758,0.5679069906173788,0.9604504076733407,0.9529348260352084,0.007515581638132263,1.8701410597257998e-07,1.1761784274909992e-07,0.0,1.972552221237827e-08,1.621541645989915e-08,1.381686718900582e-10,1.3502748890724474e-10,2.2650078812753287e-11,0.00019158525850059184,0.00015803632865761955,8.401926140102186e-07,1.6829158701120433e-07,0.004123550793083737,0.0038629734064458132,0.0007740734966368007,69.03599043394112,67.46745149259561,11.323633720150221,448197.0322983915,419873.74514437746,84135.96123556545,84.81808571137405,29.91261717302146,90.13675041653846,32.46503131410664,-1.5685389413455084,56.143817772445395,0.9772794026494571,5.958109663379378,4.990447836322628,4.990419542112403,0.06937411840876484,True,2.5573128061592683,0.4083633725291027,0.8904414048428587,0.3119996142835043,0.9301452535443442,0.00552160927101486,0.0,63.441826127481214,54.9273905796029,False,0.8825904361395146,0.8948278779373191,-0.054440270283902636,G12V,matched_theta,0.00013099999999999999,0.00019999999999999998,1000.0,1000.0,0.00011,0.8741447571006196,0.00012583728164755018
