sig_vehicle_pct,sig_on_only_pct,sig_off_only_pct,sig_combo_pct,sig_combo_kcat0_pct,E_ON,E_OFF,E_combo,E_bliss_expected,dE_bliss_excess,C_TCI_on_only_M,C_TCI_combo_M,C_TCI_combo_kcat0_M,D_access_end_vehicle_M,D_access_end_on_only_M,D_access_end_off_only_M,D_access_end_combo_M,D_access_end_combo_kcat0_M,AUC_D_access_vehicle_Ms,AUC_D_access_on_only_Ms,AUC_D_access_combo_Ms,AUC_D_access_combo_kcat0_Ms,I_OFF_assoc_off_only_M,I_OFF_assoc_combo_M,I_OFF_assoc_combo_kcat0_M,off_bound_pct_off_only,off_bound_pct_combo,off_bound_pct_combo_kcat0,AUC_off_bound_off_only,AUC_off_bound_combo,AUC_off_bound_combo_kcat0,on_trapped_pct_on_only,on_trapped_pct_combo,ras_gtp_pct_vehicle,ras_gtp_pct_combo,engagement_gain_vs_off_only_pp,engagement_gain_vs_kcat0_pp,engagement_gain_vs_off_only_ratio,engagement_gain_vs_kcat0_ratio,assoc_gain_vs_kcat0_ratio,AUC_engagement_gain_vs_kcat0_ratio,hsa_excess,beats_best_single_agent,sig_bliss_expected_pct,sig_excess_pp,E_ON_AUC,E_OFF_AUC,E_combo_AUC,dE_bliss_excess_AUC,on_trapped_pct_off_only,wt_on_trapped_pct_on_only,wt_on_trapped_pct_combo,signalling_above_vehicle,E_ON_kcat0,E_combo_kcat0,dE_bliss_excess_kcat0,variant,design,on_dose_M,off_dose_M,theta_ON,theta_OFF,kcat_TCI,Phi,k_escape
34.06417307483321,34.058127989368266,34.05746865597974,34.05142356839794,34.056061471839016,0.00017746168244447968,0.00019681730828280397,0.0003742790528706852,0.0003742440631966216,3.498967406361398e-08,2.2166295712090073e-10,2.2161407615561736e-10,0.0,7.832895208760798e-08,7.834416114932142e-08,7.83042236160081e-08,7.831942376266102e-08,7.829736087272117e-08,0.0007171450218081682,0.00071728573661511,0.0007170232395501896,0.0007168164848475621,2.4079622160962164e-06,2.408307031904521e-06,2.407799255120669e-06,0.02813619650532585,0.02814012127713004,0.028134424360998,261.72890350791516,261.7663831531979,261.7111904937929,0.007346953293409435,0.007344895685713404,60.831528644433654,60.808153057180476,3.924771804192373e-06,5.696916132041235e-06,1.000139491910481,1.0002024891662593,1.0002108883382916,1.0002108914765964,0.00017746174458788122,True,34.05142476029225,1.1918943130240223e-06,0.00016078017184140148,0.00015763127176482428,0.00031841911252106225,3.301289779842091e-08,0.0,0.007676856214045577,0.007675944205303331,False,4.133257466121254e-05,0.00023812710722115327,-1.4640756774032121e-08,G12D,fixed_concentration,1.3099999999999978e-10,2.0000000000000003e-10,0.0003598901098901093,0.0010000000000000002,0.00144,4.3783830279284865,0.0003288885396308731
34.06417307483321,34.058127989368266,34.04297937796639,34.03693312063692,34.04157261260694,0.00017746168244447968,0.0006221697153856454,0.0007996657995028578,0.0007995209865456667,1.4481295719103067e-07,2.2166295712090073e-10,2.2150846537436872e-10,0.0,7.832895208760798e-08,7.834416114932142e-08,7.825078923766808e-08,7.826597608206836e-08,7.824393766239778e-08,0.0007171450218081682,0.00071728573661511,0.0007164561672669924,0.0007162496165225886,7.610151046247459e-06,7.611240941895061e-06,7.609636125249115e-06,0.08893082465913302,0.0889432297806669,0.08892522762037432,827.1709874695829,827.2894513099382,827.1150191264219,0.007346953293409435,0.007340449605234268,60.831528644433654,60.77407632209616,1.2405121533887176e-05,1.8002160292587832e-05,1.0001394918081716,1.0002024415430169,1.0002108926917834,1.0002108922936745,0.0001774960841172124,True,34.03693805357055,4.932933634904657e-06,0.00016078017184140148,0.0004982580519867774,0.0006590771219558977,1.1900814293861091e-07,0.0,0.007676856214045577,0.007673972656494751,False,4.133257466121254e-05,0.0006634672204317571,-9.353738887715908e-09,G12D,fixed_concentration,1.3099999999999978e-10,6.324555320336759e-10,0.0003598901098901093,0.00316227766016838,0.00144,4.3783830279284865,0.0003288885396308731
34.06417307483321,34.058127989368266,33.9972147056811,33.99116588944805,33.99581127680022,0.00017746168244447968,0.001965653738460249,0.0021432249426626138,0.002142766592685198,4.5834997741559316e-07,2.2166295712090073e-10,2.2117529980968035e-10,0.0,7.832895208760798e-08,7.834416114932142e-08,7.808220157519993e-08,7.809734073000497e-08,7.807537500578804e-08,0.0007171450218081682,0.00071728573661511,0.0007146674903101662,0.0007144616058924584,2.4020550288826822e-05,2.4023990622681663e-05,2.4018925483194732e-05,0.28078820126999415,0.2808273539602959,0.28077054514758515,2610.868301637576,2611.2422448440093,2610.6916974246465,0.007346953293409435,0.007326416603332066,60.831528644433654,60.666517867830834,3.915269030174695e-05,5.680881271075133e-05,1.0001394385167348,1.0002023318104145,1.0002108811857748,1.0002108818210538,0.00017757120420236472,True,33.99118150276101,1.5613312960738313e-05,0.00016078017184140148,0.0015735761499731105,0.0017344712577627153,3.6793579200164635e-07,0.0,0.007676856214045577,0.007667741655891521,False,4.133257466121254e-05,0.002006853296653066,-5.177093849234246e-08,G12D,fixed_concentration,1.3099999999999978e-10,2e-09,0.0003598901098901093,0.01,0.00144,4.3783830279284865,0.0003288885396308731
34.06417307483321,34.058127989368266,33.85305058534978,33.84699392505833,33.85165696833647,0.00017746168244447968,0.006197787012754641,0.0063755884899296955,0.006374148825488405,1.4396644412908305e-06,2.2166295712090073e-10,2.2012958391021796e-10,0.0,7.832895208760798e-08,7.834416114932142e-08,7.755286369660061e-08,7.756785280573856e-08,7.754611900919945e-08,0.0007171450218081682,0.00071728573661511,0.0007090567509787873,0.0007088529618811719,7.551356115252666e-05,7.552438007680011e-05,7.55084602920947e-05,0.8835927101267129,0.883715766101911,0.883537335473743,8207.803587862267,8208.9795244398,8207.249153939645,0.007346953293409435,0.007282307028152592,60.831528644433654,60.32839853433005,0.0001230559751981275,0.0001784306281680248,1.0001392677574044,1.0002019502979718,1.0002108344501242,1.0002108344059866,0.00017780147717505468,True,33.84704296603702,4.904097869484758e-05,0.00016078017184140148,0.004955571098948952,0.005116716577800773,1.1620645832804283e-06,0.0,0.007676856214045577,0.007648074108681032,False,4.133257466121254e-05,0.0062386985302673725,-1.6488665404226777e-07,G12D,fixed_concentration,1.3099999999999978e-10,6.32455532033676e-09,0.0003598901098901093,0.0316227766016838,0.00144,4.3783830279284865,0.0003288885396308731
34.06417307483321,34.058127989368266,33.402720224377134,33.39663964571678,33.40135770435446,0.00017746168244447968,0.01941784551772252,0.019596349151055792,0.01959186127663198,4.487874423812072e-06,2.2166295712090073e-10,2.169000468302546e-10,0.0,7.832895208760798e-08,7.834416114932142e-08,7.59161077436329e-08,7.593063284020456e-08,7.590961334484168e-08,0.0007171450218081682,0.00071728573661511,0.0006917602337644078,0.0006915628766257579,0.0002344127563794096,0.00023444636445486654,0.00023439698443679252,2.751419910164372,2.751801478289291,2.7512492911937643,25479.04896315685,25482.70191024601,25477.33465413204,0.007346953293409435,0.007145453639146772,60.831528644433654,59.279000629320684,0.0003815681249186298,0.0005521870955265129,1.0001386804404189,1.0002007041300451,1.0002106683163723,1.0002106678813476,0.00017850363333327124,True,33.39679252144789,0.00015287573111066877,0.00016078017184140148,0.01546730586306666,0.015629212874990417,3.613676176943831e-06,0.0,0.007676856214045577,0.007586255468583326,False,4.133257466121254e-05,0.019457844140900016,-5.313619340953368e-07,G12D,fixed_concentration,1.3099999999999978e-10,2.0000000000000004e-08,0.0003598901098901093,0.10000000000000002,0.00144,4.3783830279284865,0.0003288885396308731
34.06417307483321,34.058127989368266,32.033813151581256,32.02766831072531,32.032546149544594,0.00017746168244447968,0.05960396921397726,0.05978435935121751,0.059770853475764656,1.3505875452853033e-05,2.2166295712090073e-10,2.074196530697233e-10,0.0,7.832895208760798e-08,7.834416114932142e-08,7.109104985664681e-08,7.110421276378809e-08,7.108527941384072e-08,0.0007171450218081682,0.00071728573661511,0.0006412452513332025,0.0006410665956839436,0.0006998673932461902,0.0006999677650678712,0.0006998209515143126,8.29277234151716,8.293905081933563,8.292275730349443,76070.73899562699,76081.64875040857,76065.69107600849,0.007346953293409435,0.006737972618749059,60.831528644433654,56.150337919724926,0.0011327404164021004,0.0016293515841194761,1.000136593695058,1.0001964902804854,1.0002097873080833,1.0002097880683702,0.00018039013724024944,True,32.02812837720427,0.00046006647895779906,0.00016078017184140148,0.04692736741751469,0.04709148741465219,1.088481549355036e-05,0.0,0.007676856214045577,0.0073948049058371775,False,4.133257466121254e-05,0.05964116377712947,-1.6744260013593082e-06,G12D,fixed_concentration,1.3099999999999978e-10,6.32455532033676e-08,0.0003598901098901093,0.316227766016838,0.00144,4.3783830279284865,0.0003288885396308731
34.06417307483321,34.058127989368266,28.231145927305406,28.224895508985647,28.230147747024365,0.00017746168244447968,0.17123642293366792,0.17141991244054733,0.17138349671240283,3.6415728144501e-05,2.2166295712090073e-10,1.8357280064170284e-10,0.0,7.832895208760798e-08,7.834416114932142e-08,5.8757452142423005e-08,5.876723796902419e-08,5.8753399748906776e-08,0.0007171450218081682,0.00071728573661511,0.0005156044515097386,0.0005154710008799446,0.0018666417237967379,0.0018669063458886007,0.0018665236882043873,22.70753896231322,22.71046190878284,22.70632843681634,202890.90042222495,202919.66303416202,202878.07073974574,0.007346953293409435,0.005669978277257536,60.831528644433654,47.90286845405839,0.0029229464696207685,0.0041334719665009345,1.000128721411619,1.0001820405257504,1.0002050108909046,1.000205011287147,0.00018348950687940846,True,28.226135980651808,0.001240471666161369,0.00016078017184140148,0.1304023802096156,0.1305717010607348,2.950679637642173e-05,0.0,0.007676856214045577,0.006835316444233589,False,4.133257466121254e-05,0.17126572586959554,-4.951996497970512e-06,G12D,fixed_concentration,1.3099999999999978e-10,2.0000000000000002e-07,0.0003598901098901093,1.0000000000000002,0.00144,4.3783830279284865,0.0003288885396308731
34.06417307483321,34.058127989368266,20.25092898617926,20.244907793251993,20.25047880119337,0.00017746168244447968,0.4055065143753407,0.4056832746599377,0.40561201418950193,7.126047043576333e-05,2.2166295712090073e-10,1.4349606100757482e-10,0.0,7.832895208760798e-08,7.834416114932142e-08,3.686277764672289e-08,3.686736229730467e-08,3.6861091479293574e-08,0.0007171450218081682,0.00071728573661511,0.00030688846671337444,0.00030682196255761443,0.003834262575628929,0.0038347698080954855,0.0038340491388082956,49.214274547686806,49.21944266875379,49.212373691600014,416756.9669667347,416812.09983857075,416733.76773126284,0.007346953293409435,0.0037010427480689036,60.831528644433654,32.344926092393045,0.0051681210669869415,0.007068977153778633,1.0001050126434756,1.0001436422717196,1.000187965584451,1.0001879667868874,0.00017676028459701065,True,20.247335222250314,0.00242742899832038,0.00016078017184140148,0.28769218507590877,0.28786667162567914,5.996157688292758e-05,0.0,0.007676856214045577,0.0055239119398126915,False,4.133257466121254e-05,0.40551973016616294,-1.1356155557917802e-05,G12D,fixed_concentration,1.3099999999999978e-10,6.324555320336759e-07,0.0003598901098901093,3.16227766016838,0.00144,4.3783830279284865,0.0003288885396308731
34.06417307483321,34.058127989368266,11.107295640023725,11.102391393596015,11.107427498527743,0.00017746168244447968,0.6739302722651485,0.674074243070397,0.6739881371476265,8.610592277047413e-05,2.2166295712090073e-10,1.0952144933527843e-10,0.0,7.832895208760798e-08,7.834416114932142e-08,1.6252522694803703e-08,1.6253799624400736e-08,1.6252101045411684e-08,0.0007171450218081682,0.00071728573661511,0.00012895027518164534,0.00012892776441504098,0.005542451031197362,0.005543098752923723,0.005542187210771839,75.15520572130266,75.16066678524565,75.15340242436278,602423.9839680741,602494.387281841,602395.3081885583,0.007346953293409435,0.0018262478671219999,60.831528644433654,16.71155993126483,0.005461063942988176,0.007264360882871301,1.0000726638147095,1.0000966604391621,1.0001644733599242,1.0001644752074526,0.0001439708052485278,True,11.105324520652037,0.002933127056021334,0.00016078017184140148,0.44341292861763526,0.44358366395870696,8.124717609014898e-05,0.0,0.007676856214045577,0.0037246153576675108,False,4.133257466121254e-05,0.6739264013799304,-1.7348186584387193e-05,G12D,fixed_concentration,1.3099999999999978e-10,2.0000000000000003e-06,0.0003598901098901093,10.000000000000002,0.00144,4.3783830279284865,0.0003288885396308731
34.06417307483321,34.058127989368266,5.782891756670334,5.779034514193771,5.78335435170212,0.00017746168244447968,0.8302353694608613,0.8303486040451293,0.8302654961778163,8.310786731302588e-05,2.2166295712090073e-10,9.373758807364033e-11,0.0,7.832895208760798e-08,7.834416114932142e-08,5.770587842827853e-09,5.770907317753071e-09,5.770484914691901e-09,0.0007171450218081682,0.00071728573661511,4.4811048751371e-05,4.480414288594202e-05,0.006361609339301708,0.0063622924794078505,0.006361331821510784,88.68208603873136,88.68685815501314,88.68054855035757,691459.9892432994,691534.2425627329,691429.8246051559,0.007346953293409435,0.0008932620531737337,60.831528644433654,8.427375643189022,0.004772116281785088,0.006309604655569956,1.0000538115023558,1.000071149815362,1.0001510152156845,1.0001510174335286,0.00011323458426804045,True,5.7818655149698035,0.0028310007760321554,0.00016078017184140148,0.5252509683726172,0.5254156072381612,8.83086346573636e-05,0.0,0.007676856214045577,0.00242475853437899,False,4.133257466121254e-05,0.8302217893563107,-2.0596913817172435e-05,G12D,fixed_concentration,1.3099999999999978e-10,6.324555320336759e-06,0.0003598901098901093,31.622776601683796,0.00144,4.3783830279284865,0.0003288885396308731
34.06417307483321,34.058127989368266,3.6844130053520696,3.681037938668479,3.6850077309796148,0.00017746168244447968,0.8918390592585929,0.8919381389185094,0.8918582536811116,7.988523739776987e-05,2.2166295712090073e-10,8.813645779754518e-11,0.0,7.832895208760798e-08,7.834416114932142e-08,1.8926662362347153e-09,1.8927552958236637e-09,1.8926373702798938e-09,0.0007171450218081682,0.00071728573661511,1.4591211854255411e-05,1.4589069090178667e-05,0.006657926418355632,0.006658616772872027,0.006657645365406828,93.74594417000928,93.7503142042116,93.74452774750496,723667.2663885249,723742.3039715945,723636.717462164,0.007346953293409435,0.000554813169308833,60.831528644433654,5.303204925269313,0.004370034202324291,0.005786456706644572,1.000046615714856,1.000061725807849,1.0001459085625446,1.0001459109341506,9.907965991651224e-05,True,3.683759163221321,0.002721224552842294,0.00016078017184140148,0.5561094161614912,0.5562710222475038,9.02372816642405e-05,0.0,0.007676856214045577,0.0018204062268679104,False,4.133257466121254e-05,0.8918216002812023,-2.1929547549204287e-05,G12D,fixed_concentration,1.3099999999999978e-10,2e-05,0.0003598901098901093,100.00000000000001,0.00144,4.3783830279284865,0.0003288885396308731
34.06417307483321,34.058127989368266,2.971185547187749,2.9679822375048617,2.9718253085217605,0.00017746168244447968,0.9127768186046801,0.9128708561048963,0.9127922973771987,7.855872769757521e-05,2.2166295712090073e-10,8.63043677863273e-11,0.0,7.832895208760798e-08,7.834416114932142e-08,6.054091800353118e-10,6.054360278007887e-10,6.054004380026175e-10,0.0007171450218081682,0.00071728573661511,4.656510944885057e-06,4.655838152117191e-06,0.006755604799746463,0.006756296876291169,0.00675532274399497,95.4344791156992,95.43869870225107,95.43310514833038,734284.1146313644,734359.3394233315,734253.4566971398,0.007346953293409435,0.00044346902966041333,60.831528644433654,4.25854970731637,0.00421958655186927,0.005593553920689942,1.000044214487164,1.000058612301381,1.0001442021844278,1.0001442046002318,9.403750021619306e-05,True,2.9706582756016897,0.0026760380968280373,0.00016078017184140148,0.5664354861877166,0.5665959916743037,9.079690955215991e-05,0.0,0.007676856214045577,0.0015973820868263107,False,4.133257466121254e-05,0.9127580375430466,-2.238622029060444e-05,G12D,fixed_concentration,1.3099999999999978e-10,6.324555320336759e-05,0.0003598901098901093,316.22776601683796,0.00144,4.3783830279284865,0.0003288885396308731
34.06417307483321,34.058127989368266,2.7403807322841307,2.737233936432001,2.741035385838222,0.00017746168244447968,0.9195524069742137,0.9196447854342813,0.9195666833394207,7.810209486058817e-05,2.2166295712090073e-10,8.571901382538464e-11,0.0,7.832895208760798e-08,7.834416114932142e-08,1.9213970888129971e-10,1.92148063366818e-10,1.921369827214622e-10,0.0007171450218081682,0.00071728573661511,1.4767605057344118e-06,1.4765482499130886e-06,0.006786896860993581,0.006787589424768013,0.0067866144881971735,95.97741190740497,95.98158130518388,95.97605138070585,737685.3075908419,737760.5853541701,737654.6151936242,0.007346953293409435,0.0004078381938648306,60.831528644433654,3.9223334605507434,0.004169397778909456,0.005529924478025805,1.0000434414483164,1.0000576177535798,1.0001436558054881,1.000143658235661,9.23784600675992e-05,True,2.7398944197088384,0.002660483276837322,0.00016078017184140148,0.5697600135346702,0.5699201566584814,9.096906485428491e-05,0.0,0.007676856214045577,0.0015229070604235776,False,4.133257466121254e-05,0.9195331887312622,-2.2543349096570964e-05,G12D,fixed_concentration,1.3099999999999978e-10,0.00020000000000000004,0.0003598901098901093,1000.0000000000002,0.00144,4.3783830279284865,0.0003288885396308731
34.06417307483321,34.043365320375266,34.05746865597974,34.036660418827736,34.0526225727329,0.0006108398525404013,0.00019681730828280397,0.0008076713309620454,0.0008075369369676364,1.3439399440897965e-07,7.62823853028226e-10,7.626555690730104e-10,0.0,7.832895208760798e-08,7.83812947400358e-08,7.83042236160081e-08,7.835653804884655e-08,7.828060072039246e-08,0.0007171450218081682,0.0007176293036336327,0.0007173666519396797,0.0007166549982756844,2.4079622160962164e-06,2.4091488337184037e-06,2.4074011621580413e-06,0.02813619650532585,0.02814970261336703,0.0281300960655101,261.72890350791516,261.8578798866631,261.6679207151029,0.02528217089283945,0.025275087971302648,60.831528644433654,60.78958437872658,1.3506108041180104e-05,1.9606547856928364e-05,1.0004800260773918,1.0006969954105833,1.0007259577621852,1.0007259551382572,0.00019683147842164406,True,34.03666499684802,4.578020281087447e-06,0.0005534357931802347,0.00015763127176482428,0.0007111033629473296,1.23536790189757e-07,0.0,0.02642080228337336,0.026417662332729516,False,0.00014232515249912314,0.0003390806544733005,-3.379425521078628e-08,G12D,fixed_concentration,4.510837023461864e-10,2.0000000000000003e-10,0.001239240940511501,0.0010000000000000002,0.00144,4.3783830279284865,0.0003288885396308731
34.06417307483321,34.043365320375266,34.04297937796639,34.02216790589468,34.03813606467124,0.0006108398525404013,0.0006221697153856454,0.001233118703520164,0.0012326295218688453,4.891816513187715e-07,7.62823853028226e-10,7.622919921336569e-10,0.0,7.832895208760798e-08,7.83812947400358e-08,7.825078923766808e-08,7.83030539103644e-08,7.82271980372002e-08,0.0007171450218081682,0.0007176293036336327,0.0007167992433618835,0.0007160883189751004,7.610151046247459e-06,7.613901440362973e-06,7.608378193507858e-06,0.08893082465913302,0.08897351051271368,0.08891155189251213,827.1709874695829,827.5786288335026,826.9782895152027,0.02528217089283945,0.02525978201391209,60.831528644433654,60.755505174915506,4.268585358066512e-05,6.195862020155762e-05,1.000479989404622,1.0006968568074985,1.0007259427324247,1.0007259432634583,0.0006109489881345187,True,34.022184569463114,1.666356843088579e-05,0.0005534357931802347,0.0004982580519867774,0.0010518207794477652,4.026881209628127e-07,0.0,0.02642080228337336,0.02641087324090514,False,0.00014232515249912314,0.0007643517458875149,-5.4571597631080694e-08,G12D,fixed_concentration,4.510837023461864e-10,6.324555320336759e-10,0.001239240940511501,0.00316227766016838,0.00144,4.3783830279284865,0.0003288885396308731
34.06417307483321,34.043365320375266,33.9972147056811,33.97639468443536,33.9923824222031,0.0006108398525404013,0.001965653738460249,0.002576853699193249,0.002575292891360904,1.5608078323451312e-06,7.62823853028226e-10,7.61144983145396e-10,0.0,7.832895208760798e-08,7.83812947400358e-08,7.808220157519993e-08,7.813430086207961e-08,7.805869871214214e-08,0.0007171450218081682,0.0007176293036336327,0.0007150095211212739,0.0007143008894720284,2.4020550288826822e-05,2.4032389192533117e-05,2.4014956649019097e-05,0.28078820126999415,0.28092292187913187,0.28072741000764156,2610.868301637576,2612.1551115651887,2610.260313459364,0.02528217089283945,0.02521147300583867,60.831528644433654,60.64794028740813,0.00013472060913771733,0.0001955118714903059,1.0004797944091965,1.0006964473881799,1.000725903601193,1.0007259038863114,0.0006111999607329999,True,33.9764478520635,5.316762813833975e-05,0.0005534357931802347,0.0015735761499731105,0.0021274104213298006,1.2693515411455088e-06,0.0,0.02642080228337336,0.02638941727728677,False,0.00014232515249912314,0.0021075119737207215,-1.8715527056378453e-07,G12D,fixed_concentration,4.510837023461864e-10,2e-09,0.001239240940511501,0.01,0.00144,4.3783830279284865,0.0003288885396308731
34.06417307483321,34.043365320375266,33.85305058534978,33.83220345113733,33.84825221698799,0.0006108398525404013,0.006197787012754641,0.006809782911397222,0.0068048410099900945,4.941901407127386e-06,7.62823853028226e-10,7.575448919216982e-10,0.0,7.832895208760798e-08,7.83812947400358e-08,7.755286369660061e-08,7.760444617432994e-08,7.752964218257154e-08,0.0007171450218081682,0.0007176293036336327,0.0007093954749756315,0.0007086940399820953,7.551356115252666e-05,7.555079012301346e-05,7.549599825029458e-05,0.8835927101267129,0.8840161191145433,0.8834020475632204,8207.803587862267,8211.850120202376,8205.89461864121,0.02528217089283945,0.025059624146516888,60.831528644433654,60.30979956868046,0.00042340898783033154,0.0006140715513228701,1.0004791902230266,1.0006951212678494,1.00072575863607,1.000725758962056,0.0006119958986425811,True,33.83237179292218,0.00016834178484970153,0.0005534357931802347,0.004955571098948952,0.005510255947494547,3.991645787167729e-06,0.0,0.02642080228337336,0.026321693017727334,False,0.00014232515249912314,0.0063386496237815,-5.804404905164831e-07,G12D,fixed_concentration,4.510837023461864e-10,6.32455532033676e-09,0.001239240940511501,0.0316227766016838,0.00144,4.3783830279284865,0.0003288885396308731
34.06417307483321,34.043365320375266,33.402720224377134,33.38179136644926,33.398028534105016,0.0006108398525404013,0.01941784551772252,0.020032240526868916,0.020016824176370223,1.5416350498693304e-05,7.62823853028226e-10,7.464265230756574e-10,0.0,7.832895208760798e-08,7.83812947400358e-08,7.59161077436329e-08,7.596609262117271e-08,7.589374997303956e-08,0.0007171450218081682,0.0007176293036336327,0.0006920887595073606,0.000691409492452076,0.0002344127563794096,0.00023452840364361212,0.0002343584570262044,2.751419910164372,2.7527328229207697,2.7508325026088536,25479.04896315685,25491.619011416733,25473.146990861707,0.02528217089283945,0.024588503524287507,60.831528644433654,59.26033752211327,0.0013129127563975551,0.001900320311916115,1.0004771764395348,1.000690816438338,1.0007251567516027,1.0007251565957536,0.0006143950091463957,True,33.38231651168083,0.0005251452315704341,0.0005534357931802347,0.01546730586306666,0.016024604452059887,1.2422956501681459e-05,0.0,0.02642080228337336,0.026108824875906756,False,0.00014232515249912314,0.019555576448745282,-1.8305736518460514e-06,G12D,fixed_concentration,4.510837023461864e-10,2.0000000000000004e-08,0.001239240940511501,0.10000000000000002,0.00144,4.3783830279284865,0.0003288885396308731
34.06417307483321,34.043365320375266,32.033813151581256,32.01266310325038,32.02944980101175,0.0006108398525404013,0.05960396921397726,0.060224857567392154,0.060178400586752175,4.645698063997922e-05,7.62823853028226e-10,7.137884574021795e-10,0.0,7.832895208760798e-08,7.83812947400358e-08,7.109104985664681e-08,7.113634916984492e-08,7.107118643856301e-08,0.0007171450218081682,0.0007176293036336327,0.0006415440266284394,0.0006409291129387344,0.0006998673932461902,0.0007002127888132136,0.0006997075006710583,8.29277234151716,8.296670134074558,8.291062776887683,76070.73899562699,76108.28109291238,76053.35970808593,0.02528217089283945,0.023185761287343967,60.831528644433654,56.13150295860111,0.00389779255739775,0.005607357186875106,1.0004700228580838,1.0006763134398773,1.0007221419545607,1.0007221427828732,0.0006208883534148946,True,32.01424562187944,0.001582518629057006,0.0005534357931802347,0.04692736741751469,0.04749227961297753,3.744768709117857e-05,0.0,0.02642080228337336,0.025449588464426645,False,0.00014232515249912314,0.05973206128772046,-5.749934747986685e-06,G12D,fixed_concentration,4.510837023461864e-10,6.32455532033676e-08,0.001239240940511501,0.316227766016838,0.00144,4.3783830279284865,0.0003288885396308731
34.06417307483321,34.043365320375266,28.231145927305406,28.209634258278047,28.227709816787733,0.0006108398525404013,0.17123642293366792,0.17186792715307464,0.17174266475487399,0.000125262398200654,7.62823853028226e-10,6.316928353967389e-10,0.0,7.832895208760798e-08,7.83812947400358e-08,5.8757452142423005e-08,5.8791128156214555e-08,5.874349816156564e-08,0.0007171450218081682,0.0007176293036336327,0.00051583022314423,0.000515370904871375,0.0018666417237967379,0.0018675522907541705,0.0018662352971960544,22.70753896231322,22.71759686019352,22.70337056425229,202890.90042222495,202989.87284421778,202846.72457749702,0.02528217089283945,0.019509386427020554,60.831528644433654,47.883787123325504,0.010057897880301425,0.01422629594123137,1.0004429320983217,1.0006266160304687,1.0007056953429692,1.000705696712722,0.00063150421940672,True,28.213901218290122,0.004266960012074605,0.0005534357931802347,0.1304023802096156,0.13098513982890014,0.00010149317082822074,0.0,0.02642080228337336,0.023523144631022404,False,0.00014232515249912314,0.1713372946181243,-1.7082218035313623e-05,G12D,fixed_concentration,4.510837023461864e-10,2.0000000000000002e-07,0.001239240940511501,1.0000000000000002,0.00144,4.3783830279284865,0.0003288885396308731
34.06417307483321,34.043365320375266,20.25092898617926,20.230211729063775,20.24937854979661,0.0006108398525404013,0.4055065143753407,0.40611469755565666,0.4058696546884359,0.0002450428672207683,7.62823853028226e-10,4.937327550266098e-10,0.0,7.832895208760798e-08,7.83812947400358e-08,3.686277764672289e-08,3.687855070904465e-08,3.6856972492048515e-08,0.0007171450218081682,0.0007176293036336327,0.0003070029692961103,0.00030677408521398664,0.003834262575628929,0.003836007937628855,0.003833527703851902,49.214274547686806,49.232054221794115,49.20773022739552,416756.9669667347,416946.6763598677,416677.09101775946,0.02528217089283945,0.012732501949228163,60.831528644433654,32.32671971911688,0.017779674107309518,0.024323994398592674,1.0003612706734117,1.0004943124644479,1.0006469847014439,1.0006469886344116,0.0006081831803159687,True,20.238558911703535,0.008347182639759865,0.0005534357931802347,0.28769218507590877,0.2882926568893326,0.0002062551728828077,0.0,0.02642080228337336,0.01900812912448245,False,0.00014232515249912314,0.4055520295381261,-3.9096213215850106e-05,G12D,fixed_concentration,4.510837023461864e-10,6.324555320336759e-07,0.001239240940511501,3.16227766016838,0.00144,4.3783830279284865,0.0003288885396308731
34.06417307483321,34.043365320375266,11.107295640023725,11.090425539198083,11.107749420068242,0.0006108398525404013,0.6739302722651485,0.6744255169548868,0.6741294486495559,0.0002960683053309099,7.62823853028226e-10,3.767915256139272e-10,0.0,7.832895208760798e-08,7.83812947400358e-08,1.6252522694803703e-08,1.6256915032000422e-08,1.6251070845108283e-08,0.0007171450218081682,0.0007176293036336327,0.00012898936684429914,0.00012891189633873156,0.005542451031197362,0.00554467968000962,0.005541542642348295,75.15520572130266,75.17399020035144,75.14899646816478,602423.9839680741,602666.2242990062,602325.2473943043,0.02528217089283945,0.006280776359017577,60.831528644433654,16.69667864208595,0.018784479048775893,0.024993732186658235,1.0002499424872635,1.000332589034602,1.0005660946533825,1.0005661009665077,0.0004952446897383833,True,11.100510861192848,0.010085321994765195,0.0005534357931802347,0.44341292861763526,0.4440004169275956,0.0002794531026359959,0.0,0.02642080228337336,0.012814000753439332,False,0.00014232515249912314,0.6739169509365044,-5.972925236930049e-05,G12D,fixed_concentration,4.510837023461864e-10,2.0000000000000003e-06,0.001239240940511501,10.000000000000002,0.00144,4.3783830279284865,0.0003288885396308731
34.06417307483321,34.043365320375266,5.782891756670334,5.769627460406659,5.784484957749692,0.0006108398525404013,0.8302353694608613,0.8306247608673263,0.8303390684627464,0.00028569240457987366,7.62823853028226e-10,3.2246788559918e-10,0.0,7.832895208760798e-08,7.83812947400358e-08,5.770587842827853e-09,5.771686462933323e-09,5.770233351922571e-09,0.0007171450218081682,0.0007176293036336327,4.4823039558789195e-05,4.4799274337322664e-05,0.006361609339301708,0.006363959662560789,0.006360653746343399,88.68208603873136,88.69849647559299,88.67679082849808,691459.9892432994,691715.4555878881,691356.121605476,0.02528217089283945,0.0030704788523692084,60.831528644433654,8.415347710030945,0.01641043686163357,0.021705647094904634,1.0001850479346468,1.0002447725824548,1.0005197447226695,1.0005197523695568,0.0003893914064649895,True,5.779359335922433,0.009731875515774036,0.0005534357931802347,0.5252509683726172,0.5258174194569073,0.00030370797740986166,0.0,0.02642080228337336,0.008339308417583336,False,0.00014232515249912314,0.8301885988824047,-7.093235538702114e-05,G12D,fixed_concentration,4.510837023461864e-10,6.324555320336759e-06,0.001239240940511501,31.622776601683796,0.00144,4.3783830279284865,0.0003288885396308731
34.06417307483321,34.043365320375266,3.6844130053520696,3.6728091539233834,3.686460937769076,0.0006108398525404013,0.8918390592585929,0.8921797060549556,0.891905128271686,0.0002745777832695584,7.62823853028226e-10,3.0319106429922867e-10,0.0,7.832895208760798e-08,7.83812947400358e-08,1.8926662362347153e-09,1.8929724472467565e-09,1.892566822095988e-09,0.0007171450218081682,0.0007176293036336327,1.4594928740753834e-05,1.4587554954157846e-05,0.006657926418355632,0.00666030151972516,0.006656958665137307,93.74594417000928,93.7609695166513,93.74106602074053,723667.2663885249,723925.4263059417,723562.076883173,0.02528217089283945,0.0019059657779943106,60.831528644433654,5.292441027934096,0.015025346642019599,0.019903495910767788,1.000160277298128,1.0002123241899805,1.0005021594328591,1.0005021675877954,0.000340646796362698,True,3.682162419055183,0.00935326513179957,0.0005534357931802347,0.5561094161614912,0.5566654152715402,0.00031033417269710206,0.0,0.02642080228337336,0.006258796764280839,False,0.00014232515249912314,0.8917789394249922,-7.551385598614235e-05,G12D,fixed_concentration,4.510837023461864e-10,2e-05,0.001239240940511501,100.00000000000001,0.00144,4.3783830279284865,0.0003288885396308731
34.06417307483321,34.043365320375266,2.971185547187749,2.9601734213845505,2.9733891726836745,0.0006108398525404013,0.9127768186046801,0.9131000944927813,0.9128300979999417,0.0002699964928395415,7.62823853028226e-10,2.968858293806059e-10,0.0,7.832895208760798e-08,7.83812947400358e-08,6.054091800353118e-10,6.055014812244221e-10,6.053790658912865e-10,0.0007171450218081682,0.0007176293036336327,4.657677493669958e-06,4.65536223027079e-06,0.006755604799746463,0.0067579858253035835,0.006754633570776717,95.4344791156992,95.44898582563695,95.4297461365597,734284.1146313644,734542.9185964355,734178.5472970941,0.02528217089283945,0.001522865041252752,60.831528644433654,4.248229856179281,0.014506709937748496,0.01923968907725282,1.0001520070112204,1.0002016110265002,1.0004962896198204,1.0004962979382641,0.00032327588810121544,True,2.969370628646234,0.009197207261683271,0.0005534357931802347,0.5664354861877166,0.5669876957084259,0.00031225940011281317,0.0,0.02642080228337336,0.005491007028973968,False,0.00014232515249912314,0.9127121281895896,-7.710446768405266e-05,G12D,fixed_concentration,4.510837023461864e-10,6.324555320336759e-05,0.001239240940511501,316.22776601683796,0.00144,4.3783830279284865,0.0003288885396308731
34.06417307483321,34.043365320375266,2.7403807322841307,2.7295633646540347,2.7426351196410446,0.0006108398525404013,0.9195524069742137,0.9198699654720035,0.9196015475700748,0.00026841790192866366,7.62823853028226e-10,2.948713119973174e-10,0.0,7.832895208760798e-08,7.83812947400358e-08,1.9213970888129971e-10,1.9216842984077676e-10,1.921303192073414e-10,0.0007171450218081682,0.0007176293036336327,1.4771284683963794e-06,1.4763980465793443e-06,0.006786896860993581,0.0067892795278998224,0.0067859245437330165,95.97741190740497,95.99174541640018,95.97272586470078,737685.3075908419,737944.2900030357,737579.6219547548,0.02528217089283945,0.0014002710238436283,60.831528644433654,3.912159167455098,0.014333508995207467,0.01901955169940095,1.0001493425245622,1.0001981766332886,1.0004944034000356,1.0004944117725412,0.00031755849778980494,True,2.738706798521715,0.00914343386768035,0.0005534357931802347,0.5697600135346702,0.5703109682024112,0.0003128444595736912,0.0,0.02642080228337336,0.005234614624572508,False,0.00014232515249912314,0.9194862263758483,-7.763031431096135e-05,G12D,fixed_concentration,4.510837023461864e-10,0.00020000000000000004,0.001239240940511501,1000.0000000000002,0.00144,4.3783830279284865,0.0003288885396308731
34.06417307483321,33.99262291097529,34.05746865597974,33.98591475129145,34.04078191979356,0.002100452099651151,0.00019681730828280397,0.002297379225082996,0.0022968560026055246,5.232224774714446e-07,2.621404481369418e-09,2.6208253870492175e-09,0.0,7.832895208760798e-08,7.850882388716089e-08,7.83042236160081e-08,7.848400921384242e-08,7.822294052132148e-08,0.0007171450218081682,0.0007188095488178219,0.0007185463738916294,0.0007160994422739093,2.4079622160962164e-06,2.4120390826703157e-06,2.4060312499725917e-06,0.02813619650532585,0.028182590827834343,0.02811520142579447,261.72890350791516,262.1720314976127,261.51902053723984,0.08686434152463067,0.08683997220521168,60.831528644433654,60.725809196097224,4.639432250849382e-05,6.738940203987465e-05,1.00164891947992,1.0023969026940012,1.0024969886396082,1.0024969922227125,0.00019692712543184498,True,33.98593257443248,1.782314102882765e-05,0.0019033882905320487,0.00015763127176482428,0.0020611554802084653,4.3595142849113186e-07,0.0,0.09081631594291892,0.09080550238143531,False,0.0004900388110723464,0.0006866790803422562,-8.059089314470247e-08,G12D,fixed_concentration,1.5532557749797256e-09,2.0000000000000003e-10,0.004267186194999246,0.0010000000000000002,0.00144,4.3783830279284865,0.0003288885396308731
34.06417307483321,33.99262291097529,34.04297937796639,33.9714155587213,34.02630385997315,0.002100452099651151,0.0006221697153856454,0.002723022687447507,0.0027213149773517753,1.7077100957318785e-06,2.621404481369418e-09,2.61957429328684e-09,0.0,7.832895208760798e-08,7.850882388716089e-08,7.825078923766808e-08,7.843039806993006e-08,7.816960660900502e-08,0.0007171450218081682,0.0007188095488178219,0.0007179778155325055,0.0007155333840829672,7.610151046247459e-06,7.6230360945909626e-06,7.604049184567581e-06,0.08893082465913302,0.0890774485966252,0.08886448900156871,827.1709874695829,828.5715043401283,826.5077555072745,0.08686434152463067,0.0867873123213422,60.831528644433654,60.691722451474455,0.0001466239374921796,0.00021295959505648887,1.0016487414578037,1.0023964532677696,1.002496947292492,1.002496950354189,0.0006225705877963561,True,33.97147373045356,5.817173226319028e-05,0.0019033882905320487,0.0004982580519867774,0.002402079298579607,1.3813346025955825e-06,0.0,0.09081631594291892,0.09078212324269339,False,0.0004900388110723464,0.0011117021621768197,-2.014769735591941e-07,G12D,fixed_concentration,1.5532557749797256e-09,6.324555320336759e-10,0.004267186194999246,0.00316227766016838,0.00144,4.3783830279284865,0.0003288885396308731
34.06417307483321,33.99262291097529,33.9972147056811,33.925621339990826,33.98057599725339,0.002100452099651151,0.001965653738460249,0.004067374086492714,0.004061977076589264,5.397009903450323e-06,2.621404481369418e-09,2.6156273609847794e-09,0.0,7.832895208760798e-08,7.850882388716089e-08,7.808220157519993e-08,7.82612438083015e-08,7.800132874253982e-08,0.0007171450218081682,0.0007188095488178219,0.0007161844688543215,0.0007137479382028839,2.4020550288826822e-05,2.4061224380472663e-05,2.4001298036333124e-05,0.28078820126999415,0.2812509652826912,0.28057897652182806,2610.868301637576,2615.2893022212756,2608.77571054703,0.08686434152463067,0.0866211065928135,60.831528644433654,60.58413408518796,0.00046276401269707,0.0006719887608631625,1.0016480892380948,1.0023950075276253,1.0024967959669857,1.0024968001840526,0.0019669219868415633,True,33.92580518467027,0.000183844679440881,0.0019033882905320487,0.0015735761499731105,0.003478320160273052,4.350846186012072e-06,0.0,0.09081631594291892,0.09070823717475494,False,0.0004900388110723464,0.002454105590532607,-6.237123790133609e-07,G12D,fixed_concentration,1.5532557749797256e-09,2e-09,0.004267186194999246,0.01,0.00144,4.3783830279284865,0.0003288885396308731
34.06417307483321,33.99262291097529,33.85305058534978,33.78136532543964,33.83652873341826,0.002100452099651151,0.006197787012754641,0.008302205040242372,0.008285220957661661,1.698408258071077e-05,2.621404481369418e-09,2.6032392043842623e-09,0.0,7.832895208760798e-08,7.850882388716089e-08,7.755286369660061e-08,7.773012648369246e-08,7.747295857019414e-08,0.0007171450218081682,0.0007188095488178219,0.0007105590655355271,0.0007081472907392978,7.551356115252666e-05,7.5641465627233e-05,7.545311295808071e-05,0.8835927101267129,0.8850470936968575,0.8829365070208157,8207.803587862267,8221.705928473,8201.233273150388,0.08686434152463067,0.08609868000702152,60.831528644433654,60.24592181617889,0.0014543835701446017,0.0021105866760418035,1.0016459886477969,1.0023904172715241,1.002496287585337,1.002496289843338,0.002104418027487731,True,33.781943874168185,0.0005785487285479007,0.0019033882905320487,0.004955571098948952,0.006863217009708711,1.3689996230348105e-05,0.0,0.09081631594291892,0.09047502507437197,False,0.0004900388110723464,0.0066828083838949,-1.980283753076975e-06,G12D,fixed_concentration,1.5532557749797256e-09,6.32455532033676e-09,0.004267186194999246,0.0316227766016838,0.00144,4.3783830279284865,0.0003288885396308731
34.06417307483321,33.99262291097529,33.402720224377134,33.33075701485665,33.386565875923395,0.002100452099651151,0.01941784551772252,0.021530423132989696,0.021477511362985268,5.291177000442751e-05,2.621404481369418e-09,2.5649804056099626e-09,0.0,7.832895208760798e-08,7.850882388716089e-08,7.59161077436329e-08,7.60878754478281e-08,7.583917352481207e-08,0.0007171450218081682,0.0007188095488178219,0.0006932173200591194,0.0006908817718801723,0.0002344127563794096,0.00023481007903956334,0.0002342258687962631,2.751419910164372,2.755929604765777,2.7493982108543236,25479.04896315685,25522.23521923877,25458.735526716533,0.08686434152463067,0.08447784134630885,60.831528644433654,59.19624289726406,0.004509694601404934,0.00653139391145352,1.0016390426574822,1.0023755721836394,1.0024942174248412,1.002494220204126,0.002112577615267175,True,33.33255941054778,0.0018023956911292771,0.0019033882905320487,0.01546730586306666,0.017383889069237046,4.263520450417668e-05,0.0,0.09081631594291892,0.0897420131782404,False,0.0004900388110723464,0.019892078325847606,-6.290505016170317e-06,G12D,fixed_concentration,1.5532557749797256e-09,2.0000000000000004e-08,0.004267186194999246,0.10000000000000002,0.00144,4.3783830279284865,0.0003288885396308731
34.06417307483321,33.99262291097529,32.033813151581256,31.961096881983146,32.01878988400811,0.002100452099651151,0.05960396921397726,0.06173865392915778,0.06157922603134537,0.0001594278978124114,2.621404481369418e-09,2.452673573186858e-09,0.0,7.832895208760798e-08,7.850882388716089e-08,7.109104985664681e-08,7.124670988010595e-08,7.102269535413502e-08,0.0007171450218081682,0.0007188095488178219,0.0006425703250178882,0.0006404560962155346,0.0006998673932461902,0.0007010540438397448,0.0006993170753283776,8.29277234151716,8.306160703819046,8.286888291778949,76070.73899562699,76199.71980128842,76010.923096777,0.08686434152463067,0.07965208952347523,60.831528644433654,56.06682617506099,0.013388362301885337,0.01927241204009711,1.0016144615757576,1.0023256512410355,1.0024838068061637,1.0024838101791114,0.0021346847151805237,True,31.966527661487184,0.005430779504038696,0.0019033882905320487,0.04692736741751469,0.048869957765862226,0.0001285230594634812,0.0,0.09081631594291892,0.08747204809111268,False,0.0004900388110723464,0.06004499760882909,-1.9802158011707205e-05,G12D,fixed_concentration,1.5532557749797256e-09,6.32455532033676e-08,0.004267186194999246,0.316227766016838,0.00144,4.3783830279284865,0.0003288885396308731
34.06417307483321,33.99262291097529,28.231145927305406,28.157207907062876,28.219315976610854,0.002100452099651151,0.17123642293366792,0.17340697379600944,0.1729772011292313,0.0004297726667781554,2.621404481369418e-09,2.1702045249533867e-09,0.0,7.832895208760798e-08,7.850882388716089e-08,5.8757452142423005e-08,5.887315347932849e-08,5.870942783017016e-08,0.0007171450218081682,0.0007188095488178219,0.0005166056496838032,0.0005150264985399257,0.0018666417237967379,0.001869770000311216,0.0018652428362591735,22.70753896231322,22.7420842048844,22.69319110311137,202890.90042222495,203230.92310734553,202738.8505121497,0.08686434152463067,0.06700648393465564,60.831528644433654,47.81828270231762,0.03454524257118052,0.048893101773028746,1.0015213116061812,1.0021545273888928,1.0024271177800752,1.0024271253090011,0.002170550862341525,True,28.171847757566837,0.014639850503961327,0.0019033882905320487,0.1304023802096156,0.1324058671032149,0.0003483049666157534,0.0,0.09081631594291892,0.08083968320203759,False,0.0004900388110723464,0.1715837071806262,-5.8842071007370045e-05,G12D,fixed_concentration,1.5532557749797256e-09,2.0000000000000002e-07,0.004267186194999246,1.0000000000000002,0.00144,4.3783830279284865,0.0003288885396308731
34.06417307483321,33.99262291097529,20.25092898617926,20.179770264114808,20.24559037315122,0.002100452099651151,0.4055065143753407,0.40759547517025363,0.40675521946544996,0.0008402557048036718,2.621404481369418e-09,1.6956255894682476e-09,0.0,7.832895208760798e-08,7.850882388716089e-08,3.686277764672289e-08,3.6916940176870696e-08,3.684279491426581e-08,0.0007171450218081682,0.0007188095488178219,0.00030739608082484116,0.000306609313835362,0.003834262575628929,0.0038402578959397552,0.003831733009959869,49.214274547686806,49.27531769274291,49.191746160682925,416756.9669667347,417408.61897352675,416482.0191571665,0.08686434152463067,0.04370569656526958,60.831528644433654,32.26425940614894,0.061043145056103754,0.08357153205998458,1.0012403544625443,1.0016988933831907,1.0022248121040083,1.0022248254996349,0.002088960794912942,True,20.208392879870352,0.0286226157555447,0.0019033882905320487,0.28769218507590877,0.28975564224937933,0.0007076588192895805,0.0,0.09081631594291892,0.06530061343547174,False,0.0004900388110723464,0.4056632366012498,-0.00013460265497666768,G12D,fixed_concentration,1.5532557749797256e-09,6.324555320336759e-07,0.004267186194999246,3.16227766016838,0.00144,4.3783830279284865,0.0003288885396308731
34.06417307483321,33.99262291097529,11.107295640023725,11.049413939833808,11.108857861895247,0.002100452099651151,0.6739302722651485,0.6756294680760304,0.6746151661094018,0.0010143019666286612,2.621404481369418e-09,1.2935030286566872e-09,0.0,7.832895208760798e-08,7.850882388716089e-08,1.6252522694803703e-08,1.6267590774752994e-08,1.6247523143986176e-08,0.0007171450218081682,0.0007188095488178219,0.0001291235092174579,0.00012885727259558764,0.005542451031197362,0.005550104302042287,0.005539323739868116,75.15520572130266,75.21964351268618,75.1338233444262,602423.9839680741,603255.8471736468,602084.0656220106,0.08686434152463067,0.02153630227283936,60.831528644433654,16.645686874877995,0.06443779138351147,0.0858201682599713,1.0008573962477392,1.0011422308148297,1.0019461874193378,1.0019462092065592,0.0016991958108819594,True,11.083965297575192,0.034551357741383626,0.0019033882905320487,0.44341292861763526,0.4454307844951474,0.0009584545631813879,0.0,0.09081631594291892,0.04399025044410855,False,0.0004900388110723464,0.6738844111233533,-0.00020564796350108772,G12D,fixed_concentration,1.5532557749797256e-09,2.0000000000000003e-06,0.004267186194999246,10.000000000000002,0.00144,4.3783830279284865,0.0003288885396308731
34.06417307483321,33.99262291097529,5.782891756670334,5.73742960467914,5.7883784493024795,0.002100452099651151,0.8302353694608613,0.831569972590411,0.8305919519355237,0.0009780206548872794,2.621404481369418e-09,1.1067573096006802e-09,0.0,7.832895208760798e-08,7.850882388716089e-08,5.770587842827853e-09,5.774353320420043e-09,5.769366635201126e-09,0.0007171450218081682,0.0007188095488178219,4.4864174901297854e-05,4.4782513025059784e-05,0.006361609339301708,0.006369678976171843,0.006358319268942182,88.68208603873136,88.73833144142903,88.66384416529249,691459.9892432994,692337.1114324708,691102.3768732788,0.08686434152463067,0.01050961058838107,60.831528644433654,8.374179178586056,0.05624540269766953,0.07448727613653716,1.000634236351557,1.0008401088046406,1.0017865896236366,1.001786615992812,0.001334603129549694,True,5.770745069537983,0.03331546485884296,0.0019033882905320487,0.5252509683726172,0.5271960129614931,0.0010414128411349033,0.0,0.09081631594291892,0.028596662965687917,False,0.0004900388110723464,0.8300743001573414,-0.00024426056123139084,G12D,fixed_concentration,1.5532557749797256e-09,6.324555320336759e-06,0.004267186194999246,31.622776601683796,0.00144,4.3783830279284865,0.0003288885396308731
34.06417307483321,33.99262291097529,3.6844130053520696,3.6446672243362164,3.6914649186700017,0.002100452099651151,0.8918390592585929,0.8930058505653579,0.8920662461336734,0.0009396044316845042,2.621404481369418e-09,1.0404986143331911e-09,0.0,7.832895208760798e-08,7.850882388716089e-08,1.8926662362347153e-09,1.8937152399450597e-09,1.892323719493742e-09,0.0007171450218081682,0.0007188095488178219,1.4607678514861322e-05,1.4582341920054473e-05,0.006657926418355632,0.006666080566050238,0.006654594412514638,93.74594417000928,93.79741713264521,93.7291372076013,723667.2663885249,724553.5755745493,723305.0955037923,0.08686434152463067,0.0065103534486379054,60.831528644433654,5.255621984161598,0.05147296263592693,0.06827992504391034,1.0005490686886953,1.0007284813141155,1.0017260486249921,1.0017260766978109,0.0011667913067650026,True,3.6766740723189986,0.032006847982782194,0.0019033882905320487,0.5561094161614912,0.5580183589547343,0.0010640466536874227,0.0,0.09081631594291892,0.02143871910352158,False,0.0004900388110723464,0.8916320407790179,-0.0002600215383803395,G12D,fixed_concentration,1.5532557749797256e-09,2e-05,0.004267186194999246,100.00000000000001,0.00144,4.3783830279284865,0.0003288885396308731
34.06417307483321,33.99262291097529,2.971185547187749,2.933477771718089,2.9787742646632824,0.002100452099651151,0.9127768186046801,0.9138837814946004,0.9129600267191801,0.0009237547754202824,2.621404481369418e-09,1.01882704196807e-09,0.0,7.832895208760798e-08,7.850882388716089e-08,6.054091800353118e-10,6.057253074657576e-10,6.053054140534656e-10,0.0007171450218081682,0.0007188095488178219,4.661678843979602e-06,4.653723622951469e-06,0.006755604799746463,0.006763779041250258,0.006752260733633315,95.4344791156992,95.48416389514284,95.41817042166112,734284.1146313644,735172.608317348,733920.632739875,0.08686434152463067,0.005194740979209373,60.831528644433654,4.212939869992605,0.049684779443637694,0.06599347348172557,1.0005206166566216,1.0006916237566712,1.0017058446157994,1.0017058732533504,0.0011069628899202932,True,2.9649447142667076,0.031466942548618704,0.0019033882905320487,0.5664354861877166,0.5683313331230799,0.0010706053165828733,0.0,0.09081631594291892,0.018796945914884004,False,0.0004900388110723464,0.9125540415110204,-0.0002655198377685686,G12D,fixed_concentration,1.5532557749797256e-09,6.324555320336759e-05,0.004267186194999246,316.22776601683796,0.00144,4.3783830279284865,0.0003288885396308731
34.06417307483321,33.99262291097529,2.7403807322841307,2.703342563142916,2.7481442483233143,0.002100452099651151,0.9195524069742137,0.9206397126622117,0.9197213832898966,0.0009183293723150632,2.621404481369418e-09,1.0119030707356889e-09,0.0,7.832895208760798e-08,7.850882388716089e-08,1.9213970888129971e-10,1.922380720511435e-10,1.9210735323890735e-10,0.0007171450218081682,0.0007188095488178219,1.478390613032645e-06,1.4758809038845449e-06,0.006786896860993581,0.006795076729813986,0.006783549098342559,95.97741190740497,96.02650111100398,95.9612643885147,737685.3075908419,738574.4130720317,737321.4238654568,0.08686434152463067,0.004773744565191353,60.831528644433654,3.877368656380158,0.049089203599010034,0.06523672248927426,1.0005114662150545,1.000679823498627,1.0016993510777779,1.0016993798986689,0.0010873056879979748,True,2.734624693821159,0.031282130678242925,0.0019033882905320487,0.5697600135346702,0.5716515389198129,0.0010726116327859359,0.0,0.09081631594291892,0.017914730513837594,False,0.0004900388110723464,0.9193244984316482,-0.000267330985405434,G12D,fixed_concentration,1.5532557749797256e-09,0.00020000000000000004,0.004267186194999246,1000.0000000000002,0.00144,4.3783830279284865,0.0003288885396308731
34.06417307483321,33.8189540609001,34.05746865597974,33.812235578396496,34.000022630843084,0.007198736731239719,0.00019681730828280397,0.007395966897045914,0.007394137203536043,1.8296935098702574e-06,8.964260184474669e-09,8.962270884535195e-09,0.0,7.832895208760798e-08,7.89441025655584e-08,7.83042236160081e-08,7.891908742776751e-08,7.802498850790546e-08,0.0007171450218081682,0.0007228407648906474,0.000722575766172398,0.0007141920868000419,2.4079622160962164e-06,2.4218925168636166e-06,2.4013236673822357e-06,0.02813619650532585,0.02829461683164423,0.028064019907120992,261.72890350791516,263.243032153347,261.0073376831889,0.2968520599086388,0.29676839203445343,60.831528644433654,60.50813514998358,0.00015842032631838143,0.0002305969245232388,1.0056304812304107,1.0082168173086539,1.0085656297652719,1.0085656383839743,0.0001972301658061948,True,33.812297905392896,6.232699639951989e-05,0.006526819569560693,0.00015763127176482428,0.006684902291154038,1.4802806978493968e-06,0.0,0.31082358905889296,0.31078634597182053,False,0.0016869651790076823,0.0018832232870938936,-2.2717625089343357e-07,G12D,fixed_concentration,5.348460806629396e-09,2.0000000000000003e-10,0.014693573644586254,0.0010000000000000002,0.00144,4.3783830279284865,0.0003288885396308731
34.06417307483321,33.8189540609001,34.04297937796639,33.7977149374174,33.98557347856948,0.007198736731239719,0.0006221697153856454,0.007822240006544079,0.007816427610642152,5.812395901926698e-06,8.964260184474669e-09,8.957973068361651e-09,0.0,7.832895208760798e-08,7.89441025655584e-08,7.825078923766808e-08,7.886503883205046e-08,7.797189151792681e-08,0.0007171450218081682,0.0007228407648906474,0.00072200327782519,0.0007136281792699692,7.610151046247459e-06,7.654177951743298e-06,7.589173076289864e-06,0.08893082465913302,0.08943148640492528,0.08870277066059971,827.1709874695829,831.9564120068385,824.8908250613406,0.2968520599086388,0.2965876050416389,60.831528644433654,60.47402514145679,0.0005006617457922607,0.0007287157443255643,1.0056297886330332,1.008215253468393,1.0085654754213633,1.0085654813107814,0.0006235032753043601,True,33.797912931877384,0.00019799445998103238,0.006526819569560693,0.0004982580519867774,0.007026513444492011,4.687863348938094e-06,0.0,0.31082358905889296,0.3107058379744973,False,0.0016869651790076823,0.0023073977486862685,-6.875670617704534e-07,G12D,fixed_concentration,5.348460806629396e-09,6.324555320336759e-10,0.014693573644586254,0.00316227766016838,0.00144,4.3783830279284865,0.0003288885396308731
34.06417307483321,33.8189540609001,33.9972147056811,33.75185193219988,33.93993633550508,0.007198736731239719,0.001965653738460249,0.009168610726208226,0.009150240245932015,1.8370480276211354e-05,8.964260184474669e-09,8.94441429217998e-09,0.0,7.832895208760798e-08,7.89441025655584e-08,7.808220157519993e-08,7.869451131229852e-08,7.780436406788903e-08,0.0007171450218081682,0.0007228407648906474,0.0007201975478584807,0.000711849523001824,2.4020550288826822e-05,2.4159529652538168e-05,2.395436155276047e-05,0.28078820126999415,0.28236835584177733,0.28006890363225817,2610.868301637576,2625.974412757491,2603.6740298894442,0.2968520599086388,0.29601698805256527,60.831528644433654,60.36636011929086,0.0015801545717831766,0.0022994522095191594,1.0056275675567428,1.0082103088907666,1.0085649579649956,1.0085649672777945,0.0019698739949685073,True,33.75247770741947,0.0006257752195963917,0.006526819569560693,0.0015735761499731105,0.008104929043514897,1.480377159093077e-05,0.0,0.31082358905889296,0.310451387636815,False,0.0016869651790076823,0.003647137978520676,-2.1649495364865767e-06,G12D,fixed_concentration,5.348460806629396e-09,2e-09,0.014693573644586254,0.01,0.00144,4.3783830279284865,0.0003288885396308731
34.06417307483321,33.8189540609001,33.85305058534978,33.60738273996488,33.7961744974071,0.007198736731239719,0.006197787012754641,0.013409699799987296,0.013351907506973243,5.779229301405321e-05,8.964260184474669e-09,8.901857909774658e-09,0.0,7.832895208760798e-08,7.89441025655584e-08,7.755286369660061e-08,7.81590767986087e-08,7.727834955172353e-08,0.0007171450218081682,0.0007228407648906474,0.0007145332935942107,0.0007062701589583038,7.551356115252666e-05,7.595059776806396e-05,7.530574226221305e-05,0.8835927101267129,0.8885588206055112,0.8813367414288894,8207.803587862267,8255.306484875033,8185.215064806799,0.2968520599086388,0.2942234409416947,60.831528644433654,60.02791232217499,0.004966110478798247,0.007222079176621765,1.005620361532958,1.0081944605701025,1.0085631651249853,1.0085631739072562,0.006210963068747577,True,33.609351386636504,0.0019686466716208884,0.006526819569560693,0.004955571098948952,0.011496648271567489,4.660172148481315e-05,0.0,0.31082358905889296,0.30964828152972684,False,0.0016869651790076823,0.007867461712261714,-6.835028623185593e-06,G12D,fixed_concentration,5.348460806629396e-09,6.32455532033676e-09,0.014693573644586254,0.0316227766016838,0.00144,4.3783830279284865,0.0003288885396308731
34.06417307483321,33.8189540609001,33.402720224377134,33.15613018706822,33.34710875441951,0.007198736731239719,0.01941784551772252,0.026656830499603434,0.02647679829119227,0.00018003220841116344,8.964260184474669e-09,8.770431967112131e-09,0.0,7.832895208760798e-08,7.89441025655584e-08,7.59161077436329e-08,7.650349703620508e-08,7.565179931738481e-08,0.0007171450218081682,0.0007228407648906474,0.0006970717375690903,0.000689069931544187,0.0002344127563794096,0.00023577037573831535,0.00023377024593406357,2.751419910164372,2.7668184086408534,2.744469616681621,25479.04896315685,25626.612931047675,25409.212390185356,0.2968520599086388,0.28865919653358674,60.831528644433654,58.97752135109514,0.015398498476481226,0.02234879195923245,1.0055965643119742,1.008143209829466,1.0085559639819002,1.0085559732243528,0.007238984981880914,True,33.162262835374584,0.006132648306362398,0.006526819569560693,0.01546730586306666,0.022038359788279727,0.0001451866702478176,0.0,0.31082358905889296,0.30712416549625193,False,0.0016869651790076823,0.021050395641145636,-2.1657826344816805e-05,G12D,fixed_concentration,5.348460806629396e-09,2.0000000000000004e-08,0.014693573644586254,0.10000000000000002,0.00144,4.3783830279284865,0.0003288885396308731
34.06417307483321,33.8189540609001,32.033813151581256,31.784734932619756,31.98209670520582,0.007198736731239719,0.05960396921397726,0.06691599814285565,0.06637363266270864,0.0005423654801470085,8.964260184474669e-09,8.384663400455865e-09,0.0,7.832895208760798e-08,7.89441025655584e-08,7.109104985664681e-08,7.162326371209857e-08,7.085619824385847e-08,0.0007171450218081682,0.0007228407648906474,0.0006460749723481262,0.0006388319207990296,0.0006998673932461902,0.0007039220712682582,0.0006979754081485354,8.29277234151716,8.338484745436011,8.272543564324181,76070.73899562699,76511.4549139376,75865.0928578899,0.2968520599086388,0.2720953565073256,60.831528644433654,55.846205223467464,0.04571240391885034,0.06594118111183,1.0055123186838248,1.0079710890125988,1.0085198748412885,1.008519887496328,0.007312028928878389,True,31.803210164205296,0.01847523158554054,0.006526819569560693,0.04692736741751469,0.053585546616782054,0.0004376460897152698,0.0,0.31082358905889296,0.2993089573571242,False,0.0016869651790076823,0.06112217563753619,-6.820893485412483e-05,G12D,fixed_concentration,5.348460806629396e-09,6.32455532033676e-08,0.014693573644586254,0.316227766016838,0.00144,4.3783830279284865,0.0003288885396308731
34.06417307483321,33.8189540609001,28.231145927305406,27.97814382001306,28.19042179692173,0.007198736731239719,0.17123642293366792,0.17866364292625492,0.17720247373740894,0.0014611691888459788,8.964260184474669e-09,7.414630379016088e-09,0.0,7.832895208760798e-08,7.89441025655584e-08,5.8757452142423005e-08,5.9152805593941304e-08,5.8592406991446364e-08,0.0007171450218081682,0.0007228407648906474,0.0005192522779776761,0.0005138435899316001,0.0018666417237967379,0.0018773296926116062,0.0018618320158707985,22.70753896231322,22.825453414441643,22.65820742861031,202890.90042222495,204052.6104712031,202368.1168096534,0.2968520599086388,0.22871362392654937,60.831528644433654,47.595072381751955,0.11791445212842433,0.16724598583133243,1.0051927446793825,1.0073812540713238,1.008323885618413,1.0083239083710707,0.0074272199925869975,True,28.02791734015352,0.049773520140462324,0.006526819569560693,0.1304023802096156,0.13726373444828155,0.001185647476174695,0.0,0.31082358905889296,0.27648630635821014,False,0.0016869651790076823,0.17243193501300746,-0.0002025832168011943,G12D,fixed_concentration,5.348460806629396e-09,2.0000000000000002e-07,0.014693573644586254,1.0000000000000002,0.00144,4.3783830279284865,0.0003288885396308731
34.06417307483321,33.8189540609001,20.25092898617926,20.008003796485426,20.23255169051096,0.007198736731239719,0.4055065143753407,0.41263791278504725,0.40978611646678964,0.0028517963182576045,8.964260184474669e-09,5.786090594061552e-09,0.0,7.832895208760798e-08,7.89441025655584e-08,3.686277764672289e-08,3.704751460820165e-08,3.679404276561204e-08,0.0007171450218081682,0.0007228407648906474,0.0003087360226348373,0.00030604294202279524,0.003834262575628929,0.0038547348007882745,0.003825562225122762,49.214274547686806,49.42236522977287,49.13676746581218,416756.9669667347,418982.16361031885,415811.29356333334,0.2968520599086388,0.14889070988783928,60.831528644433654,32.05191748288371,0.20809068208606618,0.2855977639606948,1.004228258650535,1.005812302654207,1.0076256962895374,1.0076257429657873,0.0071313984097065575,True,20.105147879844726,0.09714408335930003,0.006526819569560693,0.28769218507590877,0.2947480267556263,0.002406737093719913,0.0,0.31082358905889296,0.2230758452358301,False,0.0016869651790076823,0.4060460048138119,-0.0004633993709244888,G12D,fixed_concentration,5.348460806629396e-09,6.324555320336759e-07,0.014693573644586254,3.16227766016838,0.00144,4.3783830279284865,0.0003288885396308731
34.06417307483321,33.8189540609001,11.107295640023725,10.910416381487282,11.112677591875766,0.007198736731239719,0.6739302722651485,0.6797099299161335,0.6762775623911387,0.0034323675249948726,8.964260184474669e-09,4.4079616784865765e-09,0.0,7.832895208760798e-08,7.89441025655584e-08,1.6252522694803703e-08,1.6303750314146466e-08,1.6235302042708308e-08,0.0007171450218081682,0.0007228407648906474,0.00012957998134834525,0.00012866936388443212,0.005542451031197362,0.0055685601949964705,0.005531689883032082,75.15520572130266,75.37424112347148,75.08155127863976,602423.9839680741,605261.8888379696,601254.3099620582,0.2968520599086388,0.07309987263154011,60.831528644433654,16.47300751779505,0.21903540216881368,0.29268984483171323,1.0029144408569788,1.0038982924546336,1.0066652890425916,1.006665364072258,0.005779657650985093,True,11.027337142915146,0.11692076142786334,0.006526819569560693,0.44341292861763526,0.45030143790719057,0.0032557658998924044,0.0,0.31082358905889296,0.14991757254448826,False,0.0016869651790076823,0.6737722777692827,-0.0007080627724829203,G12D,fixed_concentration,5.348460806629396e-09,2.0000000000000003e-06,0.014693573644586254,10.000000000000002,0.00144,4.3783830279284865,0.0003288885396308731
34.06417307483321,33.8189540609001,5.782891756670334,5.628817522664555,5.801787508546913,0.007198736731239719,0.8302353694608613,0.8347584275626184,0.8314574603423888,0.003300967220229656,8.964260184474669e-09,3.768604331294198e-09,0.0,7.832895208760798e-08,7.89441025655584e-08,5.770587842827853e-09,5.783350018840985e-09,5.766376636598304e-09,0.0007171450218081682,0.0007228407648906474,4.5004023785437654e-05,4.47248310668506e-05,0.006361609339301708,0.006389122150269677,0.006350285250290849,88.68208603873136,88.87270792781047,88.61917994234976,691459.9892432994,694450.4706569368,690229.1237076231,0.2968520599086388,0.03545535795675193,60.831528644433654,8.235303881241453,0.19062188907911093,0.2535279854607069,1.002149497126126,1.0028608703626645,1.006115772512274,1.006115863275427,0.004523058101757127,True,5.741262241368808,0.11244471870425343,0.006526819569560693,0.5252509683726172,0.5318845126570079,0.003534943014135039,0.0,0.31082358905889296,0.09708640733475864,False,0.0016869651790076823,0.8296806590372421,-0.0008410974439658769,G12D,fixed_concentration,5.348460806629396e-09,6.324555320336759e-06,0.014693573644586254,31.622776601683796,0.00144,4.3783830279284865,0.0003288885396308731
34.06417307483321,33.8189540609001,3.6844130053520696,3.5500083634995985,3.7086975297670945,0.007198736731239719,0.8918390592585929,0.8957846898058899,0.8926176813955935,0.003167008410296379,8.964260184474669e-09,3.5418521748530985e-09,0.0,7.832895208760798e-08,7.89441025655584e-08,1.8926662362347153e-09,1.8962154356253146e-09,1.8914844680807756e-09,0.0007171450218081682,0.0007228407648906474,1.4651008739953818e-05,1.4564399633599375e-05,0.006657926418355632,0.006685720454287928,0.006646457036241991,93.74594417000928,93.92009569150653,93.68795572329077,723667.2663885249,726688.3193082284,722420.6070579062,0.2968520599086388,0.021809068538112413,60.831528644433654,5.131693221629832,0.17415152149725088,0.23213996821576188,1.0018576965973207,1.0024777994825866,1.0059074207253338,1.0059075173224954,0.003945630547297019,True,3.6578898861173847,0.10788152261778627,0.006526819569560693,0.5561094161614912,0.5626172923859587,0.0036106824751265254,0.0,0.31082358905889296,0.07251264943994803,False,0.0016869651790076823,0.891126154108608,-0.0008953688907443746,G12D,fixed_concentration,5.348460806629396e-09,2e-05,0.014693573644586254,100.00000000000001,0.00144,4.3783830279284865,0.0003288885396308731
34.06417307483321,33.8189540609001,2.971185547187749,2.843790224931655,2.9973192113049083,0.007198736731239719,0.9127768186046801,0.9165166810688659,0.9134047153244061,0.0031119657444597104,8.964260184474669e-09,3.467697706519653e-09,0.0,7.832895208760798e-08,7.89441025655584e-08,6.054091800353118e-10,6.064780276566776e-10,6.050510802819817e-10,0.0007171450218081682,0.0007228407648906474,4.675275882269033e-06,4.648083642038265e-06,0.006755604799746463,0.0067834649645974595,0.006744093561764093,95.4344791156992,95.60246604225102,95.37819721939073,734284.1146313644,737312.3568146753,733032.9053822977,0.2968520599086388,0.017320620831086053,60.831528644433654,4.0942613507400685,0.16798692655181924,0.2242688228602958,1.00176023307413,1.0023513636176664,1.0058379087527172,1.0058380072721915,0.0037398624641857836,True,2.9497967646538807,0.10600653972222585,0.006526819569560693,0.5664354861877166,0.5728978491501353,0.0036325656090017144,0.0,0.31082358905889296,0.06344084236587959,False,0.0016869651790076823,0.9120096294508513,-0.0009143316236449595,G12D,fixed_concentration,5.348460806629396e-09,6.324555320336759e-05,0.014693573644586254,316.22776601683796,0.00144,4.3783830279284865,0.0003288885396308731
34.06417307483321,33.8189540609001,2.7403807322841307,2.615287839594882,2.767115197757554,0.007198736731239719,0.9195524069742137,0.9232246784958045,0.9201315280170682,0.003093150478736262,8.964260184474669e-09,3.4440067780984054e-09,0.0,7.832895208760798e-08,7.89441025655584e-08,1.9213970888129971e-10,1.924722031834388e-10,1.9202804376747678e-10,0.0007171450218081682,0.0007228407648906474,1.4826793439654083e-06,1.4741009014246953e-06,0.006786896860993581,0.006814775430583231,0.006775372821689467,95.97741190740497,96.14334664473414,95.92168391366326,737685.3075908419,740715.5507375955,736432.7067780915,0.2968520599086388,0.01588438683478028,60.831528644433654,3.760406072574545,0.16593473732916664,0.22166273107087875,1.0017288936431132,1.0023108719741658,1.00581556320674,1.005815662341019,0.0036722715215907753,True,2.720653452849055,0.10536561325417315,0.006526819569560693,0.5697600135346702,0.5762073613218954,0.0036392490239557373,0.0,0.31082358905889296,0.06041097148878268,False,0.0016869651790076823,0.9187675804817375,-0.0009205387806456855,G12D,fixed_concentration,5.348460806629396e-09,0.00020000000000000004,0.014693573644586254,1000.0000000000002,0.00144,4.3783830279284865,0.0003288885396308731
34.06417307483321,33.23328062822984,34.05746865597974,33.22653285110899,33.8598379660142,0.024391974664349947,0.00019681730828280397,0.024590064813376222,0.02458399120983561,6.073603540612121e-06,3.0149713369388256e-08,3.0142921795932924e-08,0.0,7.832895208760798e-08,8.039859004776568e-08,7.83042236160081e-08,8.037289595218633e-08,7.73503374349631e-08,0.0007171450218081682,0.0007363430138298697,0.0007360719125099457,0.000707690906982379,2.4079622160962164e-06,2.4546907567973544e-06,2.3852272681799723e-06,0.02813619650532585,0.028666428448860616,0.02788903654679307,261.72890350791516,266.807977576974,259.2577673678029,0.9962488789009262,0.9959638356265448,60.831528644433654,59.780782464238094,0.0005302319435347667,0.0007773919020675445,1.0188451890942118,1.0278744624527711,1.0291223773700968,1.0291224069613305,0.00019809014902627542,True,33.22673974339119,0.00020689228220049927,0.022154677328495964,0.00015763127176482428,0.022313739513315056,4.9231830170984314e-06,0.0,1.048398056059494,1.0482698929005356,False,0.005803619243477942,0.005998534247994791,-7.600510481551095e-07,G12D,fixed_concentration,1.8416820629831085e-08,2.0000000000000003e-10,0.050595661070964526,0.0010000000000000002,0.00144,4.3783830279284865,0.0003288885396308731
34.06417307483321,33.23328062822984,34.04297937796639,33.21194910021154,33.84548740794191,0.024391974664349947,0.0006221697153856454,0.025018190600120338,0.02499896843180098,1.9222168319357746e-05,3.0149713369388256e-08,3.012824971390457e-08,0.0,7.832895208760798e-08,8.039859004776568e-08,7.825078923766808e-08,8.031737986927684e-08,7.729805121655953e-08,0.0007171450218081682,0.0007363430138298697,0.0007354862052809386,0.0007071343315595646,7.610151046247459e-06,7.75783718437118e-06,7.538308136354447e-06,0.08893082465913302,0.09060653146386147,0.08814987994929317,827.1709874695829,843.2234639467001,819.3621443804,0.9962488789009262,0.9953479317495196,60.831528644433654,59.74660303796659,0.0016757068047284496,0.002456651514568295,1.018842811940082,1.0278690284771963,1.029121792854026,1.0291218232743033,0.0006262159357703911,True,33.21260388748005,0.0006547872685089828,0.022154677328495964,0.0004982580519867774,0.022657448741557507,1.5552107442858704e-05,0.0,1.048398056059494,1.0479928510985221,False,0.005803619243477942,0.006419814343089469,-2.3637796411971057e-06,G12D,fixed_concentration,1.8416820629831085e-08,6.324555320336759e-10,0.050595661070964526,0.00316227766016838,0.00144,4.3783830279284865,0.0003288885396308731
34.06417307483321,33.23328062822984,33.9972147056811,33.16588764468312,33.800162188555134,0.024391974664349947,0.001965653738460249,0.026370387097808257,0.026309682226622787,6.070487118546922e-05,3.0149713369388256e-08,3.008196157843173e-08,0.0,7.832895208760798e-08,8.039859004776568e-08,7.808220157519993e-08,8.014222204593813e-08,7.71330783032309e-08,0.0007171450218081682,0.0007363430138298697,0.0007336388114238311,0.0007053787770342326,2.4020550288826822e-05,2.4486750861680895e-05,2.3793874989028417e-05,0.28078820126999415,0.28607691160186055,0.27832505004244934,2610.868301637576,2661.5411291148866,2586.230220770233,0.9962488789009262,0.9934039951666386,60.831528644433654,59.638719886701594,0.0052887103318663975,0.007751861559411211,1.0188352299275603,1.0278518284941616,1.0291199257360126,1.029119955269189,0.0019784124334583097,True,33.16795550592167,0.002067861238550961,0.022154677328495964,0.0015735761499731105,0.023742500755689955,4.910934907535053e-05,0.0,1.048398056059494,1.0471172680254683,False,0.005803619243477942,0.007750397630322148,-7.467445753501535e-06,G12D,fixed_concentration,1.8416820629831085e-08,2e-09,0.050595661070964526,0.01,0.00144,4.3783830279284865,0.0003288885396308731
34.06417307483321,33.23328062822984,33.85305058534978,33.02079909358589,33.65738539466078,0.024391974664349947,0.006197787012754641,0.030629658290990847,0.03043858541331444,0.0001910728776764077,3.0149713369388256e-08,2.9936682197105364e-08,0.0,7.832895208760798e-08,8.039859004776568e-08,7.755286369660061e-08,7.959226334660309e-08,7.661506526878106e-08,0.0007171450218081682,0.0007363430138298697,0.0007278438204304811,0.0006998717681864592,7.551356115252666e-05,7.69795886444885e-05,7.480184810512166e-05,0.8835927101267129,0.9002138760894873,0.8758673635287332,8207.803587862267,8367.15078169807,8130.445147605329,0.9962488789009262,0.98729410305149,60.831528644433654,59.299588403391546,0.01662116596277441,0.024346512560754152,1.018810890778389,1.0277970313480638,1.0291134590191726,1.02911349007286,0.0062376836266409,True,33.02730783316097,0.00650873957507514,0.022154677328495964,0.004955571098948952,0.02715502414534543,0.0001545647965761482,0.0,1.048398056059494,1.0443537947480739,False,0.005803619243477942,0.011941804055503824,-2.3632604754558056e-05,G12D,fixed_concentration,1.8416820629831085e-08,6.32455532033676e-09,0.050595661070964526,0.0316227766016838,0.00144,4.3783830279284865,0.0003288885396308731
34.06417307483321,33.23328062822984,33.402720224377134,32.567688983764675,33.21141113862671,0.024391974664349947,0.01941784551772252,0.04393132009343104,0.04333618058616792,0.0005951395072631149,3.0149713369388256e-08,2.9488047655048464e-08,0.0,7.832895208760798e-08,8.039859004776568e-08,7.59161077436329e-08,7.78918259070586e-08,7.501310686155689e-08,0.0007171450218081682,0.0007363430138298697,0.0007099790533995427,0.0006828935483458757,0.0002344127563794096,0.00023896689913022767,0.00023221237105284628,2.751419910164372,2.8029548978885335,2.727619318825948,25479.04896315685,25974.053279858304,25239.881825813405,0.9962488789009262,0.968342141689027,60.831528644433654,58.247147067241066,0.05153498772416132,0.07533557906258537,1.0187303244894679,1.0276195356671003,1.0290877184826825,1.0290877532276734,0.01953934542908109,True,32.587961918943755,0.020272935179079354,0.022154677328495964,0.01546730586306666,0.03776079135972077,0.0004814813386955427,0.0,1.048398056059494,1.0356700568448995,False,0.005803619243477942,0.02503398319205119,-7.47877872357347e-05,G12D,fixed_concentration,1.8416820629831085e-08,2.0000000000000004e-08,0.050595661070964526,0.10000000000000002,0.00144,4.3783830279284865,0.0003288885396308731
34.06417307483321,33.23328062822984,32.033813151581256,31.191407986751162,31.855916776795702,0.024391974664349947,0.05960396921397726,0.08433391533594747,0.08254208537136518,0.0017918299645822977,3.0149713369388256e-08,2.8171476484919352e-08,0.0,7.832895208760798e-08,8.039859004776568e-08,7.109104985664681e-08,7.288011829803763e-08,7.028846904973973e-08,0.0007171450218081682,0.0007363430138298697,0.0006578052055218463,0.0006332936526593495,0.0006998673932461902,0.0007134687176484901,0.0006933878396894221,8.29277234151716,8.44572953559842,8.223497397226323,76070.73899562699,77549.11048301551,75366.45472271631,0.9962488789009262,0.9119553695621935,60.831528644433654,55.11046636501033,0.15295719408126018,0.22223213837209777,1.0184446392330695,1.0270240419176218,1.0289605280185796,1.028960573617659,0.024729946121970214,True,31.252445192785363,0.06103720603420015,0.022154677328495964,0.04692736741751469,0.06949321059662661,0.00145082653362677,0.0,1.048398056059494,1.00879889962749,False,0.005803619243477942,0.06482635856700059,-0.0002353111477367137,G12D,fixed_concentration,1.8416820629831085e-08,6.32455532033676e-08,0.050595661070964526,0.316227766016838,0.00144,4.3783830279284865,0.0003288885396308731
34.06417307483321,33.23328062822984,28.231145927305406,27.378413102312074,28.091060631866206,0.024391974664349947,0.17123642293366792,0.19626955152657466,0.19145160310820591,0.004817948418368745,3.0149713369388256e-08,2.4863514672999385e-08,0.0,7.832895208760798e-08,8.039859004776568e-08,5.8757452142423005e-08,6.008378875040078e-08,5.819289710873262e-08,0.0007171450218081682,0.0007363430138298697,0.000528095797742368,0.0005098058656440145,0.0018666417237967379,0.0019024825109194635,0.0018501652793242868,22.70753896231322,23.10170364701855,22.538534015345988,202890.90042222495,206786.5524217079,201100.01930175055,0.9962488789009262,0.7645307426226587,60.831528644433654,46.8532804283198,0.3941646847053306,0.5631696316725616,1.0173583181056964,1.0249869681537012,1.0282770583686902,1.0282771386084488,0.02503312859290674,True,27.542532531101006,0.1641194287889327,0.022154677328495964,0.1304023802096156,0.15359394996565412,0.0039259150839544565,0.0,1.048398056059494,0.930458772929476,False,0.005803619243477942,0.17534881677136527,-0.0006974344064584193,G12D,fixed_concentration,1.8416820629831085e-08,2.0000000000000002e-07,0.050595661070964526,1.0000000000000002,0.00144,4.3783830279284865,0.0003288885396308731
34.06417307483321,33.23328062822984,20.25092898617926,19.4384570341946,20.187694237484212,0.024391974664349947,0.4055065143753407,0.4293577304374421,0.42000738441481844,0.009350346022623635,3.0149713369388256e-08,1.9323642380855924e-08,0.0,7.832895208760798e-08,8.039859004776568e-08,3.686277764672289e-08,3.74788235081204e-08,3.6626987829839323e-08,0.0007171450218081682,0.0007363430138298697,0.0003131932570782773,0.0003041047152735492,0.003834262575628929,0.0039027883384870244,0.0038044229850790062,49.214274547686806,49.906938262681805,48.94820471679078,416756.9669667347,424205.26878420834,413513.5911336118,0.9962488789009262,0.4945248915058765,60.831528644433654,31.3516663022304,0.6926637149949997,0.9587335458910289,1.0140744473297851,1.0195866947815178,1.0258555249491994,1.0258556861971242,0.023851216062101388,True,19.75696883941883,0.3185118052242295,0.022154677328495964,0.28769218507590877,0.31141831716579216,0.007945182291674124,0.0,1.048398056059494,0.7478084026915043,False,0.005803619243477942,0.4073628561851399,-0.0015938720234943138,G12D,fixed_concentration,1.8416820629831085e-08,6.324555320336759e-07,0.050595661070964526,3.16227766016838,0.00144,4.3783830279284865,0.0003288885396308731
34.06417307483321,33.23328062822984,11.107295640023725,10.456799621470836,11.125856744899204,0.024391974664349947,0.6739302722651485,0.6930264651221968,0.6818837568028684,0.011142708319328398,3.0149713369388256e-08,1.4655465337752668e-08,0.0,7.832895208760798e-08,8.039859004776568e-08,1.6252522694803703e-08,1.642150713387794e-08,1.6193163194347293e-08,0.0007171450218081682,0.0007363430138298697,0.00013108992467223616,0.000128024523618694,0.005542451031197362,0.005629571224136677,0.0055054847089729625,75.15520572130266,75.87734424702028,74.90126975028352,602423.9839680741,611893.4129573996,598405.9607437591,0.9962488789009262,0.2399036891507094,60.831528644433654,15.911019545221611,0.722138525717611,0.9760744967367572,1.0096086294859667,1.0130314813085404,1.0225387085285107,1.0225389670197753,0.019096192857048333,True,10.836366766182822,0.37956714471198616,0.022154677328495964,0.44341292861763526,0.4664486840347507,0.010704748445426626,0.0,1.048398056059494,0.4986394380663884,False,0.005803619243477942,0.67338538585811,-0.002437270953635995,G12D,fixed_concentration,1.8416820629831085e-08,2.0000000000000003e-06,0.050595661070964526,10.000000000000002,0.00144,4.3783830279284865,0.0003288885396308731
34.06417307483321,33.23328062822984,5.782891756670334,5.279996317194477,5.847982997943754,0.024391974664349947,0.8302353694608613,0.8449985471364527,0.8343762640278747,0.010622283108578046,3.0149713369388256e-08,1.2496943637266177e-08,0.0,7.832895208760798e-08,8.039859004776568e-08,5.770587842827853e-09,5.812251558126649e-09,5.756015348761721e-09,0.0007171450218081682,0.0007363430138298697,4.546517121938339e-05,4.452662961006935e-05,0.006361609339301708,0.0064532254689441985,0.006322677059760387,88.68208603873136,89.30430786316637,88.46439430367013,691459.9892432994,701418.1286725035,687228.2671552646,0.9962488789009262,0.11402091420881348,60.831528644433654,7.789251692616612,0.622221824435016,0.8399135594962388,1.0070163192165242,1.0094943685095845,1.020647647815933,1.0206479596306142,0.014763177675591432,True,5.641835607454955,0.36183929026047856,0.022154677328495964,0.5252509683726172,0.5473626053302484,0.011593725349910544,0.0,1.048398056059494,0.3189010939422023,False,0.005803619243477942,0.828324527793564,-0.0028960909439561533,G12D,fixed_concentration,1.8416820629831085e-08,6.324555320336759e-06,0.050595661070964526,31.622776601683796,0.00144,4.3783830279284865,0.0003288885396308731
34.06417307483321,33.23328062822984,3.6844130053520696,3.2489798783350916,3.7680499136043246,0.024391974664349947,0.8918390592585929,0.9046217892564826,0.8944773181848296,0.01014447107165306,3.0149713369388256e-08,1.1732476300542632e-08,0.0,7.832895208760798e-08,8.039859004776568e-08,1.8926662362347153e-09,1.9041853817072064e-09,1.8885693067789494e-09,0.0007171450218081682,0.0007363430138298697,1.4793717887906394e-05,1.450272102960388e-05,0.006657926418355632,0.006750402183999425,0.0066184831737128086,93.74594417000928,94.31114183453835,93.54490816239462,723667.2663885249,733718.8568947476,719380.0010045614,0.9962488789009262,0.06846476644942534,60.831528644433654,4.73666176767709,0.565197664529066,0.7662336721437271,1.0060290359175867,1.008191078351518,1.019931909899019,1.0199322414720495,0.012782729997889763,True,3.5945428966725204,0.34556301833742875,0.022154677328495964,0.5561094161614912,0.5777738809547106,0.0118302121391195,0.0,1.048398056059494,0.23523141196737535,False,0.005803619243477942,0.8893837843846507,-0.0030829997910216678,G12D,fixed_concentration,1.8416820629831085e-08,2e-05,0.050595661070964526,100.00000000000001,0.00144,4.3783830279284865,0.0003288885396308731
34.06417307483321,33.23328062822984,2.971185547187749,2.559758892913273,3.061184710256574,0.024391974664349947,0.9127768186046801,0.9248548060365382,0.9149043642354188,0.00995044180111948,3.0149713369388256e-08,1.1482589792386963e-08,0.0,7.832895208760798e-08,8.039859004776568e-08,6.054091800353118e-10,6.088700323300041e-10,6.041668939579797e-10,0.0007171450218081682,0.0007363430138298697,4.720040068705169e-06,4.628692924401875e-06,0.006755604799746463,0.00684827417774882,0.006716013928988747,95.4344791156992,95.97840286582081,95.23923043427043,734284.1146313644,744356.7545762324,729980.8016778373,0.9962488789009262,0.05348840027765071,60.831528644433654,3.71712848573106,0.543923750121607,0.7391724315503865,1.0056994469416256,1.0077612180209765,1.0196932659995224,1.019693604085686,0.012077987431858173,True,2.898712464597662,0.3389535716843888,0.022154677328495964,0.5664354861877166,0.5879387541574197,0.01189778606510572,0.0,1.048398056059494,0.20432062856735647,False,0.005803619243477942,0.9101347711118168,-0.0031482576268865303,G12D,fixed_concentration,1.8416820629831085e-08,6.324555320336759e-05,0.050595661070964526,316.22776601683796,0.00144,4.3783830279284865,0.0003288885396308731
34.06417307483321,33.23328062822984,2.7403807322841307,2.336836000392628,2.832446637042541,0.024391974664349947,0.9195524069742137,0.9313990098846963,0.9215146826251066,0.009884327259589654,3.0149713369388256e-08,1.1402767836738663e-08,0.0,7.832895208760798e-08,8.039859004776568e-08,1.9213970888129971e-10,1.9321543144527744e-10,1.917522449741978e-10,0.0007171450218081682,0.0007363430138298697,1.4967968821110241e-06,1.4679808283060693e-06,0.006786896860993581,0.00687961887518466,0.006747260761269846,95.97741190740497,96.514261030848,95.78404256529289,737685.3075908419,747763.6703997,733377.0780375062,0.9962488789009262,0.04869697064981544,60.831528644433654,3.389120120569679,0.5368491234430337,0.7302184655551116,1.0055934944772313,1.0076235920514354,1.0196165701308841,1.0196169103085302,0.011846602910482562,True,2.6735374348915824,0.3367014344989543,0.022154677328495964,0.5697600135346702,0.5912101737737392,0.011918332165113177,0.0,1.048398056059494,0.19399340322089237,False,0.005803619243477942,0.916849687476043,-0.0031696066971466097,G12D,fixed_concentration,1.8416820629831085e-08,0.00020000000000000004,0.050595661070964526,1000.0000000000002,0.00144,4.3783830279284865,0.0003288885396308731
34.06417307483321,31.354601328251636,34.05746865597974,31.347807034551845,33.37955162247235,0.07954315346593333,0.00019681730828280397,0.07974260917222231,0.07972431530485864,1.8293867363669558e-05,9.607047029846819e-08,9.604786792680003e-08,0.0,7.832895208760798e-08,8.493242665830929e-08,7.83042236160081e-08,8.49045684275286e-08,7.510759725159172e-08,0.0007171450218081682,0.0007787460095186175,0.0007784554176622286,0.0006860781460692673,2.4079622160962164e-06,2.5556889067302645e-06,2.3311482396782466e-06,0.02813619650532585,0.029801055344070727,0.027301171446709,261.72890350791516,277.78579040135867,253.3797396384765,3.1532711041874073,3.152328923913082,60.831528644433654,57.513572353687586,0.0016648588387448773,0.002499883897361728,1.059171424909182,1.0915669095826683,1.096321916912075,1.0963220295265312,0.0001994557062889868,True,31.348430200015926,0.0006231654640806994,0.07266258801495284,0.00015763127176482428,0.07282371511581986,1.494972526071281e-05,0.0,3.3713716197266814,3.3709355131933116,False,0.019907701563061875,0.020097991248954172,-2.609442154768299e-06,G12D,fixed_concentration,6.341624148969347e-08,2.0000000000000003e-10,0.17422044365300404,0.0010000000000000002,0.00144,4.3783830279284865,0.0003288885396308731
34.06417307483321,31.354601328251636,34.04297937796639,31.33312244579964,33.365541629893,0.07954315346593333,0.0006221697153856454,0.08017369519095363,0.0801158338401662,5.786135078743315e-05,9.607047029846819e-08,9.599903663270318e-08,0.0,7.832895208760798e-08,8.493242665830929e-08,7.825078923766808e-08,8.484437983552403e-08,7.505797878097816e-08,0.0007171450218081682,0.0007787460095186175,0.0007778276381149651,0.0006855457395005466,7.610151046247459e-06,8.07704414642683e-06,7.367417375210932e-06,0.08893082465913302,0.09419230465284975,0.08629241334095394,827.1709874695829,877.9190936222349,800.7874666174639,3.1532711041874073,3.150293063065718,60.831528644433654,57.47927826867413,0.005261479993716733,0.007899891311895807,1.059163737814011,1.09154792415739,1.0963196103974742,1.0963197230478343,0.000630541725020306,True,31.335093444867205,0.0019709990675664812,0.07266258801495284,0.0004982580519867774,0.0731719027160932,4.726136871022191e-05,0.0,3.3713716197266814,3.369992722855351,False,0.019907701563061875,0.020509273582113074,-8.211727318973433e-06,G12D,fixed_concentration,6.341624148969347e-08,6.324555320336759e-10,0.17422044365300404,0.00316227766016838,0.00144,4.3783830279284865,0.0003288885396308731
34.06417307483321,31.354601328251636,33.9972147056811,31.28674558191585,33.32129290807779,0.07954315346593333,0.001965653738460249,0.08153515092868457,0.08135245290741434,0.0001826980212702306,9.607047029846819e-08,9.584498731311002e-08,0.0,7.832895208760798e-08,8.493242665830929e-08,7.808220157519993e-08,8.465447788043062e-08,7.490141707296635e-08,0.0007171450218081682,0.0007787460095186175,0.0007758474897984024,0.0006838663613937602,2.4020550288826822e-05,2.5494399265195494e-05,2.3254690134662642e-05,0.28078820126999415,0.2973938025294246,0.2724664644463184,2610.868301637576,2771.0656677237566,2527.624446140031,3.1532711041874073,3.143867809534891,60.831528644433654,57.37103679851696,0.016605601259430447,0.02492733808310621,1.0591392415504781,1.0914877290816736,1.0963121468212735,1.0963122595033798,0.0019919974627512493,True,31.292969038932828,0.006223457016979239,0.07266258801495284,0.0015735761499731105,0.07427105083862606,0.00014922678919575272,0.0,3.3713716197266814,3.367013324392841,False,0.019907701563061875,0.02180825482313742,-2.5968830383121116e-05,G12D,fixed_concentration,6.341624148969347e-08,2e-09,0.17422044365300404,0.01,0.00144,4.3783830279284865,0.0003288885396308731
34.06417307483321,31.354601328251636,33.85305058534978,31.140688394575317,33.18191116903,0.07954315346593333,0.006197787012754641,0.0858228577524982,0.08524794895518326,0.0005749087973149491,9.607047029846819e-08,9.536151343062523e-08,0.0,7.832895208760798e-08,8.493242665830929e-08,7.755286369660061e-08,8.405824058833574e-08,7.440976442464028e-08,0.0007171450218081682,0.0007787460095186175,0.0007696360027295753,0.0006785979574127811,7.551356115252666e-05,8.014834780873006e-05,7.310893226371886e-05,0.8835927101267129,0.9357781519711036,0.8574925699120096,8207.803587862267,8711.573390710591,7946.436559561176,3.1532711041874073,3.1236759825900697,60.831528644433654,57.030799530765655,0.05218544184439067,0.07828558205909397,1.0590605165098148,1.0912959304908345,1.0962866687700838,1.096286785330061,0.00627970428656488,True,31.160272187349296,0.019583792773978814,0.07266258801495284,0.004955571098948952,0.07772770834429399,0.0004696338515339238,0.0,3.3713716197266814,3.3576115472026933,False,0.019907701563061875,0.025899994808769478,-8.211007284569805e-05,G12D,fixed_concentration,6.341624148969347e-08,6.32455532033676e-09,0.17422044365300404,0.0316227766016838,0.00144,4.3783830279284865,0.0003288885396308731
34.06417307483321,31.354601328251636,33.402720224377134,30.6847972495621,32.7465887684174,0.07954315346593333,0.01941784551772252,0.0992061606147665,0.09741644231766186,0.0017897182971046421,9.607047029846819e-08,9.386876658132363e-08,0.0,7.832895208760798e-08,8.493242665830929e-08,7.59161077436329e-08,8.221491011403269e-08,7.288879435428346e-08,0.0007171450218081682,0.0007787460095186175,0.0007504866118623731,0.0006623517484781128,0.0002344127563794096,0.0002488110805501367,0.00022697846034491344,2.751419910164372,2.9132022019704427,2.671007209570068,25479.04896315685,27044.048992843404,24670.99080077825,3.1532711041874073,3.0610737286095504,60.831528644433654,55.975128815424206,0.1617822918060705,0.2421949924003748,1.058799564257135,1.0906755292657406,1.0961880707625151,1.0961881997860539,0.019663007148833178,True,30.745762523389867,0.06096527382776884,0.07266258801495284,0.01546730586306666,0.08846847247796952,0.0014624730735792874,0.0,3.3713716197266814,3.3280834274509408,False,0.019907701563061875,0.03867947428288643,-0.00025950812433350734,G12D,fixed_concentration,6.341624148969347e-08,2.0000000000000004e-08,0.17422044365300404,0.10000000000000002,0.00144,4.3783830279284865,0.0003288885396308731
34.06417307483321,31.354601328251636,32.033813151581256,29.302515717429195,31.423808357091428,0.07954315346593333,0.05960396921397726,0.13978490970391266,0.13440603500954443,0.005378874694368235,9.607047029846819e-08,8.94907685894622e-08,0.0,7.832895208760798e-08,8.493242665830929e-08,7.109104985664681e-08,7.67845506843979e-08,6.83978901642823e-08,0.0007171450218081682,0.0007787460095186175,0.0006945620454023454,0.0006148555416911057,0.0006998673932461902,0.0007428689985192429,0.0006779734711996544,8.29277234151716,8.772674152817919,8.058674248841807,76070.73899562699,80744.72207567243,73691.0157854396,3.1532711041874073,2.8751059236717387,60.831528644433654,52.83109775188025,0.47990181130075804,0.7139999039761111,1.0578698885652709,1.0886001694483094,1.095719862319624,1.095720030658426,0.06024175623797934,True,29.485742635965995,0.18322691853679984,0.07266258801495284,0.04692736741751469,0.12058199794982316,0.004401906482640827,0.0,3.3713716197266814,3.236858734042471,False,0.019907701563061875,0.07751148727260593,-0.0008136054733474257,G12D,fixed_concentration,6.341624148969347e-08,6.32455532033676e-08,0.17422044365300404,0.316227766016838,0.00144,4.3783830279284865,0.0003288885396308731
34.06417307483321,31.354601328251636,28.231145927305406,25.49574366751982,27.750751542763325,0.07954315346593333,0.17123642293366792,0.2515378661472275,0.23715889133123103,0.014378974815996481,9.607047029846819e-08,7.851569139232e-08,0.0,7.832895208760798e-08,8.493242665830929e-08,5.8757452142423005e-08,6.29526829071191e-08,5.6856880818525305e-08,0.0007171450218081682,0.0007787460095186175,0.0005556611862017755,0.0004963171461090703,0.0018666417237967379,0.001979844996477281,0.0018109179627582319,22.70753896231322,23.940687808241936,22.135625465346852,202890.90042222495,215195.3355665076,196834.09427602004,3.1532711041874073,2.3913674713124897,60.831528644433654,44.57969441632924,1.2331488459287172,1.8050623428950843,1.054305702083142,1.0815455766416402,1.093282543545901,1.0932828296745158,0.08030144321355959,True,25.98555155429059,0.4898078867707696,0.07266258801495284,0.1304023802096156,0.20545905529610842,0.01186946150088053,0.0,3.3713716197266814,2.972156471217582,False,0.019907701563061875,0.1853390516247192,-0.0023961492675208806,G12D,fixed_concentration,6.341624148969347e-08,2.0000000000000002e-07,0.17422044365300404,1.0000000000000002,0.00144,4.3783830279284865,0.0003288885396308731
34.06417307483321,31.354601328251636,20.25092898617926,17.705736522804415,20.033765989054586,0.07954315346593333,0.4055065143753407,0.4802240910440445,0.4527944009368806,0.027429690107163895,9.607047029846819e-08,6.026942521005128e-08,0.0,7.832895208760798e-08,8.493242665830929e-08,3.686277764672289e-08,3.877590975999187e-08,3.606128117375413e-08,0.0007171450218081682,0.0007787460095186175,0.00032688946334566047,0.0002975740032132968,0.003834262575628929,0.00404947297143319,0.0037329505053087316,49.214274547686806,51.35365838730893,48.30768277550172,416756.9669667347,440148.9357541963,405744.9826497557,3.1532711041874073,1.517684932178786,60.831528644433654,29.256331678170394,2.139383839622127,3.045975611807215,1.0434707990574796,1.0630536477181622,1.0847914982195246,1.0847920604705013,0.07471757666870382,True,18.640106234003888,0.9343697111994729,0.07266258801495284,0.28769218507590877,0.3632483637978301,0.023798049426260792,0.0,3.3713716197266814,2.3616546237843368,False,0.019907701563061875,0.4118816286823167,-0.0054598845860240885,G12D,fixed_concentration,6.341624148969347e-08,6.324555320336759e-07,0.17422044365300404,3.16227766016838,0.00144,4.3783830279284865,0.0003288885396308731
34.06417307483321,31.354601328251636,11.107295640023725,9.144237516274957,11.17134198172458,0.07954315346593333,0.6739302722651485,0.7315585058769336,0.6998668866589568,0.03169161921797681,9.607047029846819e-08,4.508903371039242e-08,0.0,7.832895208760798e-08,8.493242665830929e-08,1.6252522694803703e-08,1.6760007725586357e-08,1.604745709172962e-08,0.0007171450218081682,0.0007787460095186175,0.00013564733852172573,0.00012583189372610066,0.005542451031197362,0.005813370740816567,0.005416285137827194,75.15520572130266,77.3205070580011,74.27735707121202,602423.9839680741,631871.3071043128,588710.491024936,3.1532711041874073,0.7108158383569746,60.831528644433654,14.298587906781814,2.165301336698434,3.043149986789075,1.0288110625992828,1.040970089766004,1.073313275221819,1.0733141616080843,0.05762823361178515,True,10.223786318337828,1.0795488020628703,0.07266258801495284,0.44341292861763526,0.5155168584042811,0.03166087272433987,0.0,3.3713716197266814,1.5393263884050452,False,0.019907701563061875,0.6720501050419443,-0.008371466051698473,G12D,fixed_concentration,6.341624148969347e-08,2.0000000000000003e-06,0.17422044365300404,10.000000000000002,0.00144,4.3783830279284865,0.0003288885396308731
34.06417307483321,31.354601328251636,5.782891756670334,4.322511709537681,6.006973777449304,0.07954315346593333,0.8302353694608613,0.8731068063786003,0.8437389835209235,0.029367822857676806,9.607047029846819e-08,3.81394507460323e-08,0.0,7.832895208760798e-08,8.493242665830929e-08,5.770587842827853e-09,5.891650151466388e-09,5.71959404576784e-09,0.0007171450218081682,0.0007787460095186175,4.684305561529124e-05,4.384982094486359e-05,0.006361609339301708,0.006644676213530865,0.006228374048269575,88.68208603873136,90.48938179027266,87.92017879828593,691459.9892432994,722227.7340413162,676978.0583924262,3.1532711041874073,0.3175605367525028,60.831528644433654,6.564474389273859,1.8072957515413037,2.569202991986728,1.020379490743508,1.0292219946217491,1.066839621711055,1.0668406827783183,0.04287143691773898,True,5.322902310192627,1.0003906006549466,0.07266258801495284,0.5252509683726172,0.5937680113184192,0.034020549650163656,0.0,3.3713716197266814,0.9492772206321719,False,0.019907701563061875,0.8236571378306174,-0.009957855230980472,G12D,fixed_concentration,6.341624148969347e-08,6.324555320336759e-06,0.17422044365300404,31.622776601683796,0.00144,4.3783830279284865,0.0003288885396308731
34.06417307483321,31.354601328251636,3.6844130053520696,2.450385622346912,3.9721807064661427,0.07954315346593333,0.8918390592585929,0.9280656067310418,0.9004425215670063,0.027623085164035444,9.607047029846819e-08,3.56883396948372e-08,0.0,7.832895208760798e-08,8.493242665830929e-08,1.8926662362347153e-09,1.925501334046183e-09,1.878243231897408e-09,0.0007171450218081682,0.0007787460095186175,1.5218480376184109e-05,1.42918027259211e-05,0.006657926418355632,0.006942899205381581,0.006522814417200435,93.74594417000928,95.35686292629705,93.03817284784833,723667.2663885249,754642.2182457583,708981.3335631186,3.1532711041874073,0.17597939626063336,60.831528644433654,3.6802817915086066,1.6109187562877736,2.318690078448725,1.0171838768124875,1.0249219219109198,1.064402382363263,1.0644035075693212,0.03622654747244891,True,3.3913431762354707,0.9409575538885586,0.07266258801495284,0.5561094161614912,0.6229666868540066,0.03460303207534088,0.0,3.3713716197266814,0.6745916733470657,False,0.019907701563061875,0.883391248108682,-0.010601046878970899,G12D,fixed_concentration,6.341624148969347e-08,2e-05,0.17422044365300404,100.00000000000001,0.00144,4.3783830279284865,0.0003288885396308731
34.06417307483321,31.354601328251636,2.971185547187749,1.8173807390731918,3.2807831514995325,0.07954315346593333,0.9127768186046801,0.9466483235896931,0.9197148255081949,0.02693349808149814,9.607047029846819e-08,3.4888228607178146e-08,0.0,7.832895208760798e-08,8.493242665830929e-08,6.054091800353118e-10,6.151972476694184e-10,6.010262092092874e-10,0.0007171450218081682,0.0007787460095186175,4.853104207309415e-06,4.562353648795041e-06,0.006755604799746463,0.007040916553309276,0.006619945659132518,95.4344791156992,96.9727739199166,94.74560248894423,734284.1146313644,765295.9264473517,719538.7060222939,3.1532711041874073,0.1295082051160688,60.831528644433654,2.7195937140615403,1.5382948042174007,2.2271714309723762,1.0161188578642784,1.023506858075363,1.0635912915079613,1.0635924378245194,0.03387150498501301,True,2.7348480792320315,0.9174673401588398,0.07266258801495284,0.5664354861877166,0.6327014790651816,0.034762073232419755,0.0,3.3713716197266814,0.5730398335383103,False,0.019907701563061875,0.903688161039688,-0.010825070629590927,G12D,fixed_concentration,6.341624148969347e-08,6.324555320336759e-05,0.17422044365300404,316.22776601683796,0.00144,4.3783830279284865,0.0003288885396308731
34.06417307483321,31.354601328251636,2.7403807322841307,1.6128846346677503,3.0570673335026814,0.07954315346593333,0.9195524069742137,0.9526515840814771,0.9259514622122288,0.026700121869248306,9.607047029846819e-08,3.463275996510118e-08,0.0,7.832895208760798e-08,8.493242665830929e-08,1.9213970888129971e-10,1.9517384980881175e-10,1.9077169047960853e-10,0.0007171450218081682,0.0007787460095186175,1.5387445220572375e-06,1.4470399206418691e-06,0.006786896860993581,0.007072287029947029,0.006651069584372783,95.97741190740497,97.49161777136118,95.29468033852889,737685.3075908419,768705.6480495392,722921.6219977731,3.1532711041874073,0.11464798897665893,60.831528644433654,2.4107842906791186,1.5142058639562066,2.1969374328322857,1.0157766898884193,1.0230541455727413,1.0633307831516197,1.0633319362135598,0.0330991771072634,True,2.5224022071409653,0.909517572473215,0.07266258801495284,0.5697600135346702,0.6358318836238748,0.034809519205115436,0.0,3.3713716197266814,0.5390999745459127,False,0.019907701563061875,0.9102556422906019,-0.010898291357035905,G12D,fixed_concentration,6.341624148969347e-08,0.00020000000000000004,0.17422044365300404,1000.0000000000002,0.00144,4.3783830279284865,0.0003288885396308731
34.06417307483321,26.21485767356371,34.05746865597974,26.20827049863275,31.76929920730365,0.2304272992045303,0.00019681730828280397,0.23062067465845637,0.2305787644320288,4.1910226427577246e-05,2.623905962651104e-07,2.623228819383347e-07,0.0,7.832895208760798e-08,9.646459359326224e-08,7.83042236160081e-08,9.643094858357968e-08,6.824482913466323e-08,0.0007171450218081682,0.0008886780885071976,0.000888335213776522,0.0006201135197735898,2.4079622160962164e-06,2.8042970337686063e-06,2.1605657738060623e-06,0.02813619650532585,0.03253066149684003,0.02544124657688698,261.72890350791516,304.8078191361842,234.83857221037593,8.47309935625767,8.470329735094458,60.831528644433654,51.74704186916963,0.0043944649915141805,0.00708941491995305,1.1561854670258065,1.2786583156815,1.2979456898590707,1.2979461434603152,0.00019337545392605904,True,26.209698135839385,0.0014276372066355236,0.21382128549418522,0.00015763127176482428,0.21398029344636926,3.508160158205431e-05,0.0,9.446640152844912,9.445278607892469,False,0.0671945478093835,0.06736913479414597,-9.005273489209875e-06,G12D,fixed_concentration,2.1836666412252574e-07,2.0000000000000003e-10,0.5999084179190268,0.0010000000000000002,0.00144,4.3783830279284865,0.0003288885396308731
34.06417307483321,26.21485767356371,34.04297937796639,26.19403423203218,31.756445363046442,0.2304272992045303,0.0006221697153856454,0.23103859957239137,0.2309061040327528,0.0001324955396385663,2.623905962651104e-07,2.621765863899251e-07,0.0,7.832895208760798e-08,9.646459359326224e-08,7.825078923766808e-08,9.635825769865427e-08,6.820310189342452e-08,0.0007171450218081682,0.0008886780885071976,0.0008875944934113416,0.0006196528350334632,7.610151046247459e-06,8.862783398334084e-06,6.828373589505441e-06,0.08893082465913302,0.10281865188082687,0.08041560356389535,827.1709874695829,963.3236591626894,742.1970292567813,8.47309935625767,8.464345333242845,60.831528644433654,51.71310281591927,0.01388782722169385,0.022403048316931518,1.1561643814158378,1.278590812280988,1.2979347544714508,1.2979352128737824,0.0006113003678610562,True,26.198547583026073,0.0045133509938928285,0.21382128549418522,0.0004982580519867774,0.2143239004011689,0.00011089503218053576,0.0,9.446640152844912,9.442335242975732,False,0.0671945478093835,0.06774647682528734,-2.843428679577542e-05,G12D,fixed_concentration,2.1836666412252574e-07,6.324555320336759e-10,0.5999084179190268,0.00316227766016838,0.00144,4.3783830279284865,0.0003288885396308731
34.06417307483321,26.21485767356371,33.9972147056811,26.149079835169957,31.715849908458253,0.2304272992045303,0.001965653738460249,0.23235829686148946,0.2319400126608659,0.0004182842006235643,2.623905962651104e-07,2.617150760467449e-07,0.0,7.832895208760798e-08,9.646459359326224e-08,7.808220157519993e-08,9.61289117216156e-08,6.807141767887736e-08,0.0007171450218081682,0.0008886780885071976,0.0008852580519749281,0.0006181995662177387,2.4020550288826822e-05,2.7974837829671557e-05,2.155393087841755e-05,0.28078820126999415,0.3246184610317675,0.2539301560808066,2610.868301637576,3040.6726341966864,2342.763340744204,8.47309935625767,8.44546015972749,60.831528644433654,51.60598702358306,0.04383025976177335,0.0706883049509609,1.156097227602623,1.2783769601924169,1.2978995797784343,1.297900040228043,0.0019309976569591436,True,26.163328340574463,0.014248505404506062,0.21382128549418522,0.0015735761499731105,0.2154085173232867,0.00035011975433860143,0.0,9.446640152844912,9.433034689665382,False,0.0671945478093835,0.06893821145213441,-8.99088816036786e-05,G12D,fixed_concentration,2.1836666412252574e-07,2e-09,0.5999084179190268,0.01,0.00144,4.3783830279284865,0.0003288885396308731
34.06417307483321,26.21485767356371,33.85305058534978,26.007564178756358,31.58798439204424,0.2304272992045303,0.006197787012754641,0.23651268088551125,0.23519694689489098,0.0013157339906202659,2.623905962651104e-07,2.60266746267027e-07,0.0,7.832895208760798e-08,9.646459359326224e-08,7.755286369660061e-08,9.540887631766028e-08,6.765772912550793e-08,0.0007171450218081682,0.0008886780885071976,0.0008779285306673787,0.000613639318728602,7.551356115252666e-05,8.794931061165239e-05,6.776892654815478e-05,0.8835927101267129,1.0213280030160277,0.799351184541657,8207.803587862267,9559.48552235773,7366.013796051565,8.47309935625767,8.386128572312124,60.831528644433654,51.26932983029747,0.13773529288931474,0.22197681847437067,1.1558809746965462,1.2776962401095968,1.2977822593834059,1.2977827339234609,0.006085381680980939,True,26.052383569133283,0.04481939037692584,0.21382128549418522,0.004955571098948952,0.2188188261575037,0.001101576147104627,0.0,9.446640152844912,9.403693184961703,False,0.0671945478093835,0.07269187710352454,-0.0002840002228726851,G12D,fixed_concentration,2.1836666412252574e-07,6.32455532033676e-09,0.5999084179190268,0.0316227766016838,0.00144,4.3783830279284865,0.0003288885396308731
34.06417307483321,26.21485767356371,33.402720224377134,25.566471468525062,31.188708327364623,0.2304272992045303,0.01941784551772252,0.2494615556244426,0.24537074302323325,0.004090812601209359,2.623905962651104e-07,2.55795916109238e-07,0.0,7.832895208760798e-08,9.646459359326224e-08,7.59161077436329e-08,9.318329207551677e-08,6.637633089919513e-08,0.0007171450218081682,0.0008886780885071976,0.000855329501164297,0.0005995653919666146,0.0002344127563794096,0.0002730514949989868,0.00021046817887063565,2.751419910164372,3.1783288622556216,2.491825387707895,25479.04896315685,29678.81898742348,22876.433971858278,8.47309935625767,8.202345710576322,60.831528644433654,50.22522841221497,0.42690895209124946,0.6865034745477265,1.1551595052845807,1.2755022394162243,1.2973528657119138,1.2973533822593697,0.0190342564199123,True,25.70582161698937,0.13935014846430605,0.21382128549418522,0.01546730586306666,0.22940902718407308,0.003427675049593848,0.0,9.446640152844912,9.311617022418629,False,0.0671945478093835,0.0844131674986408,-0.0008944524794693848,G12D,fixed_concentration,2.1836666412252574e-07,2.0000000000000004e-08,0.5999084179190268,0.10000000000000002,0.00144,4.3783830279284865,0.0003288885396308731
34.06417307483321,26.21485767356371,32.033813151581256,24.235228593496533,29.975967787020792,0.2304272992045303,0.05960396921397726,0.2885419957133306,0.27629688677066083,0.01224510894266978,2.623905962651104e-07,2.426949070833373e-07,0.0,7.832895208760798e-08,9.646459359326224e-08,7.109104985664681e-08,8.663350183763018e-08,6.257731849747125e-08,0.0007171450218081682,0.0008886780885071976,0.0007893255575913238,0.0005583117540106147,0.0006998673932461902,0.0008152814776688392,0.0006293235810295137,8.29277234151716,9.55782156862962,7.536326899292119,76070.73899562699,88615.47302006283,68403.09782882973,8.47309935625767,7.658050759692609,60.831528644433654,47.12094867492698,1.2650492271124598,2.0214946693375015,1.1525484090259035,1.268233410831393,1.2954885248938488,1.2954891786014144,0.0581146965088003,True,24.652348103839824,0.41711951034329076,0.21382128549418522,0.04692736741751469,0.26100503501899164,0.01029045213336266,0.0,9.446640152844912,9.02789157919626,False,0.0671945478093835,0.12001481083457743,-0.0027786444298057017,G12D,fixed_concentration,2.1836666412252574e-07,6.32455532033676e-08,0.5999084179190268,0.316227766016838,0.00144,4.3783830279284865,0.0003288885396308731
34.06417307483321,26.21485767356371,28.231145927305406,20.625738399233033,26.608465967270014,0.2304272992045303,0.17123642293366792,0.39450347572149236,0.36220617567614843,0.032297300045343924,2.623905962651104e-07,2.0998410107134247e-07,0.0,7.832895208760798e-08,9.646459359326224e-08,5.8757452142423005e-08,7.00447859868277e-08,5.268461705873383e-08,0.0007171450218081682,0.0008886780885071976,0.0006257503670920689,0.0004544978258214296,0.0018666417237967379,0.00216981304506559,0.0016865589538758434,22.70753896231322,25.93821053106056,20.849948031171035,202890.90042222495,235843.6021894895,183317.09038089353,8.47309935625767,6.257141867340213,60.831528644433654,39.03573617309237,3.23067156874734,5.088262499889524,1.1422730827021437,1.2440419751781866,1.2865325816682491,1.2865336325132435,0.16407617651696205,True,21.725919217827446,1.1001808185944135,0.21382128549418522,0.1304023802096156,0.3438550662012011,0.027514205065321817,0.0,9.446640152844912,8.211246344259166,False,0.0671945478093835,0.21887239391322577,-0.00805242282230148,G12D,fixed_concentration,2.1836666412252574e-07,2.0000000000000002e-07,0.5999084179190268,1.0000000000000002,0.00144,4.3783830279284865,0.0003288885396308731
34.06417307483321,26.21485767356371,20.25092898617926,13.570505278642928,19.511384449522353,0.2304272992045303,0.4055065143753407,0.6016194126060002,0.5424940426625182,0.05912536994348194,2.623905962651104e-07,1.5644708727832322e-07,0.0,7.832895208760798e-08,9.646459359326224e-08,3.686277764672289e-08,4.1787625148522356e-08,3.422075184311922e-08,0.0007171450218081682,0.0008886780885071976,0.0003603897827051359,0.00027678889510958203,0.003834262575628929,0.004402303207884158,0.0035030008495631716,49.214274547686806,54.652946285008774,46.20233192214185,416756.9669667347,478499.3307262601,380750.91300704185,8.47309935625767,3.805649071755422,60.831528644433654,24.451019728916936,5.438671737321968,8.450614362866922,1.1105100458618382,1.182904498783904,1.256723419988074,1.2567253665847689,0.19611289823065947,True,15.584562113511236,2.014056834868308,0.21382128549418522,0.28769218507590877,0.49388357169357655,0.05388481396304445,0.0,9.446640152844912,6.368644451321635,False,0.0671945478093835,0.42721684725300235,-0.018236388064511555,G12D,fixed_concentration,2.1836666412252574e-07,6.324555320336759e-07,0.5999084179190268,3.16227766016838,0.00144,4.3783830279284865,0.0003288885396308731
34.06417307483321,26.21485767356371,11.107295640023725,6.3951333459871895,11.321821356309615,0.2304272992045303,0.6739302722651485,0.812262187256442,0.7490656389794468,0.06319654827699517,2.623905962651104e-07,1.1321873665320765e-07,0.0,7.832895208760798e-08,9.646459359326224e-08,1.6252522694803703e-08,1.745648308987638e-08,1.5541422282614808e-08,0.0007171450218081682,0.0008886780885071976,0.0001462575519662759,0.00011866036001676407,0.005542451031197362,0.006239377131152385,0.005123546385908867,75.15520572130266,80.27572439382828,72.10396722837112,602423.9839680741,678175.7061672629,556891.5346168019,8.47309935625767,1.6546244685219915,60.831528644433654,10.995094574869407,5.12051867252562,8.171757165457166,1.068132588067339,1.1133329756957089,1.2177848429970992,1.217787780943585,0.1383319149912935,True,8.547871504226805,2.1527381582396155,0.21382128549418522,0.44341292861763526,0.6317832607197584,0.0693601690097021,0.0,9.446640152844912,3.9712133054677903,False,0.0671945478093835,0.6676325789139959,-0.02820780126062472,G12D,fixed_concentration,2.1836666412252574e-07,2.0000000000000003e-06,0.5999084179190268,10.000000000000002,0.00144,4.3783830279284865,0.0003288885396308731
34.06417307483321,26.21485767356371,5.782891756670334,2.6033427849077784,6.541139638824776,0.2304272992045303,0.8302353694608613,0.9235753417765734,0.86935377477645,0.05422156700012337,2.623905962651104e-07,9.389733019902205e-08,0.0,7.832895208760798e-08,9.646459359326224e-08,5.770587842827853e-09,6.034155253316173e-09,5.586796207825237e-09,0.0007171450218081682,0.0008886780885071976,4.9961781671978994e-05,4.160802243422085e-05,0.006361609339301708,0.0070775895096718226,0.005915717445490925,88.68208603873136,92.61407519658958,85.93425356843129,691459.9892432994,769283.0640120513,642994.0776234665,8.47309935625767,0.644199741437975,60.831528644433654,4.368521055357432,3.931989157858226,6.679821628158294,1.0443380318787376,1.0777317699378048,1.1964042527194227,1.1964076976499602,0.09333997231571212,True,4.450355627588645,1.8470128426808667,0.21382128549418522,0.5252509683726172,0.6997350215849201,0.07297260498261626,0.0,9.446640152844912,2.300049310020363,False,0.0671945478093835,0.8079759745097876,-0.03366665253417811,G12D,fixed_concentration,2.1836666412252574e-07,6.324555320336759e-06,0.5999084179190268,31.622776601683796,0.00144,4.3783830279284865,0.0003288885396308731
34.06417307483321,26.21485767356371,3.6844130053520696,1.1738879784766094,4.658066982743728,0.2304272992045303,0.8918390592585929,0.9655389263112956,0.9167622927130565,0.04877663359823903,2.623905962651104e-07,8.714969785333254e-08,0.0,7.832895208760798e-08,9.646459359326224e-08,1.8926662362347153e-09,1.9603762222297223e-09,1.8397631416876898e-09,0.0007171450218081682,0.0008886780885071976,1.6169456641606168e-05,1.3590210358823463e-05,0.006657926418355632,0.007373767303390299,0.006204495450156689,93.74594417000928,97.06729861594798,91.14937490074264,723667.2663885249,801475.3340168073,674381.8573598192,8.47309935625767,0.28542961003118794,60.831528644433654,1.9524071415504454,3.321354445938695,5.917923715205333,1.0354293135062502,1.0649255545816927,1.188455590406482,1.1884592167923296,0.0736998670527027,True,2.8354236673747475,1.661535688898138,0.21382128549418522,0.5561094161614912,0.7245979936448552,0.07357532222824958,0.0,9.446640152844912,1.5359129420215978,False,0.0671945478093835,0.8632561262382402,-0.03585075852410902,G12D,fixed_concentration,2.1836666412252574e-07,2e-05,0.5999084179190268,100.00000000000001,0.00144,4.3783830279284865,0.0003288885396308731
34.06417307483321,26.21485767356371,2.971185547187749,0.695687373095135,4.018486885283199,0.2304272992045303,0.9127768186046801,0.9795771536397837,0.9328754207216303,0.04670173291815338,2.623905962651104e-07,8.4954259390657e-08,0.0,7.832895208760798e-08,9.646459359326224e-08,6.054091800353118e-10,6.25128875908812e-10,5.892312636408591e-10,0.0007171450218081682,0.0008886780885071976,5.149916867891705e-06,4.341388024483417e-06,0.006755604799746463,0.007470595442630032,0.006299929764979899,95.4344791156992,98.53349845396087,92.89163580885169,734284.1146313644,811999.8129174771,684754.7736702928,8.47309935625767,0.16817482324593513,60.831528644433654,1.153903165906645,3.0990193382616695,5.641862645109185,1.032472743257755,1.0607359596586152,1.1858220204545198,1.185825705989824,0.06680033503510363,True,2.2865432861137474,1.5908559130186124,0.21382128549418522,0.5664354861877166,0.7328294471402432,0.07368863926452285,0.0,9.446640152844912,1.2560486949256233,False,0.0671945478093835,0.8820318674269513,-0.036605873410083145,G12D,fixed_concentration,2.1836666412252574e-07,6.324555320336759e-05,0.5999084179190268,316.22776601683796,0.00144,4.3783830279284865,0.0003288885396308731
34.06417307483321,26.21485767356371,2.7403807322841307,0.5417610577994674,3.8115759562975233,0.2304272992045303,0.9195524069742137,0.9840958693871913,0.9380897285626508,0.046006140824540465,2.623905962651104e-07,8.425401731021634e-08,0.0,7.832895208760798e-08,9.646459359326224e-08,1.9213970888129971e-10,1.9820242299248215e-10,1.8707978535041076e-10,0.0007171450218081682,0.0008886780885071976,1.632201436837498e-06,1.3772594829429574e-06,0.006786896860993581,0.007501531758169435,0.00633052738208328,95.97741190740497,99.0030220122331,93.45213771230864,737685.3075908419,815362.3538086297,688080.4797613454,8.47309935625767,0.13073269376300378,60.831528644433654,0.897865921098323,3.0256101048281323,5.550884299924462,1.031524189334748,1.0593981522072058,1.1849773810947162,1.184981085484987,0.06454346241297759,True,2.1089222013517652,1.5671611435522979,0.21382128549418522,0.5697600135346702,0.7354702887102669,0.07371580819857904,0.0,9.446640152844912,1.1628798925240833,False,0.0671945478093835,0.8881060183693836,-0.036852028240551116,G12D,fixed_concentration,2.1836666412252574e-07,0.00020000000000000004,0.5999084179190268,1000.0000000000002,0.00144,4.3783830279284865,0.0003288885396308731
34.06417307483321,16.782198038698283,34.05746865597974,16.777036930630423,26.978546670139007,0.5073358157900782,0.00019681730828280397,0.507487327117141,0.5074327806287018,5.454648843916665e-05,5.252736295183172e-07,5.251222678154922e-07,0.0,7.832895208760798e-08,1.1523699108142837e-07,7.83042236160081e-08,1.1519320224874583e-07,5.183209725034588e-08,0.0007171450218081682,0.0010731921775822167,0.001072756509998004,0.0004654851613054842,2.4079622160962164e-06,3.1835504641977815e-06,1.7253631388452698e-06,0.02813619650532585,0.03654685488138353,0.020582005311053433,261.72890350791516,346.0301362718021,187.5349947821258,16.593016888922847,16.58701925022902,60.831528644433654,42.36090116894252,0.008410658376057683,0.0159648495703301,1.2989266290653623,1.775670267743847,1.8451480691354225,1.8451496835234011,0.00015151132706270332,True,16.778895011653237,0.0018580810228137068,0.48400081356720126,0.00015763127176482428,0.4841295264538389,4.7375278650618746e-05,0.0,19.979448780444983,19.976304953720042,False,0.20787923413752374,0.2080081729601444,-2.6964254351308226e-05,G12D,fixed_concentration,7.519209413845452e-07,2.0000000000000003e-10,2.065716871935564,0.0010000000000000002,0.00144,4.3783830279284865,0.0003288885396308731
34.06417307483321,16.782198038698283,34.04297937796639,16.765883693511597,26.96905355911693,0.5073358157900782,0.0006221697153856454,0.507814745519294,0.5076423365253488,0.00017240899394510567,5.252736295183172e-07,5.247952519136011e-07,0.0,7.832895208760798e-08,1.1523699108142837e-07,7.825078923766808e-08,1.1509859443489005e-07,5.180706179600453e-08,0.0007171450218081682,0.0010731921775822167,0.0010718153007496663,0.0004651783022941499,7.610151046247459e-06,1.0061463739720756e-05,5.4531054661603015e-06,0.08893082465913302,0.11551105598083143,0.06506104629799246,827.1709874695829,1093.6122349328443,592.7147035052832,16.593016888922847,16.574060342483993,60.831528644433654,42.32924547244349,0.026580231321698414,0.05045000968283897,1.298886594424138,1.775425735574063,1.8450887851258342,1.8450904431175401,0.00047892972921570465,True,16.771756663321,0.005872969809402662,0.48400081356720126,0.0004982580519867774,0.48440765342775516,0.00014973911109511517,0.0,19.979448780444983,19.969509098774264,False,0.20787923413752374,0.2082868561091885,-8.521157978294558e-05,G12D,fixed_concentration,7.519209413845452e-07,6.324555320336759e-10,2.065716871935564,0.00316227766016838,0.00144,4.3783830279284865,0.0003288885396308731
34.06417307483321,16.782198038698283,33.9972147056811,16.730672204971743,26.939069986677485,0.5073358157900782,0.001965653738460249,0.5088484265208113,0.508304222985576,0.0005442035352353214,5.252736295183172e-07,5.237635738542886e-07,0.0,7.832895208760798e-08,1.1523699108142837e-07,7.808220157519993e-08,1.1480010251133035e-07,5.172802702415511e-08,0.0007171450218081682,0.0010731921775822167,0.0010688463359204944,0.0004642100528256051,2.4020550288826822e-05,3.175915038491248e-05,1.72145674835187e-05,0.28078820126999415,0.3646761915510325,0.2054917204289395,2610.868301637576,3452.002239476183,1871.1039415425844,16.593016888922847,16.533166853202232,60.831528644433654,42.22934080768976,0.08388799028103833,0.15918447112209297,1.298758957469068,1.7746515080501264,1.8448996999383704,1.8449013776488905,0.001512610730733055,True,16.749210048383937,0.018537843412193666,0.48400081356720126,0.0015735761499731105,0.4852854847410758,0.00047270716069836016,0.0,19.979448780444983,19.948034002863675,False,0.20787923413752374,0.20916706454323963,-0.0002692047390136787,G12D,fixed_concentration,7.519209413845452e-07,2e-09,2.065716871935564,0.01,0.00144,4.3783830279284865,0.0003288885396308731
34.06417307483321,16.782198038698283,33.85305058534978,16.61990491226348,26.8446208609302,0.5073358157900782,0.006197787012754641,0.5121001506259268,0.5103892434726238,0.0017109071533030207,5.252736295183172e-07,5.205254010498703e-07,0.0,7.832895208760798e-08,1.1523699108142837e-07,7.755286369660061e-08,1.1386300199798769e-07,5.147939482279256e-08,0.0007171450218081682,0.0010731921775822167,0.0010595312710024553,0.0004611691018393958,7.551356115252666e-05,9.985372594954781e-05,5.414221144618075e-05,0.8835927101267129,1.1472088941816325,0.647337864929785,8207.803587862267,10853.4163377198,5884.882190496414,16.593016888922847,16.404709488069702,60.831528644433654,41.91540394394697,0.2636161840549196,0.49987102925184757,1.2983458114057045,1.7721949484695558,1.8442860622493393,1.8442877845961212,0.004764334835848594,True,16.678185549648564,0.05828063738508504,0.48400081356720126,0.004955571098948952,0.4880446252938071,0.0014867410712383067,0.0,19.979448780444983,19.880278531436737,False,0.20787923413752374,0.21193974672577187,-0.0008488832069475927,G12D,fixed_concentration,7.519209413845452e-07,6.32455532033676e-09,2.065716871935564,0.0316227766016838,0.00144,4.3783830279284865,0.0003288885396308731
34.06417307483321,16.782198038698283,33.402720224377134,16.2754279985063,26.549589062365154,0.5073358157900782,0.01941784551772252,0.5222127376246021,0.5169022928111813,0.0053104448134208004,5.252736295183172e-07,5.105251261295787e-07,0.0,7.832895208760798e-08,1.1523699108142837e-07,7.59161077436329e-08,1.1096686952058555e-07,5.0705958622612346e-08,0.0007171450218081682,0.0010731921775822167,0.001030799177868001,0.00045175848762406197,0.0002344127563794096,0.00031006593210839296,0.00016831338541201807,2.751419910164372,3.568446685618722,2.0225269737889455,25479.04896315685,33702.04252047187,18294.493275451583,16.593016888922847,16.006997995632606,60.831528644433654,40.942373571025456,0.8170267754543499,1.5459197118297765,1.296947322521025,1.7643506029161597,1.8421941389235068,1.8421960101892991,0.014876921834523826,True,16.456323909735016,0.18089591122871695,0.48400081356720126,0.01546730586306666,0.49660268530230545,0.00462075449345456,0.0,19.979448780444983,19.667606642545852,False,0.20787923413752374,0.2206008053082571,-0.002659707492164265,G12D,fixed_concentration,7.519209413845452e-07,2.0000000000000004e-08,2.065716871935564,0.10000000000000002,0.00144,4.3783830279284865,0.0003288885396308731
34.06417307483321,16.782198038698283,32.033813151581256,15.243452232659209,25.652341031775723,0.5073358157900782,0.05960396921397726,0.5525077858437388,0.5367005566585556,0.01580722918518318,5.252736295183172e-07,4.811943969075327e-07,0.0,7.832895208760798e-08,1.1523699108142837e-07,7.109104985664681e-08,1.024521153839485e-07,4.8381447903158557e-08,0.0007171450218081682,0.0010731921775822167,0.0009468299291837089,0.00042394059695679057,0.0006998673932461902,0.0009259546916131986,0.0005048067816616383,8.29277234151716,10.711845581208564,6.1597015554490095,76070.73899562699,100644.9191244489,54868.96258275251,16.593016888922847,14.831489913980219,60.831528644433654,38.05676950978123,2.4190732396914036,4.552144025759555,1.29170862771434,1.73902022440237,1.8342754599399322,1.8342777845062737,0.04517197005366058,True,15.781912423456841,0.5384601907976325,0.48400081356720126,0.04692736741751469,0.5220339970811627,0.013818700105090898,0.0,19.979448780444983,19.012046355458196,False,0.20787923413752374,0.2469407381349935,-0.008152037744749374,G12D,fixed_concentration,7.519209413845452e-07,6.32455532033676e-08,2.065716871935564,0.316227766016838,0.00144,4.3783830279284865,0.0003288885396308731
34.06417307483321,16.782198038698283,28.231145927305406,12.5153987474057,23.149539795068005,0.5073358157900782,0.17123642293366792,0.6325934958141655,0.5916978684017189,0.04089562741244657,5.252736295183172e-07,4.0803795485983197e-07,0.0,7.832895208760798e-08,1.1523699108142837e-07,5.8757452142423005e-08,8.104876565024059e-08,4.206540247882774e-08,0.0007171450218081682,0.0010731921775822167,0.0007392563014947616,0.00035221323367886704,0.0018666417237967379,0.002458637094876332,0.0013646063483027774,22.70753896231322,28.83797241701541,17.377695887419975,202890.90042222495,267236.889860913,148322.99729832914,16.593016888922847,11.835831957340462,60.831528644433654,30.633385455479157,6.130433454702192,11.460276529595436,1.2699734861129877,1.6594819361461917,1.8017189337674195,1.80172255637072,0.12525768002408721,True,13.908474477587172,1.3930757301814722,0.48400081356720126,0.1304023802096156,0.5877406313235055,0.03645229565924213,0.0,19.979448780444983,17.129487910770433,False,0.20787923413752374,0.3204138628519648,-0.023105297763326815,G12D,fixed_concentration,7.519209413845452e-07,2.0000000000000002e-07,2.065716871935564,1.0000000000000002,0.00144,4.3783830279284865,0.0003288885396308731
34.06417307483321,16.782198038698283,20.25092898617926,7.578406090798774,17.821240190124986,0.5073358157900782,0.4055065143753407,0.7775256110239253,0.7071143518866143,0.07041125913731094,5.252736295183172e-07,2.904907861313287e-07,0.0,7.832895208760798e-08,1.1523699108142837e-07,3.686277764672289e-08,4.5974206351062584e-08,2.8975919363277153e-08,0.0007171450218081682,0.0010731921775822167,0.0004106424204858861,0.00022258569461787225,0.003834262575628929,0.004916624097559783,0.0028855548245831433,49.214274547686806,59.10506064444509,40.017206319834095,416756.9669667347,534402.8067308167,313638.5605642566,16.593016888922847,6.804617556240886,60.831528644433654,17.90538131947443,9.890786096758283,19.087854324610994,1.2009739285534826,1.4769911765467323,1.7038747819563798,1.7038810717961164,0.270189795233847,True,9.976907408469065,2.3985013176702914,0.48400081356720126,0.28769218507590877,0.7010162339434584,0.06856648693401401,0.0,19.979448780444983,12.985415692254692,False,0.20787923413752374,0.476833324238497,-0.05225604062824485,G12D,fixed_concentration,7.519209413845452e-07,6.324555320336759e-07,2.065716871935564,3.16227766016838,0.00144,4.3783830279284865,0.0003288885396308731
34.06417307483321,16.782198038698283,11.107295640023725,3.1923843340649154,11.611775347991234,0.5073358157900782,0.6739302722651485,0.9062832282159973,0.839357123589958,0.06692610462603932,5.252736295183172e-07,1.998976381282897e-07,0.0,7.832895208760798e-08,1.1523699108142837e-07,1.6252522694803703e-08,1.8238706614043212e-08,1.3847373606796531e-08,0.0007171450218081682,0.0010731921775822167,0.00016067934671644,9.871121727424254e-05,0.005542451031197362,0.00681454388318672,0.004301350119498894,75.15520572130266,83.57227731251025,64.75328925729988,602423.9839680741,740693.1137848994,467523.9752222801,16.593016888922847,2.7321481787063226,60.831528644433654,7.307385813575534,8.417071591207588,18.81898805521037,1.1119958559147658,1.290625978557357,1.5842802129254738,1.5842890483482552,0.23235295595084882,True,5.472166745270712,2.279782411205797,0.48400081356720126,0.44341292861763526,0.796082455792418,0.08328093180473228,0.0,19.979448780444983,7.97637622122485,False,0.20787923413752374,0.6591205862393273,-0.08259281130277296,G12D,fixed_concentration,7.519209413845452e-07,2.0000000000000003e-06,2.065716871935564,10.000000000000002,0.00144,4.3783830279284865,0.0003288885396308731
34.06417307483321,16.782198038698283,5.782891756670334,1.124268056953089,7.966602386875582,0.5073358157900782,0.8302353694608613,0.9669955864044237,0.9163630467877364,0.050632539616687344,5.252736295183172e-07,1.6100270758484e-07,0.0,7.832895208760798e-08,1.1523699108142837e-07,5.770587842827853e-09,6.153315213578339e-09,5.092549120700594e-09,0.0007171450218081682,0.0010731921775822167,5.39669328926216e-05,3.5182430120177725e-05,0.006361609339301708,0.007632885726656905,0.005017050389267958,88.68208603873136,94.3884391733791,78.52048959711829,691459.9892432994,829640.9616302287,545314.4898875143,16.593016888922847,0.9391629891441069,60.831528644433654,2.534570497458793,5.706353134647742,15.867949576260813,1.064346176206946,1.2020867375850286,1.521389090088574,1.5213990770745234,0.13676021694356244,True,2.8490236496742747,1.7247555927211857,0.48400081356720126,0.5252509683726172,0.8394290767456294,0.08439919082511782,0.0,19.979448780444983,4.799216214871936,False,0.20787923413752374,0.7661295822630331,-0.09939632857794412,G12D,fixed_concentration,7.519209413845452e-07,6.324555320336759e-06,2.065716871935564,31.622776601683796,0.00144,4.3783830279284865,0.0003288885396308731
34.06417307483321,16.782198038698283,3.6844130053520696,0.38548685198421206,6.528249428393662,0.5073358157900782,0.8918390592585929,0.9886835106451178,0.9467129783662571,0.04197053227886072,5.252736295183172e-07,1.476472565224078e-07,0.0,7.832895208760798e-08,1.1523699108142837e-07,1.8926662362347153e-09,1.982339127634518e-09,1.690130909676372e-09,0.0007171450218081682,0.0010731921775822167,1.7363789672090884e-05,1.1558760701955073e-05,0.006657926418355632,0.007914768100519574,0.005282031655269559,93.74594417000928,98.14417177996509,83.79788805657424,723667.2663885249,860279.5331971305,574115.6541612479,16.593016888922847,0.3191139635846681,60.831528644433654,0.864551409142701,4.398227609955811,14.346283723390854,1.0469164575480683,1.1712010177834706,1.4984325382873267,1.4984429129596766,0.09684445138652498,True,1.8151783275741988,1.4296914755899868,0.48400081356720126,0.5561094161614912,0.8547254005996454,0.08377258072549609,0.0,19.979448780444983,3.446590254306659,False,0.20787923413752374,0.8083543841192855,-0.10596908866422505,G12D,fixed_concentration,7.519209413845452e-07,2e-05,2.065716871935564,100.00000000000001,0.00144,4.3783830279284865,0.0003288885396308731
34.06417307483321,16.782198038698283,2.971185547187749,0.1431232204768682,6.0395851947281445,0.5073358157900782,0.9127768186046801,0.9957984237526492,0.9570282624936807,0.03877016125896848,5.252736295183172e-07,1.4332597049731064e-07,0.0,7.832895208760798e-08,1.1523699108142837e-07,6.054091800353118e-10,6.304155950785756e-10,5.426672774948875e-10,0.0007171450218081682,0.0010731921775822167,5.519863504777015e-06,3.699513438783821e-06,0.006755604799746463,0.008006115126143038,0.005370084890764833,95.4344791156992,99.3642438148678,85.57051188426331,734284.1146313644,870208.292354296,583686.2726773072,16.593016888922847,0.11814302100347154,60.831528644433654,0.3205142723936319,3.929764699168601,13.793731930604494,1.0411776198244282,1.161197258575021,1.4908731033119234,1.490883601498357,0.08302160514796908,True,1.4637967037415631,1.320673483264695,0.48400081356720126,0.5664354861877166,0.8597240794529724,0.0834430158462427,0.0,19.979448780444983,2.9689449296124835,False,0.20787923413752374,0.8226997854473026,-0.10820892130487492,G12D,fixed_concentration,7.519209413845452e-07,6.324555320336759e-05,2.065716871935564,316.22776601683796,0.00144,4.3783830279284865,0.0003288885396308731
34.06417307483321,16.782198038698283,2.7403807322841307,0.065608156325591,5.881494535107229,0.5073358157900782,0.9195524069742137,0.9980739835902823,0.9603663522102991,0.03770763137998323,5.252736295183172e-07,1.4195009763673026e-07,0.0,7.832895208760798e-08,1.1523699108142837e-07,1.9213970888129971e-10,1.9970574955846954e-10,1.7243314808891225e-10,0.0007171450218081682,0.0010731921775822167,1.748399601152288e-06,1.1743494477173184e-06,0.006786896860993581,0.008035217446107462,0.00539836683096763,95.97741190740497,99.75325811476954,86.14175994798714,737685.3075908419,873371.5033917107,586760.2724360124,16.593016888922847,0.05412662564388537,60.831528644433654,0.14687819725858248,3.775846207364566,13.611498166782397,1.0393409879712878,1.158012770751388,1.4884533966853806,1.488463933943234,0.07852157661606862,True,1.3500874378953525,1.2844792815697614,0.48400081356720126,0.5697600135346702,0.8613208926853704,0.08332437567233897,0.0,19.979448780444983,2.8121675555831898,False,0.20787923413752374,0.827340751170252,-0.10893503983036945,G12D,fixed_concentration,7.519209413845452e-07,0.00020000000000000004,2.065716871935564,1000.0000000000002,0.00144,4.3783830279284865,0.0003288885396308731
34.06417307483321,7.575856574181102,34.05746865597974,7.573137570602535,17.479835563226512,0.777600455542008,0.00019681730828280397,0.7776802755796938,0.7776442276217115,3.6047957982288104e-05,7.439599086092866e-07,7.437289040525944e-07,0.0,7.832895208760798e-08,1.3161125142090161e-07,7.83042236160081e-08,1.3155788865030442e-07,2.860465061423321e-08,0.0007171450218081682,0.0012392027039345903,0.001238677758477841,0.00025686294005310015,2.4079622160962164e-06,3.4899553343487823e-06,1.0435184749711465e-06,0.02813619650532585,0.0396787086489359,0.01251271492625743,261.72890350791516,379.3343416863938,113.42319997261576,23.16276901652894,23.153854991577376,60.831528644433654,34.174550540763164,0.011542512143610049,0.02716599372267847,1.4102371172103945,3.171071097102334,3.3444116400960513,3.3444157965740526,7.982003768580714e-05,True,7.574365514482237,0.0012279438797015985,0.7609901483601798,0.00015763127176482428,0.7610600777689116,3.225398185358053e-05,0.0,30.801844939671167,30.797156713405275,False,0.48680006798532405,0.48685572008965905,-4.5354524895069304e-05,G12D,fixed_concentration,2.5891548252776464e-06,2.0000000000000003e-10,7.113062706806722,0.0010000000000000002,0.00144,4.3783830279284865,0.0003288885396308731
34.06417307483321,7.575856574181102,34.04297937796639,7.567262141053733,17.475737752197666,0.777600455542008,0.0006221697153856454,0.7778527567826249,0.7777388258032852,0.00011393097933964924,7.439599086092866e-07,7.43229790967442e-07,0.0,7.832895208760798e-08,1.3161125142090161e-07,7.825078923766808e-08,1.3144259618318603e-07,2.8596487580178522e-08,0.0007171450218081682,0.0012392027039345903,0.0012375436668180678,0.0002567252081402698,7.610151046247459e-06,1.1029917921358085e-05,3.2982985498671114e-06,0.08893082465913302,0.125408740505863,0.039558799533234795,827.1709874695829,1198.8768458014972,358.5021082239627,23.16276901652894,23.134594381379248,60.831528644433654,34.146472373222544,0.03647791584672999,0.08584994097262821,1.410183038182181,3.1701856978875846,3.3441235699547214,3.344127742346601,0.0002523012406169256,True,7.571143105652544,0.003880964598811154,0.7609901483601798,0.0004982580519867774,0.7612111799981156,0.00010194305485211608,0.0,30.801844939671167,30.787020935086375,False,0.48680006798532405,0.4869760168900493,-0.00014334855091224785,G12D,fixed_concentration,2.5891548252776464e-06,6.324555320336759e-10,7.113062706806722,0.00316227766016838,0.00144,4.3783830279284865,0.0003288885396308731
34.06417307483321,7.575856574181102,33.9972147056811,7.548716932992985,17.46279195216082,0.777600455542008,0.001965653738460249,0.7783971765171068,0.7780376160380037,0.00035956047910312705,7.439599086092866e-07,7.416550371317273e-07,0.0,7.832895208760798e-08,1.3161125142090161e-07,7.808220157519993e-08,1.3107884030333481e-07,2.8570689802122895e-08,0.0007171450218081682,0.0012392027039345903,0.001233966082295313,0.0002562903587491459,2.4020550288826822e-05,3.4816830860695044e-05,1.0414192224330954e-05,0.28078820126999415,0.39591427932723233,0.12499716111177159,2610.868301637576,3784.3520160320722,1131.950225696001,23.16276901652894,23.07381349805424,60.831528644433654,34.057862544904815,0.11512607805723818,0.2709171182154607,1.4100103834011806,3.1673861694603493,3.343209930324846,3.3432141538778275,0.0007967209750988635,True,7.560965063384025,0.01224813039103978,0.7609901483601798,0.0015735761499731105,0.7616880280329994,0.0003217794706705801,0.0,30.801844939671167,30.754990256242234,False,0.48680006798532405,0.4873560584078166,-0.0004527829424496588,G12D,fixed_concentration,2.5891548252776464e-06,2e-09,7.113062706806722,0.01,0.00144,4.3783830279284865,0.0003288885396308731
34.06417307483321,7.575856574181102,33.85305058534978,7.49041627727393,17.42198000578104,0.777600455542008,0.006197787012754641,0.7801086713357533,0.7789788405502922,0.001129830785461139,7.439599086092866e-07,7.367108370380616e-07,0.0,7.832895208760798e-08,1.3161125142090161e-07,7.755286369660061e-08,1.2993682750899154e-07,2.8489267732683926e-08,0.0007171450218081682,0.0012392027039345903,0.001222739783876369,0.00025492214200128024,7.551356115252666e-05,0.00010947428378394516,3.277383652371504e-05,0.8835927101267129,1.2453787894794996,0.39428970699052496,8207.803587862267,11899.10779979405,3562.2877767100877,23.16276901652894,22.8828692323741,60.831528644433654,33.77946025742141,0.3617860793527867,0.8510890824889747,1.4094489182701657,3.1585374089144733,3.3402950461637264,3.340299421509214,0.002508215793745383,True,7.5289030286951535,0.03848675142122371,0.7609901483601798,0.004955571098948952,0.7631861990506984,0.0010116203773682386,0.0,30.801844939671167,30.65390853728663,False,0.48680006798532405,0.4885541484448218,-0.0014266234140893341,G12D,fixed_concentration,2.5891548252776464e-06,6.32455532033676e-09,7.113062706806722,0.0316227766016838,0.00144,4.3783830279284865,0.0003288885396308731
34.06417307483321,7.575856574181102,33.402720224377134,7.30948844430284,17.29418546956385,0.777600455542008,0.01941784551772252,0.7854200532552152,0.7819189755395051,0.003501077715710177,7.439599086092866e-07,7.214285866926143e-07,0.0,7.832895208760798e-08,1.3161125142090161e-07,7.59161077436329e-08,1.2640742249126566e-07,2.823330936406767e-08,0.0007171450218081682,0.0012392027039345903,0.0011880981250870656,0.0002506637561052217,0.0002344127563794096,0.0003399942237031314,0.00010207481915805793,2.751419910164372,3.872688357321765,1.2370370458956583,25479.04896315685,36955.05154536414,11094.819977047953,23.16276901652894,22.291579965265452,60.831528644433654,32.91702613995495,1.121268447157393,2.635651311426107,1.4075235637480021,3.130616314338268,3.330833466152576,3.3308383211096437,0.007819597713207282,True,7.428749761559233,0.11926131725639344,0.7609901483601798,0.01546730586306666,0.7678268662372675,0.0031398793974884986,0.0,30.801844939671167,30.33643276853343,False,0.48680006798532405,0.4923057303762678,-0.0044595746086229515,G12D,fixed_concentration,2.5891548252776464e-06,2.0000000000000004e-08,7.113062706806722,0.10000000000000002,0.00144,4.3783830279284865,0.0003288885396308731
34.06417307483321,7.575856574181102,32.033813151581256,6.771212458345786,16.902780839728965,0.777600455542008,0.05960396921397726,0.8012218748574762,0.7908563511430847,0.010365523714391478,7.439599086092866e-07,6.765091522703877e-07,0.0,7.832895208760798e-08,1.3161125142090161e-07,7.109104985664681e-08,1.1603651554426487e-07,2.7437371519890524e-08,0.0007171450218081682,0.0012392027039345903,0.001086780111128712,0.0002378585294611654,0.0006998673932461902,0.0010154709493791203,0.00030782245304452883,8.29277234151716,11.610673538849616,3.8148772578360335,76070.73899562699,110374.75166872886,33458.132572931216,23.16276901652894,20.54384653397115,60.831528644433654,30.365006102311668,3.3179011973324553,7.795796281013582,1.4000955362926852,3.0435247988648793,3.2988852480888546,3.298891575258622,0.02362141931546824,True,7.124305452164104,0.3530929938183185,0.7609901483601798,0.04692736741751469,0.7815549967921842,0.009348745307696915,0.0,30.801844939671167,29.356487699040578,False,0.48680006798532405,0.5037959441259172,-0.013592876807824839,G12D,fixed_concentration,2.5891548252776464e-06,6.32455532033676e-08,7.113062706806722,0.316227766016838,0.00144,4.3783830279284865,0.0003288885396308731
34.06417307483321,7.575856574181102,28.231145927305406,5.381465505049363,15.793017140558032,0.777600455542008,0.17123642293366792,0.8420197815098227,0.8156833579970717,0.026336423512751006,7.439599086092866e-07,5.642587039481193e-07,0.0,7.832895208760798e-08,1.3161125142090161e-07,5.8757452142423005e-08,9.012205051292938e-08,2.5031144375815476e-08,0.0007171450218081682,0.0012392027039345903,0.000836804506608091,0.00020330899652692969,0.0018666417237967379,0.0026902097603444383,0.0008437182291173395,22.70753896231322,31.063495634710627,11.123403315854949,202890.90042222495,292407.3475006265,91706.08391566754,23.16276901652894,16.10973369744004,60.831528644433654,23.870717881736958,8.355956672397408,19.940092318855676,1.367981606737104,2.7926251303352183,3.1885168146228344,3.188527249397356,0.06441932596781474,True,6.278593993759822,0.8971284887104591,0.7609901483601798,0.1304023802096156,0.816452957720924,0.024295355813364616,0.0,30.801844939671167,26.546450188444357,False,0.48680006798532405,0.5363745626273253,-0.03830402596599347,G12D,fixed_concentration,2.5891548252776464e-06,2.0000000000000002e-07,7.113062706806722,1.0000000000000002,0.00144,4.3783830279284865,0.0003288885396308731
34.06417307483321,7.575856574181102,20.25092898617926,3.0382315425037385,13.385659978502398,0.777600455542008,0.4055065143753407,0.9108085924813364,0.8677849196138319,0.043023672867504525,7.439599086092866e-07,3.86518077891377e-07,0.0,7.832895208760798e-08,1.3161125142090161e-07,3.686277764672289e-08,4.9027421954539115e-08,1.8768139540600807e-08,0.0007171450218081682,0.0012392027039345903,0.0004498346574472576,0.0001352205039874647,0.003834262575628929,0.005306211686516562,0.001829259820058272,49.214274547686806,62.257529644542856,27.129112993307036,416756.9669667347,576748.5980748626,198826.6895667491,23.16276901652894,8.886239385989558,60.831528644433654,13.226127411950646,13.04325509685605,35.128416651235824,1.265029916964795,2.2948604939609445,2.900742490669002,2.900760452893018,0.13320813693932843,True,4.503797381377416,1.4655658388736779,0.7609901483601798,0.28769218507590877,0.8735735195640378,0.04382210473092951,0.0,30.801844939671167,20.560413113587554,False,0.48680006798532405,0.6070457970872689,-0.08786018650698812,G12D,fixed_concentration,2.5891548252776464e-06,6.324555320336759e-07,7.113062706806722,3.16227766016838,0.00144,4.3783830279284865,0.0003288885396308731
34.06417307483321,7.575856574181102,11.107295640023725,1.191818553300793,10.54975526062383,0.777600455542008,0.6739302722651485,0.9650125499690666,0.9274822410902274,0.037530308878839236,7.439599086092866e-07,2.5542709696898304e-07,0.0,7.832895208760798e-08,1.3161125142090161e-07,1.6252522694803703e-08,1.8707404778469207e-08,9.69184800238186e-09,0.0007171450218081682,0.0012392027039345903,0.00017068220594291408,6.309901877984353e-05,0.005542451031197362,0.007211173106647044,0.0028002078835639953,75.15520572130266,85.53622015242527,46.21912196911678,602423.9839680741,783804.5586383683,304360.37261892954,23.16276901652894,3.418952166524242,60.831528644433654,5.109063738536844,10.381014431122608,39.317098183308495,1.1381276829926914,1.8506673538623222,2.575227771114245,2.575251672528738,0.18741209442705864,True,2.4702574905015227,1.2784389372007297,0.7609901483601798,0.44341292861763526,0.9173313912685973,0.05036118462433847,0.0,30.801844939671167,14.027503635385212,False,0.48680006798532405,0.6902976262641747,-0.14236341163025568,G12D,fixed_concentration,2.5891548252776464e-06,2.0000000000000003e-06,7.113062706806722,10.000000000000002,0.00144,4.3783830279284865,0.0003288885396308731
34.06417307483321,7.575856574181102,5.782891756670334,0.4002448036285295,8.864146759402281,0.777600455542008,0.8302353694608613,0.9882502709591905,0.9622444235030162,0.02600584745617429,7.439599086092866e-07,2.012314327197117e-07,0.0,7.832895208760798e-08,1.3161125142090161e-07,5.770587842827853e-09,6.207313342781811e-09,3.7081788612280607e-09,0.0007171450218081682,0.0012392027039345903,5.6573485456049426e-05,2.3116971077824764e-05,0.006361609339301708,0.007994007422312242,0.0033174383722694,88.68208603873136,95.19181404353314,57.56357321345718,691459.9892432994,868893.1448907113,360578.61196761724,23.16276901652894,1.1380485319568228,60.831528644433654,1.7041920186213189,6.5097280048017865,37.62824083007596,1.0734052196512236,1.653681464327153,2.4096928187527067,2.40971903505121,0.1580149014983292,True,1.2861124923333611,0.8858676887048316,0.7609901483601798,0.5252509683726172,0.9358774911573404,0.04934718677274952,0.0,30.801844939671167,10.372671990224449,False,0.48680006798532405,0.7397809499168156,-0.1730958532320016,G12D,fixed_concentration,2.5891548252776464e-06,6.324555320336759e-06,7.113062706806722,31.622776601683796,0.00144,4.3783830279284865,0.0003288885396308731
34.06417307483321,7.575856574181102,3.6844130053520696,0.12908104192827657,8.192813137180872,0.777600455542008,0.8918390592585929,0.9962106509485873,0.9759450560509633,0.02026559489762403,7.439599086092866e-07,1.829051189038124e-07,0.0,7.832895208760798e-08,1.3161125142090161e-07,1.8926662362347153e-09,1.988723936496642e-09,1.2489782269159677e-09,0.0007171450218081682,0.0012392027039345903,1.812225294569209e-05,7.674811360388612e-06,0.006657926418355632,0.008258307059823073,0.003514386099578597,93.74594417000928,98.45717561095269,62.06064528864272,723667.2663885249,897620.6561231903,381984.99612005305,23.16276901652894,0.3658722190270355,60.831528644433654,0.5483542946221754,4.711231440943408,36.39653032230997,1.0502553095246396,1.586467158906107,2.3498576496228774,2.3498845903389345,0.10437159168999444,True,0.8194117739853991,0.6903307320571226,0.7609901483601798,0.5561094161614912,0.9422152764460695,0.04830949903362469,0.0,30.801844939671167,8.941418396603625,False,0.48680006798532405,0.7594888588904638,-0.18500295367440267,G12D,fixed_concentration,2.5891548252776464e-06,2e-05,7.113062706806722,100.00000000000001,0.00144,4.3783830279284865,0.0003288885396308731
34.06417307483321,7.575856574181102,2.971185547187749,0.04140300831353399,7.963837221043824,0.777600455542008,0.9127768186046801,0.9987845585383042,0.980601604191504,0.018182954346800173,7.439599086092866e-07,1.77004098871578e-07,0.0,7.832895208760798e-08,1.3161125142090161e-07,6.054091800353118e-10,6.313339004544129e-10,4.029968693851047e-10,0.0007171450218081682,0.0012392027039345903,5.752854859901659e-06,2.4650585727939667e-06,0.006755604799746463,0.00834338249706866,0.003580535822405997,95.4344791156992,99.5085383805457,63.590526072188524,734284.1146313644,906867.7575808016,389174.8508340745,23.16276901652894,0.1172353250424047,60.831528644433654,0.17576033757112314,4.074059264846497,35.91801230835718,1.042689595024743,1.5648327593261728,2.3302050058703765,2.330232171059395,0.0860077399336241,True,0.660790312194727,0.619387303881193,0.7609901483601798,0.5664354861877166,0.9442635379800922,0.0478897281026569,0.0,30.801844939671167,8.45456684747085,False,0.48680006798532405,0.7662107574562687,-0.1890263117815496,G12D,fixed_concentration,2.5891548252776464e-06,6.324555320336759e-05,7.113062706806722,316.22776601683796,0.00144,4.3783830279284865,0.0003288885396308731
34.06417307483321,7.575856574181102,2.7403807322841307,0.013491155223590037,7.889659574931311,0.777600455542008,0.9195524069742137,0.9996039488410903,0.9821084919583231,0.017495456882767213,7.439599086092866e-07,1.7512801836066943e-07,0.0,7.832895208760798e-08,1.3161125142090161e-07,1.9213970888129971e-10,1.998851431293721e-10,1.2825501271199946e-10,0.0007171450218081682,0.0012392027039345903,1.8213842023517407e-06,7.833783551072548e-07,0.006786896860993581,0.008370428076166664,0.0036018589956269605,95.97741190740497,99.84278558017,64.08565824107664,737685.3075908419,909807.4217297373,391492.47944634495,23.16276901652894,0.03819114927429338,60.831528644433654,0.05726097791476337,3.865373672765031,35.75712733909336,1.0402737852161943,1.5579583376452597,2.323918866987645,2.3239461024038106,0.08005154186687657,True,0.6094594265014535,0.5959682712778634,0.7609901483601798,0.5697600135346702,0.9449155134141631,0.04774710874875976,0.0,30.801844939671167,8.296911211592349,False,0.48680006798532405,0.768388342861015,-0.19032595786740725,G12D,fixed_concentration,2.5891548252776464e-06,0.00020000000000000004,7.113062706806722,1000.0000000000002,0.00144,4.3783830279284865,0.0003288885396308731
34.06417307483321,2.717785653251066,34.05746865597974,2.7167378632032975,8.07638102520238,0.9202157161637081,0.00019681730828280397,0.9202464754616211,0.920231419091696,1.505636992504833e-05,8.50594522259877e-07,8.503213999366902e-07,0.0,7.832895208760798e-08,1.3960606025969664e-07,7.83042236160081e-08,1.3954767057372672e-07,1.1750288311431367e-08,0.0007171450218081682,0.0013227500038974019,0.0013221772124962004,0.00011172394811316521,2.4079622160962164e-06,3.6336298178699675e-06,4.865938071397694e-07,0.02813619650532585,0.041098108647441865,0.005549124683134828,261.72890350791516,394.9508229718589,52.88942425269612,26.32403249377134,26.31363494835713,60.831528644433654,30.177785001229193,0.012961912142116016,0.035548983964307036,1.4606845896765925,7.406232693301928,7.467480606111047,7.467481988173197,3.075929791296339e-05,True,2.7172507459943023,0.0005128827910048095,0.9129208084523479,0.00015763127176482428,0.9129482196589175,1.3684802861679835e-05,0.0,40.15660306726496,40.151975740486854,False,0.762894592791604,0.7629068814481437,-3.4377791486406295e-05,G12D,fixed_concentration,8.915462172013271e-06,2.0000000000000003e-10,24.493027945091406,0.0010000000000000002,0.00144,4.3783830279284865,0.0003288885396308731
34.06417307483321,2.717785653251066,34.04297937796639,2.714473811076869,8.075476072549282,0.9202157161637081,0.0006221697153856454,0.9203129397824034,0.9202653555288748,4.7584253528576426e-05,8.50594522259877e-07,8.497312903738867e-07,0.0,7.832895208760798e-08,1.3960606025969664e-07,7.825078923766808e-08,1.3942151753056641e-07,1.1748784486351266e-08,0.0007171450218081682,0.0013227500038974019,0.0013209397337534212,0.00011167588154304306,7.610151046247459e-06,1.1484026978959587e-05,1.5381132337322299e-06,0.08893082465913302,0.12989440192210064,0.017545751803299814,827.1709874695829,1248.2355433399928,167.18240451181066,26.32403249377134,26.29116868665809,60.831528644433654,30.152071405070256,0.04096357726296762,0.11234865011880082,1.4606229327117877,7.403182455691156,7.466307894051214,7.466309310390441,9.722361869524132e-05,True,2.716094729324702,0.0016209182478328366,0.9129208084523479,0.0004982580519867774,0.913007446181352,4.324982065495586e-05,0.0,40.15660306726496,40.14197016261556,False,0.762894592791604,0.7629334475606135,-0.00010866503470974287,G12D,fixed_concentration,8.915462172013271e-06,6.324555320336759e-10,24.493027945091406,0.00316227766016838,0.00144,4.3783830279284865,0.0003288885396308731
34.06417307483321,2.717785653251066,33.9972147056811,2.707328432751766,8.072616000907324,0.9202157161637081,0.001965653738460249,0.9205227020540253,0.9203725444395013,0.00015015761452397136,8.50594522259877e-07,8.478693413050618e-07,0.0,7.832895208760798e-08,1.3960606025969664e-07,7.808220157519993e-08,1.3902349717118762e-07,1.1744024275461022e-08,0.0007171450218081682,0.0013227500038974019,0.0013170359415340023,0.000111524016493436,2.4020550288826822e-05,3.6250548923621205e-05,4.857631035527951e-06,0.28078820126999415,0.41007038838526494,0.055463305170044025,2610.868301637576,3940.187868753349,527.9913098573824,26.32403249377134,26.220270676309877,60.831528644433654,30.07092508453465,0.12928218711527079,0.35460708321522094,1.46042599557436,7.393544022088784,7.462598262093267,7.46259984812562,0.0003069858903171907,True,2.712443427721416,0.005114994969650066,0.9129208084523479,0.0015735761499731105,0.9131943364968679,0.00013650230554163034,0.0,40.15660306726496,40.110358068538886,False,0.762894592791604,0.7630174088426231,-0.0003432510790691845,G12D,fixed_concentration,8.915462172013271e-06,2e-09,24.493027945091406,0.01,0.00144,4.3783830279284865,0.0003288885396308731
34.06417307483321,2.717785653251066,33.85305058534978,2.684874219965726,8.063588228280034,0.9202157161637081,0.006197787012754641,0.9211818759237891,0.9207102021618906,0.0004716737618984945,8.50594522259877e-07,8.420226198166182e-07,0.0,7.832895208760798e-08,1.3960606025969664e-07,7.755286369660061e-08,1.3777393109359146e-07,1.1728921157038683e-08,0.0007171450218081682,0.0013227500038974019,0.0013047853513545001,0.00011104513865627196,7.551356115252666e-05,0.00011398493154871216,1.529823267886021e-05,0.8835927101267129,1.2898550903580785,0.17517730753136765,8207.803587862267,12389.38590264331,1662.8132766231329,26.32403249377134,25.997532206735894,60.831528644433654,29.815984643578084,0.4062623802313656,1.114677782826711,1.459784667274026,7.363140286461556,7.4508561832911395,7.450858179220139,0.0009661597600809646,True,2.7009413966258946,0.01606717666016877,0.9129208084523479,0.004955571098948952,0.9137813426419099,0.0004290070646085775,0.0,40.15660306726496,40.0106334377856,False,0.762894592791604,0.763282431351975,-0.0010816902530790262,G12D,fixed_concentration,8.915462172013271e-06,6.32455532033676e-09,24.493027945091406,0.0316227766016838,0.00144,4.3783830279284865,0.0003288885396308731
34.06417307483321,2.717785653251066,33.402720224377134,2.6152769120863333,8.035209657321557,0.9202157161637081,0.01941784551772252,0.9232249992876382,0.9217649550619833,0.0014600442256549329,8.50594522259877e-07,8.239429596349696e-07,0.0,7.832895208760798e-08,1.3960606025969664e-07,7.59161077436329e-08,1.339124329101611e-07,1.1680611907752625e-08,0.0007171450218081682,0.0013227500038974019,0.0012669777777880459,0.00010954448979428687,0.0002344127563794096,0.00035402183490915824,4.775280038045071e-05,2.751419910164372,4.010405714205726,0.5518035129801712,25479.04896315685,38479.761945254795,5190.401755178881,26.32403249377134,25.30770073323326,60.831528644433654,29.026372772707827,1.258985804041354,3.458602201225555,1.4575767586003043,7.267814756282348,7.413635055716848,7.413638434994063,0.0030092831239301177,True,2.665012111285954,0.04973519919962088,0.9129208084523479,0.01546730586306666,0.9155979708283738,0.0013302818860497778,0.0,40.15660306726496,39.697808254036794,False,0.762894592791604,0.7641155227907759,-0.0033831461694174836,G12D,fixed_concentration,8.915462172013271e-06,2.0000000000000004e-08,24.493027945091406,0.10000000000000002,0.00144,4.3783830279284865,0.0003288885396308731
34.06417307483321,2.717785653251066,32.033813151581256,2.409046334419898,7.947303189089165,0.9202157161637081,0.05960396921397726,0.9292791775943707,0.9249711761612457,0.004308001433125042,8.50594522259877e-07,7.707457548706826e-07,0.0,7.832895208760798e-08,1.3960606025969664e-07,7.109104985664681e-08,1.2257140423369068e-07,1.1520973773992102e-08,0.0007171450218081682,0.0013227500038974019,0.0011563817355454604,0.00010493951652993198,0.0006998673932461902,0.0010573561111070285,0.00014492944566032453,8.29277234151716,12.016093437306777,1.722406400775291,76070.73899562699,114927.39843501427,15752.825961305089,26.32403249377134,23.268489308847414,60.831528644433654,26.69176049224576,3.7233210957896166,10.293687036531486,1.4489838792690692,6.976340445494213,7.295661045893914,7.29566864493517,0.009063461430662612,True,2.5557948408444986,0.14674850642460058,0.9129208084523479,0.04692736741751469,0.9209559333135502,0.003948727645025518,0.0,40.15660306726496,38.73634316964564,False,0.762894592791604,0.7666961363885074,-0.010330879794813397,G12D,fixed_concentration,8.915462172013271e-06,6.32455532033676e-08,24.493027945091406,0.316227766016838,0.00144,4.3783830279284865,0.0003288885396308731
34.06417307483321,2.717785653251066,28.231145927305406,1.8835310347455565,7.691385630514431,0.9202157161637081,0.17123642293366792,0.9447063919441767,0.9338776915341593,0.010828700410017378,8.50594522259877e-07,6.377155239043487e-07,0.0,7.832895208760798e-08,1.3960606025969664e-07,5.8757452142423005e-08,9.433444123822567e-08,1.0932745134918717e-08,0.0007171450218081682,0.0013227500038974019,0.000883954430576706,9.185912553317434e-05,0.0018666417237967379,0.0027973827332390933,0.0004033244767788867,22.70753896231322,32.050085892022935,5.183041060144304,202890.90042222495,304056.36935095646,43838.48981332888,26.32403249377134,18.105344545545233,60.831528644433654,20.77767309215904,9.342546929709716,26.86704483187863,1.4114293030704543,6.18364499144651,6.93581196851758,6.935831289938952,0.024490675780468596,True,2.2524017596879053,0.36887072494234885,0.9129208084523479,0.1304023802096156,0.9344395477233086,0.010163405426417915,0.0,40.15660306726496,36.02313356632362,False,0.762894592791604,0.7742089434075572,-0.029286731172643243,G12D,fixed_concentration,8.915462172013271e-06,2.0000000000000002e-07,24.493027945091406,1.0000000000000002,0.00144,4.3783830279284865,0.0003288885396308731
34.06417307483321,2.717785653251066,20.25092898617926,1.029221802220799,7.117103717385347,0.9202157161637081,0.4055065143753407,0.9697857981181643,0.9525687630040957,0.01721703511406869,8.50594522259877e-07,4.2878232642655846e-07,0.0,7.832895208760798e-08,1.3960606025969664e-07,3.686277764672289e-08,5.031806182588096e-08,8.789216207398182e-09,0.0007171450218081682,0.0013227500038974019,0.00046745962428040676,6.373996092454776e-05,0.003834262575628929,0.005478655011094248,0.0008960913615808602,49.214274547686806,63.56700017251964,13.311892430513138,416756.9669667347,595492.1526534179,97398.34026012466,26.32403249377134,9.814351877306082,60.831528644433654,11.271242511323939,14.352725624832836,50.2551077420065,1.291637451872334,4.775203864088714,6.113946909865254,6.1139866558610665,0.049570081954456224,True,1.6157058661819175,0.5864840639611184,0.9129208084523479,0.28769218507590877,0.9558715741634839,0.01789876282014846,0.0,40.15660306726496,30.55671479555292,False,0.762894592791604,0.791067767834837,-0.0679746121733894,G12D,fixed_concentration,8.915462172013271e-06,6.324555320336759e-07,24.493027945091406,3.16227766016838,0.00144,4.3783830279284865,0.0003288885396308731
34.06417307483321,2.717785653251066,11.107295640023725,0.3927060093856507,6.422127211924412,0.9202157161637081,0.6739302722651485,0.9884715824886474,0.9739847602919803,0.014486822196667082,8.50594522259877e-07,2.780068555640977e-07,0.0,7.832895208760798e-08,1.3960606025969664e-07,1.6252522694803703e-08,1.8885339731450215e-08,4.860988613029967e-09,0.0007171450218081682,0.0013227500038974019,0.00017488528715098553,3.110170874211905e-05,0.005542451031197362,0.0073774753558157186,0.0014056921236234668,75.15520572130266,86.27960075747492,23.727975847437598,602423.9839680741,801880.7282488286,152787.46314779227,26.32403249377134,3.721497687585613,60.831528644433654,4.27669437815291,11.12439503617226,62.551624910037326,1.148018955299314,3.636197259817774,5.2482867562768485,5.248341138259258,0.0682558663249393,True,0.8861876279972553,0.49348161861160456,0.9129208084523479,0.44341292861763526,0.9715426633426819,0.020009815544533738,0.0,40.15660306726496,25.22253309403796,False,0.762894592791604,0.8114697457115402,-0.11121735871555716,G12D,fixed_concentration,8.915462172013271e-06,2.0000000000000003e-06,24.493027945091406,10.000000000000002,0.00144,4.3783830279284865,0.0003288885396308731
34.06417307483321,2.717785653251066,5.782891756670334,0.1302962698095767,5.998290812964887,0.9202157161637081,0.8302353694608613,0.9961749762859842,0.9864554505317021,0.009719525754282032,8.50594522259877e-07,2.16693490600483e-07,0.0,7.832895208760798e-08,1.3960606025969664e-07,5.770587842827853e-09,6.226083342902648e-09,1.934845382749676e-09,0.0007171450218081682,0.0013227500038974019,5.764064319132945e-05,1.169815294779773e-05,0.006361609339301708,0.008141851463529935,0.0016900865654880983,88.68208603873136,95.47097018605626,30.299047150865594,691459.9892432994,884963.0886748573,183698.47409110726,26.32403249377134,1.2314768742632063,60.831528644433654,1.4156455472148837,6.788884147324907,65.17192303519067,1.0765530497823417,3.1509561904929018,4.817416829284459,4.817476536228331,0.07595926012227605,True,0.4613838773087384,0.3310876074991617,0.9129208084523479,0.5252509683726172,0.9779673333329144,0.019308095195057606,0.0,40.15660306726496,22.55573212595054,False,0.762894592791604,0.8239120380292908,-0.13583585011714383,G12D,fixed_concentration,8.915462172013271e-06,6.324555320336759e-06,24.493027945091406,31.622776601683796,0.00144,4.3783830279284865,0.0003288885396308731
34.06417307483321,2.717785653251066,3.6844130053520696,0.041758816678079534,5.826595310760343,0.9202157161637081,0.8918390592585929,0.9987741133011994,0.9913704568038871,0.007403656497312228,8.50594522259877e-07,1.9608108116220638e-07,0.0,7.832895208760798e-08,1.3960606025969664e-07,1.8926662362347153e-09,1.990642582715351e-09,6.620901432654866e-10,0.0007171450218081682,0.0013227500038974019,1.8430432775613206e-05,3.924960318780975e-06,0.006657926418355632,0.008397904033388737,0.0018013018131179876,93.74594417000928,98.55122772000156,32.99477921849699,723667.2663885249,912794.2197388207,195786.50197549327,26.32403249377134,0.39431702066025803,60.831528644433654,0.4533413147073685,4.805283549992282,65.55644850150458,1.0512585754246375,2.9868733797968074,4.662130450450317,4.662191777924893,0.07855839713749124,True,0.29395825298913797,0.25219943631105846,0.9129208084523479,0.5561094161614912,0.9801342076521875,0.01878784082846008,0.0,40.15660306726496,21.57541620237171,False,0.762894592791604,0.8289523923577918,-0.14540206374367348,G12D,fixed_concentration,8.915462172013271e-06,2e-05,24.493027945091406,100.00000000000001,0.00144,4.3783830279284865,0.0003288885396308731
34.06417307483321,2.717785653251066,2.971185547187749,0.01327145731150189,5.767611147136716,0.9202157161637081,0.9127768186046801,0.999610398371264,0.9930409609384514,0.006569437432812575,8.50594522259877e-07,1.894552870995843e-07,0.0,7.832895208760798e-08,1.3960606025969664e-07,6.054091800353118e-10,6.315351346487594e-10,2.1479170987909146e-10,0.0007171450218081682,0.0013227500038974019,5.84731212848451e-06,1.2652092374561125e-06,0.006755604799746463,0.008480118557686512,0.0018390539248980587,95.4344791156992,99.54015680004315,33.92459023806348,734284.1146313644,921730.36596654,199889.79025922864,26.32403249377134,0.12528201550247542,60.831528644433654,0.1440408247893422,4.105677684343945,65.61556656197968,1.04302090525759,2.934159443092074,4.611130996692539,4.6111928216603095,0.07939468220755586,True,0.23705391102711637,0.22378245371561448,0.9129208084523479,0.5664354861877166,0.9808315066522704,0.018585953998794813,0.0,40.15660306726496,21.250273992277773,False,0.762894592791604,0.8306839524779817,-0.1486349595792692,G12D,fixed_concentration,8.915462172013271e-06,6.324555320336759e-05,24.493027945091406,316.22776601683796,0.00144,4.3783830279284865,0.0003288885396308731
34.06417307483321,2.717785653251066,2.7403807322841307,0.004216697355585193,5.748454998000014,0.9202157161637081,0.9195524069742137,0.9998762131302491,0.9935815464040842,0.006294666726164855,8.50594522259877e-07,1.87349864650966e-07,0.0,7.832895208760798e-08,1.3960606025969664e-07,1.9213970888129971e-10,1.999081621044816e-10,6.84783945264428e-11,0.0007171450218081682,0.0013227500038974019,1.8509525872615259e-06,4.0254557114626966e-07,0.006786896860993581,0.008506233985546806,0.0018512672736877241,95.97741190740497,99.85427256425947,34.22694187651537,737685.3075908419,924568.9311014323,201217.26242849874,26.32403249377134,0.03980213656687189,60.831528644433654,0.045762335149658266,3.876860656854504,65.6273306877441,1.0403934694612804,2.9174173060659547,4.594816808165354,4.594878788940744,0.07966049696654098,True,0.21863931416405974,0.21442261680847455,0.9129208084523479,0.5697600135346702,0.981053159810773,0.01851811000364656,0.0,40.15660306726496,21.14589321598982,False,0.762894592791604,0.8312463072163345,-0.14967913348035122,G12D,fixed_concentration,8.915462172013271e-06,0.00020000000000000004,24.493027945091406,1000.0000000000002,0.00144,4.3783830279284865,0.0003288885396308731
34.06417307483321,2.369088405136519,34.05746865597974,2.3681705596806215,7.190330636915467,0.9304521968012541,0.00019681730828280397,0.9304791413994359,0.9304658850126767,1.325638675919727e-05,8.583252321153095e-07,8.580490410407203e-07,0.0,7.832895208760798e-08,1.401457084674668e-07,7.83042236160081e-08,1.4008696467505678e-07,1.0360716222181295e-08,0.0007171450218081682,0.0013285160692051974,0.0013279398641291233,9.993730291581899e-05,2.4079622160962164e-06,3.6433281050921768e-06,4.377751121755383e-07,0.02813619650532585,0.041191512528037495,0.004925214115123148,261.72890350791516,396.0049644709917,47.583180022663385,26.55479803297585,26.544294021805584,60.831528644433654,29.90800885315233,0.013055316022711646,0.036266298412914344,1.4640042949742844,8.363395289060962,8.322373757125055,8.322372827591147,2.6944598181755097e-05,True,2.368622127533535,0.00045156785291355916,0.9240037622903138,0.00015763127176482428,0.9240278054668474,1.2063792934058348e-05,0.0,41.437951933623026,41.433467285574466,False,0.7889083032959314,0.7889180922983355,-3.175749714201537e-05,G12D,fixed_concentration,3.0699386905947587e-05,2.0000000000000003e-10,84.33897501633953,0.0010000000000000002,0.00144,4.3783830279284865,0.0003288885396308731
34.06417307483321,2.369088405136519,34.04297937796639,2.3661873238354394,7.189609748058898,0.9304521968012541,0.0006221697153856454,0.9305373619774263,0.930495467338176,4.189463925030612e-05,8.583252321153095e-07,8.574523043637419e-07,0.0,7.832895208760798e-08,1.401457084674668e-07,7.825078923766808e-08,1.3996004585401803e-07,1.0359542404140444e-08,0.0007171450218081682,0.0013285160692051974,0.001326695006816325,9.989550789863808e-05,7.610151046247459e-06,1.1514679633062273e-05,1.383812287832331e-06,0.08893082465913302,0.13018957129372186,0.015573216898030536,827.1709874695829,1251.5672951013407,150.41099195688292,26.55479803297585,26.52159804517187,60.831528644433654,29.88247642014151,0.04125874663458884,0.11461635439569132,1.463942022271033,8.35983805697757,8.320983802723282,8.3209829203182,8.516517617218611e-05,True,2.36761443007777,0.0014271062423305558,0.9240037622903138,0.0004982580519867774,0.9240797541465784,3.8126118905079665e-05,0.0,41.437951933623026,41.42377651672501,False,0.7889083032959314,0.7889392549684225,-0.00010038318836746996,G12D,fixed_concentration,3.0699386905947587e-05,6.324555320336759e-10,84.33897501633953,0.00316227766016838,0.00144,4.3783830279284865,0.0003288885396308731
34.06417307483321,2.369088405136519,33.9972147056811,2.359928234157096,7.187331283645672,0.9304521968012541,0.001965653738460249,0.9307211060437975,0.9305889037006134,0.00013220234318411794,8.583252321153095e-07,8.555694476083901e-07,0.0,7.832895208760798e-08,1.401457084674668e-07,7.808220157519993e-08,1.395596107482413e-07,1.0355826014957284e-08,0.0007171450218081682,0.0013285160692051974,0.0013227679286632811,9.976344732142137e-05,2.4020550288826822e-05,3.6347320759326844e-05,4.37046077147634e-06,0.28078820126999415,0.4110017985505078,0.049230038249198485,2610.868301637576,3950.7063327929623,475.0393756264053,26.55479803297585,26.4499745996508,60.831528644433654,29.801901356323125,0.13021359728051363,0.3617717603013093,1.4637431227222604,8.34859799356746,8.31658780615224,8.316587077825725,0.00026890924254341364,True,2.364431597656219,0.004503363499122948,0.9240037622903138,0.0015735761499731105,0.9242436772428071,0.00012032908534564957,0.0,41.437951933623026,41.39315226815796,False,0.7889083032959314,0.7890061423814303,-0.0003170940972854197,G12D,fixed_concentration,3.0699386905947587e-05,2e-09,84.33897501633953,0.01,0.00144,4.3783830279284865,0.0003288885396308731
34.06417307483321,2.369088405136519,33.85305058534978,2.3402597985824296,7.180138118984403,0.9304521968012541,0.006197787012754641,0.9312984996453231,0.9308832392726849,0.00041526037263817095,8.583252321153095e-07,8.496569796560359e-07,0.0,7.832895208760798e-08,1.401457084674668e-07,7.755286369660061e-08,1.3830246724049522e-07,1.0344027896182431e-08,0.0007171450218081682,0.0013285160692051974,0.0013104442671795545,9.934690559053147e-05,7.551356115252666e-05,0.00011428933649056098,1.376535169343278e-05,0.8835927101267129,1.2927804104455571,0.15551041111005012,8207.803587862267,12422.472773669899,1496.2000534759738,26.55479803297585,26.224956415282747,60.831528644433654,29.548756115167446,0.4091877003188442,1.137269999335507,1.4630953782542684,8.313143803154727,8.30268191005149,8.302681680040042,0.0008463028440689468,True,2.354405299787096,0.014145501204666289,0.9240037622903138,0.004955571098948952,0.9247585354964906,0.00037816844695381935,0.0,41.437951933623026,41.296556553560244,False,0.7889083032959314,0.7892173074857605,-0.0009992971865038225,G12D,fixed_concentration,3.0699386905947587e-05,6.32455532033676e-09,84.33897501633953,0.0316227766016838,0.00144,4.3783830279284865,0.0003288885396308731
34.06417307483321,2.369088405136519,33.402720224377134,2.2793031517311104,7.157514548611666,0.9304521968012541,0.01941784551772252,0.9330879646858338,0.9318026652998643,0.0012852993859694406,8.583252321153095e-07,8.313734828125713e-07,0.0,7.832895208760798e-08,1.401457084674668e-07,7.59161077436329e-08,1.3441759815949316e-07,1.030620909585841e-08,0.0007171450218081682,0.0013285160692051974,0.001272411009954268,9.804051339472939e-05,0.0002344127563794096,0.00035496798528041745,4.298118166604631e-05,2.751419910164372,4.019453488633779,0.49005724249575505,25479.04896315685,38582.602362176134,4671.7609781614965,26.55479803297585,25.528058074801372,60.831528644433654,28.76470845450853,1.268033578469407,3.529396246138024,1.4608651604885907,8.202008133098035,8.25868371973659,8.25868501032768,0.002635767884579643,True,2.32308581246775,0.04378266073663939,0.9240037622903138,0.01546730586306666,0.9263517589281522,0.0011725395847403952,0.0,41.437951933623026,40.99364136929294,False,0.7889083032959314,0.7898814530771723,-0.003125796175432738,G12D,fixed_concentration,3.0699386905947587e-05,2.0000000000000004e-08,84.33897501633953,0.10000000000000002,0.00144,4.3783830279284865,0.0003288885396308731
34.06417307483321,2.369088405136519,32.033813151581256,2.0987339230471957,7.087320898966718,0.9304521968012541,0.05960396921397726,0.9383888192900901,0.934597521922012,0.0037912973680781503,8.583252321153095e-07,7.775725087776763e-07,0.0,7.832895208760798e-08,1.401457084674668e-07,7.109104985664681e-08,1.23008547909763e-07,1.0180158089500037e-08,0.0007171450218081682,0.0013285160692051974,0.001161155357682451,9.40215473250394e-05,0.0006998673932461902,0.0010601759689047652,0.00013056405180216985,8.29277234151716,12.042628145568546,1.531661140935295,76070.73899562699,115233.89892512956,14191.411612516122,26.55479803297585,23.46793407549065,60.831528644433654,26.446623646888938,3.7498558040513856,10.510967004633251,1.4521836184116625,7.862462410069909,8.119968354774558,8.119974395182716,0.007936622488835976,True,2.2278813327715694,0.12914740972437366,0.9240037622903138,0.04692736741751469,0.9310496350586683,0.0034795693990032905,0.0,41.437951933623026,40.06354100547657,False,0.7889083032959314,0.7919420828623353,-0.00954812342527167,G12D,fixed_concentration,3.0699386905947587e-05,6.32455532033676e-08,84.33897501633953,0.316227766016838,0.00144,4.3783830279284865,0.0003288885396308731
34.06417307483321,2.369088405136519,28.231145927305406,1.6390699833780555,6.882101032611299,0.9304521968012541,0.17123642293366792,0.9518828776563195,0.9423613138439021,0.009521563812417422,8.583252321153095e-07,6.430242941895918e-07,0.0,7.832895208760798e-08,1.401457084674668e-07,5.8757452142423005e-08,9.46107061901827e-08,9.700635858056244e-09,0.0007171450218081682,0.0013285160692051974,0.000887146081421999,8.253032691215347e-05,0.0018666417237967379,0.002804549653006756,0.0003641347254285477,22.70753896231322,32.11380448719798,4.625938973819305,202890.90042222495,304835.3685797084,39578.8553215009,26.55479803297585,18.252468259176805,60.831528644433654,20.575800685262802,9.406265524884763,27.487865513378676,1.4142353577151605,6.942115896674686,7.701956054056916,7.701975362943581,0.021430680855065387,True,1.9634141810273118,0.32434419764925626,0.9240037622903138,0.1304023802096156,0.9428625769337302,0.008948724359097548,0.0,41.437951933623026,37.447094056910196,False,0.7889083032959314,0.79796659036776,-0.027088299982774844,G12D,fixed_concentration,3.0699386905947587e-05,2.0000000000000002e-07,84.33897501633953,1.0000000000000002,0.00144,4.3783830279284865,0.0003288885396308731
34.06417307483321,2.369088405136519,20.25092898617926,0.8937534476705685,6.418434306725387,0.9304521968012541,0.4055065143753407,0.9737626553943598,0.9586542840588397,0.015108371335520121,8.583252321153095e-07,4.318104718352518e-07,0.0,7.832895208760798e-08,1.401457084674668e-07,3.686277764672289e-08,5.0398832823491155e-08,7.86125940226607e-09,0.0007171450218081682,0.0013285160692051974,0.00046862288244544845,5.754795891549251e-05,0.003834262575628929,0.0054900034876527075,0.0008118468403217843,49.214274547686806,63.648500796591875,11.95958961273662,416756.9669667347,596725.6653210061,88241.62111534954,26.55479803297585,9.884780591608889,60.831528644433654,11.149347396993837,14.43422624890507,51.688911183855254,1.2932934881508584,5.321963617280651,6.762363557979341,6.762405968731758,0.04331045859310567,True,1.4084076237225756,0.514654176052007,0.9240037622903138,0.28769218507590877,0.9615985822803342,0.015731296305772635,0.0,41.437951933623026,32.221217571757464,False,0.7889083032959314,0.8115781559521443,-0.06292920548783054,G12D,fixed_concentration,3.0699386905947587e-05,6.324555320336759e-07,84.33897501633953,3.16227766016838,0.00144,4.3783830279284865,0.0003288885396308731
34.06417307483321,2.369088405136519,11.107295640023725,0.34047010570130093,5.853728995365864,0.9304521968012541,0.6739302722651485,0.9900050382860214,0.9773225667464279,0.012682471539593454,8.583252321153095e-07,2.7957915088123424e-07,0.0,7.832895208760798e-08,1.401457084674668e-07,1.6252522694803703e-08,1.889596382915618e-08,4.383066356796798e-09,0.0007171450218081682,0.0013285160692051974,0.00017516033163864365,2.822132604127922e-05,0.005542451031197362,0.007388361912087811,0.0012776977806161162,75.15520572130266,86.32394810728204,21.445117862131383,602423.9839680741,803064.0400737214,138875.53089597297,26.55479803297585,3.7457369240493565,60.831528644433654,4.227032234534641,11.168742385979371,64.87883024515065,1.1486090321859581,4.025342675300292,5.782558304613383,5.782617246484335,0.05955284148476725,True,0.7724880112426571,0.43201790554135616,0.9240037622903138,0.44341292861763526,0.9752553908048683,0.017553914187780628,0.0,41.437951933623026,27.195307849001672,False,0.7889083032959314,0.8281558462462537,-0.10301354168236265,G12D,fixed_concentration,3.0699386905947587e-05,2.0000000000000003e-06,84.33897501633953,10.000000000000002,0.00144,4.3783830279284865,0.0003288885396308731
34.06417307483321,2.369088405136519,5.782891756670334,0.11289604556946305,5.50769106654138,0.9304521968012541,0.8302353694608613,0.996685783467532,0.9881932428851561,0.008492540582375918,8.583252321153095e-07,2.1772411092243923e-07,0.0,7.832895208760798e-08,1.401457084674668e-07,5.770587842827853e-09,6.227176807873012e-09,1.7527573075953358e-09,0.0007171450218081682,0.0013285160692051974,5.7711038159856775e-05,1.064576056938665e-05,0.006361609339301708,0.008151606323803495,0.001539037605648668,88.68208603873136,95.48723112454539,27.472375277591247,691459.9892432994,886023.3962039922,167280.7234219367,26.55479803297585,1.2392640055386912,60.831528644433654,1.3988370231595837,6.805145085814033,68.01485584695413,1.0767364119382794,3.4757544682506105,5.296560846781769,5.296625804093107,0.06623358666627788,True,0.4021874178125614,0.28929137224309837,0.9240037622903138,0.5252509683726172,0.9808428921727061,0.01692203243270418,0.0,41.437951933623026,24.71475291821862,False,0.7889083032959314,0.8383142589593495,-0.12584983713980435,G12D,fixed_concentration,3.0699386905947587e-05,6.324555320336759e-06,84.33897501633953,31.622776601683796,0.00144,4.3783830279284865,0.0003288885396308731
34.06417307483321,2.369088405136519,3.6844130053520696,0.03617355804140698,5.367143887673549,0.9304521968012541,0.8918390592585929,0.998938076143462,0.9924776441795254,0.00646043196393653,8.583252321153095e-07,1.9693434088415964e-07,0.0,7.832895208760798e-08,1.401457084674668e-07,1.8926662362347153e-09,1.9907523684713582e-09,6.009038465493453e-10,0.0007171450218081682,0.0013285160692051974,1.8450882561693728e-05,3.576050078171503e-06,0.006657926418355632,0.00840716790606071,0.0016415307794573582,93.74594417000928,98.55660935130685,29.954733358505155,723667.2663885249,913801.1612268003,178420.74617435219,26.55479803297585,0.3967740952120019,60.831528644433654,0.44790452093769717,4.810665181297566,68.6018759928017,1.0513159819754267,3.2901848322853895,5.1215414363658,5.121608225614283,0.06848587934220784,True,0.2562428305991243,0.2200692725577173,0.9240037622903138,0.5561094161614912,0.9827260297235008,0.016460044049983358,0.0,41.437951933623026,23.808842641319426,False,0.7889083032959314,0.8424402120115217,-0.13472791149026653,G12D,fixed_concentration,3.0699386905947587e-05,2e-05,84.33897501633953,100.00000000000001,0.00144,4.3783830279284865,0.0003288885396308731
34.06417307483321,2.369088405136519,2.971185547187749,0.011493722286678868,5.318809825829564,0.9304521968012541,0.9127768186046801,0.9996625861939631,0.9939338193459499,0.005728766848013156,8.583252321153095e-07,1.902519148061485e-07,0.0,7.832895208760798e-08,1.401457084674668e-07,6.054091800353118e-10,6.315462693740052e-10,1.9506712804402255e-10,0.0007171450218081682,0.0013285160692051974,5.853594937600917e-06,1.1532015888268101e-06,0.006755604799746463,0.008489213734275868,0.001676361612603112,95.4344791156992,99.54190630094607,30.81228413648232,734284.1146313644,922718.971762092,182206.5198876732,26.55479803297585,0.12603936329339266,60.831528644433654,0.14228567120952104,4.107427185246863,68.72962216446375,1.0430392372160093,3.23059159976675,5.064070705540391,5.064138057907754,0.06921038939270896,True,0.20663942770276644,0.19514570541608758,0.9240037622903138,0.5664354861877166,0.983331882593202,0.016281154447364776,0.0,41.437951933623026,23.50911596095922,False,0.7889083032959314,0.8438591239498154,-0.13772878669751976,G12D,fixed_concentration,3.0699386905947587e-05,6.324555320336759e-05,84.33897501633953,316.22776601683796,0.00144,4.3783830279284865,0.0003288885396308731
34.06417307483321,2.369088405136519,2.7403807322841307,0.0036497870088229643,5.3031068425208625,0.9304521968012541,0.9195524069742137,0.9998928555523481,0.9944050466324298,0.005487808919918291,8.583252321153095e-07,1.881285156503021e-07,0.0,7.832895208760798e-08,1.401457084674668e-07,1.9213970888129971e-10,1.9990932884486148e-10,6.220290031619335e-11,0.0007171450218081682,0.0013285160692051974,1.8529209315824917e-06,3.66956510319547e-07,0.006786896860993581,0.008515274540639089,0.0016876342411661094,95.97741190740497,99.85485478280854,31.091287410329212,737685.3075908419,925551.6000117373,183431.7449490059,26.55479803297585,0.040020529044448874,60.831528644433654,0.045179506244599835,3.877442875403574,68.76356737247933,1.0403995356651663,3.211666775484973,5.045687230637881,5.045754758910684,0.06944065875109395,True,0.19058745985853254,0.18693767284970958,0.9240037622903138,0.5697600135346702,0.9835244547742509,0.016221075057882284,0.0,41.437951933623026,23.41297390694291,False,0.7889083032959314,0.8443201063219461,-0.13869807477048213,G12D,fixed_concentration,3.0699386905947587e-05,0.00020000000000000004,84.33897501633953,1000.0000000000002,0.00144,4.3783830279284865,0.0003288885396308731
34.06417307483321,2.3646211319138053,34.05746865597974,2.3637049499465816,7.178875584459902,0.930583339665427,0.00019681730828280397,0.9306102354296426,0.930597002065664,1.32333639786264e-05,8.584252916809985e-07,8.581490634854336e-07,0.0,7.832895208760798e-08,1.4015255412895645e-07,7.83042236160081e-08,1.4009380573037406e-07,1.03429348041766e-08,0.0007171450218081682,0.0013285897482331213,0.0013280134978594464,9.978615427329447e-05,2.4079622160962164e-06,3.6434523091602566e-06,4.3714524331298304e-07,0.02813619650532585,0.041192695431157035,0.004917176935867439,261.72890350791516,396.0184568941864,47.51471777902013,26.55777800840904,26.547272685303227,60.831528644433654,29.904586675964403,0.013056498925831186,0.036275518495289594,1.4640463370150172,8.377305915246719,8.334649329700364,8.334648197553774,2.6895764215661977e-05,True,2.3641557335475136,0.000450783600931981,0.9241463202231035,0.00015763127176482428,0.9241703201055839,1.2042970469083869e-05,0.0,41.45589474246401,41.45141320373106,False,0.7892446120888903,0.7892543708990343,-3.172149801078383e-05,G12D,fixed_concentration,0.00010570987103277042,2.0000000000000003e-10,290.41173360651214,0.0010000000000000002,0.00144,4.3783830279284865,0.0003288885396308731
34.06417307483321,2.3646211319138053,34.04297937796639,2.3617253078952065,7.1781569250435275,0.930583339665427,0.0006221697153856454,0.9306683505069417,0.9306265286092303,4.1821897711402656e-05,8.584252916809985e-07,8.575522452615449e-07,0.0,7.832895208760798e-08,1.4015255412895645e-07,7.825078923766808e-08,1.3996687729084798e-07,1.0341764860354491e-08,0.0007171450218081682,0.0013285897482331213,0.001326768543822108,9.974443805441202e-05,7.610151046247459e-06,1.1515072099090221e-05,1.3818214485555553e-06,0.08893082465913302,0.13019330962660064,0.015547806356054836,827.1709874695829,1251.6099514243822,150.19460172644887,26.55777800840904,26.524573724744958,60.831528644433654,29.87905649605738,0.04126248496746762,0.1146455032705458,1.4639840586840893,8.373741391234848,8.333256160647347,8.333255237121994,8.501084151479876e-05,True,2.3631499362571677,0.0014246283619612221,0.9241463202231035,0.0004982580519867774,0.9242221753773621,3.806044753684734e-05,0.0,41.45589474246401,41.441726274795194,False,0.7892446120888903,0.7892754681208807,-0.00010026958772224592,G12D,fixed_concentration,0.00010570987103277042,6.324555320336759e-10,290.41173360651214,0.00316227766016838,0.00144,4.3783830279284865,0.0003288885396308731
34.06417307483321,2.3646211319138053,33.9972147056811,2.355477563190253,7.1758854948574,0.930583339665427,0.001965653738460249,0.9308517615262326,0.9307197887833251,0.000131972742907549,8.584252916809985e-07,8.556691147504243e-07,0.0,7.832895208760798e-08,1.4015255412895645e-07,7.808220157519993e-08,1.395664114884716e-07,1.0338061119187448e-08,0.0007171450218081682,0.0013285897482331213,0.0013228411732264457,9.961262702237834e-05,2.4020550288826822e-05,3.634855984801502e-05,4.364175009300942e-06,0.28078820126999415,0.4110135948481711,0.04914973781322251,2610.868301637576,3950.841014476221,474.3561584140409,26.55777800840904,26.45294102558495,60.831528644433654,29.79848872470423,0.13022539357817697,0.3618638570349486,1.4637851340945687,8.362477871399717,8.328850188305662,8.328849419148337,0.00026842186080566766,True,2.3599731055458157,0.004495542355562598,0.9241463202231035,0.0015735761499731105,0.9243858048838433,0.0001201231193551644,0.0,41.45589474246401,41.411117302030384,False,0.7892446120888903,0.789342149034612,-0.00031673517042640764,G12D,fixed_concentration,0.00010570987103277042,2e-09,290.41173360651214,0.01,0.00144,4.3783830279284865,0.0003288885396308731
34.06417307483321,2.3646211319138053,33.85305058534978,2.3358447851594546,7.168714527425415,0.930583339665427,0.006197787012754641,0.9314281083521975,0.9310135693413174,0.00041453901088006617,8.584252916809985e-07,8.497558073197951e-07,0.0,7.832895208760798e-08,1.4015255412895645e-07,7.755286369660061e-08,1.383091717359035e-07,1.0326302744625211e-08,0.0007171450218081682,0.0013285897482331213,0.0013105165774030512,9.919687124102253e-05,7.551356115252666e-05,0.00011429323419855455,1.3745572233059453e-05,0.8835927101267129,1.2928174595166726,0.1552570172505497,8207.803587862267,12422.896411509571,1494.0501686267,26.55777800840904,26.227893721697907,60.831528644433654,29.54536635882049,0.4092247493899597,1.137560442266123,1.4631373082868397,8.326950255848068,8.31491277777931,8.31491249248239,0.0008447686867705251,True,2.3499657137723435,0.014120928612888939,0.9241463202231035,0.004955571098948952,0.9248997391030648,0.0003775205767099221,0.0,41.45589474246401,41.314569314619156,False,0.7892446120888903,0.7895526625091716,-0.000998166585782334,G12D,fixed_concentration,0.00010570987103277042,6.32455532033676e-09,290.41173360651214,0.0316227766016838,0.00144,4.3783830279284865,0.0003288885396308731
34.06417307483321,2.3646211319138053,33.402720224377134,2.274998750678673,7.146160613435504,0.930583339665427,0.01941784551772252,0.9332143262165535,0.9319312616521599,0.0012830645643936434,8.584252916809985e-07,8.314696986090546e-07,0.0,7.832895208760798e-08,1.4015255412895645e-07,7.59161077436329e-08,1.3442400574017583e-07,1.0288610364832142e-08,0.0007171450218081682,0.0013285897482331213,0.0012724804409265465,9.78929297216109e-05,0.0002344127563794096,0.00035498010058930107,4.291959884407941e-05,2.751419910164372,4.019568075861814,0.4892613702012793,25479.04896315685,38583.91924428235,4665.067368848409,26.55777800840904,25.53090512665329,60.831528644433654,28.76138963950968,1.268148165697442,3.530306705660535,1.4609068070680937,8.215584390421396,8.270815901119942,8.27081715945443,0.0026309865511265906,True,2.3187052840663616,0.043706533387688484,0.9241463202231035,0.01546730586306666,0.9264901016563631,0.0011705293673112127,0.0,41.45589474246401,41.011805803373086,False,0.7892446120888903,0.7902147632429943,-0.003122264410381548,G12D,fixed_concentration,0.00010570987103277042,2.0000000000000004e-08,290.41173360651214,0.10000000000000002,0.00144,4.3783830279284865,0.0003288885396308731
34.06417307483321,2.3646211319138053,32.033813151581256,2.0947581131420465,7.076181564290035,0.930583339665427,0.05960396921397726,0.9385055345820309,0.9347208481509459,0.0037846864310849826,8.584252916809985e-07,7.776609765475083e-07,0.0,7.832895208760798e-08,1.4015255412895645e-07,7.109104985664681e-08,1.2301409118297945e-07,1.016296672385888e-08,0.0007171450218081682,0.0013285897482331213,0.0011612163757060874,9.38813693852013e-05,0.0006998673932461902,0.0010602120863229102,0.00013037854551910152,8.29277234151716,12.042964162073345,1.5291996841336664,76070.73899562699,115237.82471427122,14171.248426255886,26.55777800840904,23.47051388970605,60.831528644433654,26.443515597699573,3.750191820556184,10.513764477939677,1.4522241376121134,7.875337856151869,8.131798695112614,8.131804711062964,0.007922194916603953,True,2.2236803267644967,0.12892221362245015,0.9241463202231035,0.04692736741751469,0.9311795224790471,0.003473588755082746,0.0,41.45589474246401,40.08218486379319,False,0.7892446120888903,0.792269093139444,-0.009537376602179903,G12D,fixed_concentration,0.00010570987103277042,6.32455532033676e-08,290.41173360651214,0.316227766016838,0.00144,4.3783830279284865,0.0003288885396308731
34.06417307483321,2.3646211319138053,28.231145927305406,1.6359378637144477,6.871577417301178,0.930583339665427,0.17123642293366792,0.9519748252769685,0.9424700002731207,0.009504825003847861,8.584252916809985e-07,6.430932807097236e-07,0.0,7.832895208760798e-08,1.4015255412895645e-07,5.8757452142423005e-08,9.461420574695122e-08,9.684784844567588e-09,0.0007171450218081682,0.0013285897482331213,0.0008871868948015014,8.241031420054188e-05,0.0018666417237967379,0.00280464148610535,0.00036362798806411435,22.70753896231322,32.114610868170864,4.618729242717763,202890.90042222495,304845.3501171976,39523.776759858825,26.55777800840904,18.25437817992539,60.831528644433654,20.57324424614826,9.407071905857645,27.4958816254531,1.4142708693121777,6.953126970758284,7.712941737616852,7.712961035312924,0.021391485611541583,True,1.9597118676915246,0.3237740039770769,0.9241463202231035,0.1304023802096156,0.9429710451292578,0.008933224515589089,0.0,41.45589474246401,37.46720524468348,False,0.7892446120888903,0.7982755253677966,-0.027058085460989756,G12D,fixed_concentration,0.00010570987103277042,2.0000000000000002e-07,290.41173360651214,1.0000000000000002,0.00144,4.3783830279284865,0.0003288885396308731
34.06417307483321,2.3646211319138053,20.25092898617926,0.8920182157299383,6.409258977590942,0.930583339665427,0.4055065143753407,0.9738135954813779,0.9587322476372768,0.01508134784410109,8.584252916809985e-07,4.318500560598084e-07,0.0,7.832895208760798e-08,1.4015255412895645e-07,3.686277764672289e-08,5.0399853026577284e-08,7.849252222596621e-09,0.0007171450218081682,0.0013285897482331213,0.000468637790623922,5.746801656691199e-05,0.003834262575628929,0.005490149194288389,0.0008107553048698927,49.214274547686806,63.64952988126214,11.942012533351276,416756.9669667347,596741.502685097,88122.9797733643,26.55777800840904,9.885703285859737,60.831528644433654,11.147808088482657,14.435255333575334,51.707517347910866,1.2933143984391786,5.329883024616139,6.771647575182292,6.771690020239939,0.04323025581595097,True,1.4057518588931592,0.5137336431632209,0.9241463202231035,0.28769218507590877,0.9616724602465881,0.015703629142421183,0.0,41.45589474246401,32.24489526628302,False,0.7892446120888903,0.8118475101828866,-0.0628597846436606,G12D,fixed_concentration,0.00010570987103277042,6.324555320336759e-07,290.41173360651214,3.16227766016838,0.00144,4.3783830279284865,0.0003288885396308731
34.06417307483321,2.3646211319138053,11.107295640023725,0.33980113532570766,5.846147387005391,0.930583339665427,0.6739302722651485,0.9900246768186851,0.9773653284644431,0.012659348354241984,8.584252916809985e-07,2.7959979871813417e-07,0.0,7.832895208760798e-08,1.4015255412895645e-07,1.6252522694803703e-08,1.8896097586548568e-08,4.376846030682222e-09,0.0007171450218081682,0.0013285897482331213,0.00017516387984998908,2.818399356976807e-05,0.005542451031197362,0.007388502498727853,0.001276035951263723,75.15520572130266,86.32450641284797,21.41533529264694,602423.9839680741,803079.3204455485,138694.90373937582,26.55777800840904,3.7460579520152915,60.831528644433654,4.226407011974307,11.169300691545303,64.90917112020102,1.1486164608871448,4.0309668390990785,5.790199321116812,5.790258320915885,0.05944133715325817,True,0.77103136867921,0.4312302333535023,0.9241463202231035,0.44341292861763526,0.975303427531599,0.01752260501219771,0.0,41.45589474246401,27.223425310907768,False,0.7892446120888903,0.8283784146421991,-0.10290063340297251,G12D,fixed_concentration,0.00010570987103277042,2.0000000000000003e-06,290.41173360651214,10.000000000000002,0.00144,4.3783830279284865,0.0003288885396308731
34.06417307483321,2.3646211319138053,5.782891756670334,0.11267320322896283,5.501064532493394,0.930583339665427,0.8302353694608613,0.9966923253066664,0.9882155063050404,0.008476819001626001,8.584252916809985e-07,2.1773765729464312e-07,0.0,7.832895208760798e-08,1.4015255412895645e-07,5.770587842827853e-09,6.227190557589681e-09,1.750378785281375e-09,0.0007171450218081682,0.0013285897482331213,5.77119516016068e-05,1.0632087969615802e-05,0.006361609339301708,0.008151732950590919,0.001537073904208133,88.68208603873136,95.48743561717815,27.43541818408802,691459.9892432994,886037.1597262431,167067.2856465459,26.55777800840904,1.2393676043588755,60.831528644433654,1.3986256435947584,6.805349578446794,68.05201743309013,1.0767387178451644,3.4804439639472635,5.303409893482327,5.303474922078869,0.06610898564123946,True,0.4014290328243844,0.28875582959542156,0.9241463202231035,0.5252509683726172,0.980880190105099,0.016891651124554152,0.0,41.45589474246401,24.74549655534229,False,0.7892446120888903,0.8385087898535365,-0.12571239958360114,G12D,fixed_concentration,0.00010570987103277042,6.324555320336759e-06,290.41173360651214,31.622776601683796,0.00144,4.3783830279284865,0.0003288885396308731
34.06417307483321,2.3646211319138053,3.6844130053520696,0.03610202527439099,5.360900412435283,0.930583339665427,0.8918390592585929,0.9989401760848537,0.9924918287150859,0.006448347369767848,8.584252916809985e-07,1.9694555761777843e-07,0.0,7.832895208760798e-08,1.4015255412895645e-07,1.8926662362347153e-09,1.9907537494259167e-09,6.001034164245749e-10,0.0007171450218081682,0.0013285897482331213,1.8451148608405228e-05,3.5715126470611425e-06,0.006657926418355632,0.008407288441697303,0.001639452569263022,93.74594417000928,98.55667704419464,29.91495165815211,723667.2663885249,913814.2628918274,178194.86241263855,26.55777800840904,0.3968068062762507,60.831528644433654,0.4478361337468639,4.810732874185362,68.64172538604254,1.0513167040641358,3.294562470647918,5.128107149496008,5.128174014219025,0.0683568364194268,True,0.2557596461248067,0.21965762085041574,0.9241463202231035,0.5561094161614912,0.9827596874401172,0.016430421642583126,0.0,41.45589474246401,23.840625564043883,False,0.7892446120888903,0.8426234976948275,-0.1345810012823866,G12D,fixed_concentration,0.00010570987103277042,2e-05,290.41173360651214,100.00000000000001,0.00144,4.3783830279284865,0.0003288885396308731
34.06417307483321,2.3646211319138053,2.971185547187749,0.011470964757362359,5.312697455325612,0.930583339665427,0.9127768186046801,0.999663254272101,0.9939452580437801,0.005717996228320921,8.584252916809985e-07,1.902623647675537e-07,0.0,7.832895208760798e-08,1.4015255412895645e-07,6.054091800353118e-10,6.315464088799796e-10,1.9480896046820355e-10,0.0007171450218081682,0.0013285897482331213,5.853676807225015e-06,1.1517444865201735e-06,0.006755604799746463,0.008489332255765408,0.0016742450066486636,95.4344791156992,99.54192821712033,30.771544295865485,734284.1146313644,922731.8544983317,181976.46287718008,26.55777800840904,0.12604953920020145,60.831528644433654,0.14226368407531828,4.107449101421125,68.77038392125485,1.0430394668623013,3.234869438466725,5.070543571611723,5.070611000506718,0.06907991460667406,True,0.20624977792012925,0.19477881316276688,0.9241463202231035,0.5664354861877166,0.9833643689852327,0.016251832778575448,0.0,41.45589474246401,23.541253263051754,False,0.7892446120888903,0.8440385608758352,-0.1375786836943531,G12D,fixed_concentration,0.00010570987103277042,6.324555320336759e-05,290.41173360651214,316.22776601683796,0.00144,4.3783830279284865,0.0003288885396308731
34.06417307483321,2.3646211319138053,2.7403807322841307,0.003642531040423571,5.297037000806071,0.930583339665427,0.9195524069742137,0.9998930685611414,0.994415596760195,0.005477471800946376,8.584252916809985e-07,1.8813873788794958e-07,0.0,7.832895208760798e-08,1.4015255412895645e-07,1.9213970888129971e-10,1.9990934351811468e-10,6.212074901602317e-11,0.0007171450218081682,0.0013285897482331213,1.852946581761088e-06,3.664934836305859e-07,0.006786896860993581,0.008515392352716549,0.0016855052678746915,95.97741190740497,99.85486210327409,31.050237870966825,737685.3075908419,925564.4056716065,183200.34373269926,26.55777800840904,0.04002345541539601,60.831528644433654,0.04517217805903246,3.877450195869116,68.80462423230726,1.0403996119379622,3.2159129510773328,5.052130370054485,5.05219797525087,0.0693097288957144,True,0.19022807848037765,0.1865855474399541,0.9241463202231035,0.5697600135346702,0.9835565672970196,0.0161918534575769,0.0,41.45589474246401,23.445225433474874,False,0.7892446120888903,0.8444982947576805,-0.138546941567655,G12D,fixed_concentration,0.00010570987103277042,0.00020000000000000004,290.41173360651214,1000.0000000000002,0.00144,4.3783830279284865,0.0003288885396308731
34.06417307483321,2.36372011357337,34.05746865597974,2.3628042781542082,7.176564434010958,0.9306097902808127,0.00019681730828280397,0.93063667587164,0.9306234474751108,1.3228396529174624e-05,8.58445476195335e-07,8.581692350491672e-07,0.0,7.832895208760798e-08,1.4015393461118657e-07,7.83042236160081e-08,1.4009518526424757e-07,1.0339347793298733e-08,0.0007171450218081682,0.0013286046194722443,0.0013280283642630741,9.97556604204156e-05,2.4079622160962164e-06,3.6434773654793163e-06,4.3701815700406694e-07,0.02813619650532585,0.041192934013889806,0.004915555446403488,261.72890350791516,396.0211861440019,47.50090439366976,26.558379129920105,26.547873549247463,60.831528644433654,29.90389657642852,0.013056737508563957,0.03627737856748632,1.4640548165809288,8.380117865220909,8.33713040770846,8.33712939151487,2.6885590827308015e-05,True,2.363254892543081,0.0004506143888729497,0.9241750906890545,0.00015763127176482428,0.9241990822522427,1.2039186302104099e-05,0.0,41.45951890075227,41.45503813756053,False,0.789312465119965,0.7893222178549509,-3.171421851788647e-05,G12D,fixed_concentration,0.00036399999999999996,2.0000000000000003e-10,1000.0,0.0010000000000000002,0.00144,4.3783830279284865,0.0003288885396308731
34.06417307483321,2.36372011357337,34.04297937796639,2.360825355629043,7.175846223232983,0.9306097902808127,0.0006221697153856454,0.9306947698262714,0.9306529627678443,4.180705842715682e-05,8.58445476195335e-07,8.575724069190432e-07,0.0,7.832895208760798e-08,1.4015393461118657e-07,7.825078923766808e-08,1.3996825492005033e-07,1.0338178655338125e-08,0.0007171450218081682,0.0013286046194722443,0.001326783385624077,9.971396019416864e-05,7.610151046247459e-06,1.1515151341918499e-05,1.3814197655049873e-06,0.08893082465913302,0.13019406348049492,0.0155426798523185,827.1709874695829,1251.618560568057,150.15094165739688,26.558379129920105,26.52517397222558,60.831528644433654,29.878366833863954,0.0412632388213619,0.11465138362817642,1.4639925355412102,8.376551837749775,8.33573663086329,8.335735672067287,8.497954545871877e-05,True,2.3622494785030552,0.0014241228740123901,0.9241750906890545,0.0004982580519867774,0.924250918114772,3.804705411214471e-05,0.0,41.45951890075227,41.44535176823699,False,0.789312465119965,0.7893433019064087,-0.0001002466171678984,G12D,fixed_concentration,0.00036399999999999996,6.324555320336759e-10,1000.0,0.00316227766016838,0.00144,4.3783830279284865,0.0003288885396308731
34.06417307483321,2.36372011357337,33.9972147056811,2.35457989968605,7.1735762135262195,0.9306097902808127,0.001965653738460249,0.9308781136558507,0.9307461874059597,0.0001319262498910012,8.58445476195335e-07,8.556892172406086e-07,0.0,7.832895208760798e-08,1.4015393461118657e-07,7.808220157519993e-08,1.3956778291627853e-07,1.0334477367404225e-08,0.0007171450218081682,0.0013286046194722443,0.0013228559591124793,9.958219938322852e-05,2.4020550288826822e-05,3.6348810092018204e-05,4.362906753521071e-06,0.28078820126999415,0.4110159736130019,0.049133536898341025,2610.868301637576,3950.8682053830703,474.21830744565716,26.558379129920105,26.453539411318882,60.831528644433654,29.797800538663726,0.13022777234300775,0.36188243671466086,1.4637936058352616,8.365283664870454,8.331328663552803,8.33132787863914,0.0002683233750380154,True,2.359073858295452,0.00449395860940216,0.9241750906890545,0.0015735761499731105,0.9244144887985462,0.00012008184062606286,0.0,41.45951890075227,41.41474596530708,False,0.789312465119965,0.7894099411200416,-0.0003166627405073452,G12D,fixed_concentration,0.00036399999999999996,2e-09,1000.0,0.01,0.00144,4.3783830279284865,0.0003288885396308731
34.06417307483321,2.36372011357337,33.85305058534978,2.334954316920115,7.16640971518836,0.9306097902808127,0.006197787012754641,0.931454249255057,0.9310398560214226,0.000414393233634458,8.58445476195335e-07,8.497757451698422e-07,0.0,7.832895208760798e-08,1.4015393461118657e-07,7.755286369660061e-08,1.3831052367487458e-07,1.0322727180777112e-08,0.0007171450218081682,0.0013286046194722443,0.0013105311709541412,9.916660211405762e-05,7.551356115252666e-05,0.000114294020959857,1.3741581387220355e-05,0.8835927101267129,1.2928249301569994,0.15520589680733266,8207.803587862267,12422.98194887937,1493.6164108534836,26.558379129920105,26.228486269231205,60.831528644433654,29.544682826096597,0.4092322200302865,1.1376190333496667,1.4631457631328804,8.329741052054668,8.317384858350454,8.317384476098933,0.0008444589742443442,True,2.349070279751678,0.014115962831563245,0.9241750906890545,0.004955571098948952,0.9249282361001478,0.00037738968193168354,0.0,41.45951890075227,41.318208253328685,False,0.789312465119965,0.789620323398282,-0.0009979381891117578,G12D,fixed_concentration,0.00036399999999999996,6.32455532033676e-09,1000.0,0.0316227766016838,0.00144,4.3783830279284865,0.0003288885396308731
34.06417307483321,2.36372011357337,33.402720224377134,2.2741305935842147,7.143869845455602,0.9306097902808127,0.01941784551772252,0.9332398121454957,0.9319571986535823,0.001282613491913387,8.58445476195335e-07,8.314891032661741e-07,0.0,7.832895208760798e-08,1.4015393461118657e-07,7.59161077436329e-08,1.3442529780807013e-07,1.0285060191226114e-08,0.0007171450218081682,0.0013286046194722443,0.0012724944582728974,9.78631548765635e-05,0.0002344127563794096,0.00035498254728358043,4.2907173432278055e-05,2.751419910164372,4.019591181535526,0.48910080378594006,25479.04896315685,38584.18517059008,4663.716817491921,26.558379129920105,25.53147946543756,60.831528644433654,28.7607204105875,1.2681712713711542,3.530490377749586,1.4609152047952552,8.218328717559706,8.273268054906069,8.273269300115887,0.0026300218646829743,True,2.317821761560867,0.04369116797665251,0.9241750906890545,0.01546730586306666,0.9265180221967311,0.0011701244433249824,0.0,41.45951890075227,41.0154753680732,False,0.789312465119965,0.7902820118438885,-0.0031215512808868695,G12D,fixed_concentration,0.00036399999999999996,2.0000000000000004e-08,1000.0,0.10000000000000002,0.00144,4.3783830279284865,0.0003288885396308731
34.06417307483321,2.36372011357337,32.033813151581256,2.093956236702318,7.073934054743996,0.9306097902808127,0.05960396921397726,0.9385290747524605,0.9347457222046666,0.003783352547793939,8.58445476195335e-07,7.776788358999493e-07,0.0,7.832895208760798e-08,1.4015393461118657e-07,7.109104985664681e-08,1.230152089214065e-07,1.015949868903617e-08,0.0007171450218081682,0.0013286046194722443,0.0011612286828678535,9.385308806840977e-05,0.0006998673932461902,0.001060219373133934,0.0001303411157471993,8.29277234151716,12.043031914664065,1.528703082477348,76070.73899562699,115238.61671094823,14167.180077125675,26.558379129920105,23.471034341103497,60.831528644433654,26.44288889579005,3.750259573146904,10.514328832186717,1.4522323076893722,7.877940492634884,8.134189791579372,8.134195802099846,0.007919284471647803,True,2.2228330126934837,0.12887677599116554,0.9241750906890545,0.04692736741751469,0.9312057360326235,0.00347238196493449,0.0,41.45951890075227,40.085951560720424,False,0.789312465119965,0.7923350718303431,-0.009535206632380278,G12D,fixed_concentration,0.00036399999999999996,6.32455532033676e-08,1000.0,0.316227766016838,0.00144,4.3783830279284865,0.0003288885396308731
34.06417307483321,2.36372011357337,28.231145927305406,1.6353061615705329,6.869454030387762,0.9306097902808127,0.17123642293366792,0.9519933697501465,0.9424919215797434,0.009501448170403104,8.58445476195335e-07,6.43107201101622e-07,0.0,7.832895208760798e-08,1.4015393461118657e-07,5.8757452142423005e-08,9.461491138964263e-08,9.681587028666445e-09,0.0007171450218081682,0.0013286046194722443,0.0008871951312232527,8.238610034305517e-05,0.0018666417237967379,0.0028046600226796204,0.00036352574022621877,22.70753896231322,32.11477346254486,4.61727459406412,202890.90042222495,304847.36499699974,39512.66321816682,26.558379129920105,18.254763490727335,60.831528644433654,20.572728773834253,9.407234500231642,27.49749886848074,1.41427802968188,6.955352732070777,7.715162125615385,7.715181417000498,0.02138357946933378,True,1.9589651365087024,0.32365897493816953,0.9241750906890545,0.1304023802096156,0.9429929389740832,0.008930099631703325,0.0,41.45951890075227,37.471268099061554,False,0.789312465119965,0.7983378602704743,-0.027051984679060337,G12D,fixed_concentration,0.00036399999999999996,2.0000000000000002e-07,1000.0,1.0000000000000002,0.00144,4.3783830279284865,0.0003288885396308731
34.06417307483321,2.36372011357337,20.25092898617926,0.8916682566297144,6.4074074024769025,0.9306097902808127,0.4055065143753407,0.9738238690053955,0.9587479723558141,0.015075896649581422,8.58445476195335e-07,4.3185804044272235e-07,0.0,7.832895208760798e-08,1.4015393461118657e-07,3.686277764672289e-08,5.040005873715358e-08,7.846829648388204e-09,0.0007171450218081682,0.0013286046194722443,0.00046864080100811155,5.745188637692672e-05,0.003834262575628929,0.005490178621006076,0.0008105350502984322,49.214274547686806,63.64973739281572,11.938465929682268,416756.9669667347,596744.7013949846,88099.03984729141,26.558379129920105,9.885889423846697,60.831528644433654,11.147497697170904,14.435462845128917,51.71127146313346,1.2933186149303388,5.331483774189546,6.773524006129825,6.773566459173294,0.04321407872458283,True,1.4052162093593523,0.5135479527296379,0.9241750906890545,0.28769218507590877,0.9616873776371051,0.015698053105202225,0.0,41.45951890075227,32.24967848291085,False,0.789312465119965,0.8119018656815501,-0.06284576732995084,G12D,fixed_concentration,0.00036399999999999996,6.324555320336759e-07,1000.0,3.16227766016838,0.00144,4.3783830279284865,0.0003288885396308731
34.06417307483321,2.36372011357337,11.107295640023725,0.3396662234780024,5.844617154599123,0.9306097902808127,0.6739302722651485,0.9900286373389481,0.9773739532094003,0.012654684129547733,8.58445476195335e-07,2.7960396959291993e-07,0.0,7.832895208760798e-08,1.4015393461118657e-07,1.6252522694803703e-08,1.8896124552351306e-08,4.375590865602512e-09,0.0007171450218081682,0.0013286046194722443,0.0001751645961177661,2.817646029855743e-05,0.005542451031197362,0.007388530880695964,0.0012757006035104901,75.15520572130266,86.32461896868327,21.409325420539812,602423.9839680741,803082.4060088784,138658.45420780248,26.558379129920105,3.7461227361561753,60.831528644433654,4.226280965479611,11.169413247380604,64.91529354814345,1.1486179585323741,4.032103640494185,5.791743658632837,5.791802675120894,0.05941884705813538,True,0.770737573874261,0.4310713503962586,0.9241750906890545,0.44341292861763526,0.9753131323302028,0.0175162965414154,0.0,41.45951890075227,27.229105625916368,False,0.789312465119965,0.8284233366898561,-0.10287783617468393,G12D,fixed_concentration,0.00036399999999999996,2.0000000000000003e-06,1000.0,10.000000000000002,0.00144,4.3783830279284865,0.0003288885396308731
34.06417307483321,2.36372011357337,5.782891756670334,0.11262825863064324,5.499726781383925,0.9306097902808127,0.8302353694608613,0.996693644716306,0.9882199966839887,0.008473648032317205,8.58445476195335e-07,2.1774039476769226e-07,0.0,7.832895208760798e-08,1.4015393461118657e-07,5.770587842827853e-09,6.227193330296105e-09,1.7498988137628887e-09,0.0007171450218081682,0.0013286046194722443,5.771213611385267e-05,1.062932887298931e-05,0.006361609339301708,0.008151758529584954,0.0015366776299746436,88.68208603873136,95.4874768282495,27.42796035708521,691459.9892432994,886039.9400252708,167024.21398156547,26.558379129920105,1.2393885292533586,60.831528644433654,1.3985830437180127,6.8053907895181425,68.05951647116429,1.0767391825508696,3.481391820065946,5.304794167999612,5.304859211150447,0.06608385443549325,True,0.4012760717787165,0.28864781314807325,0.9241750906890545,0.5252509683726172,0.9808877292471472,0.016885531515752672,0.0,41.45951890075227,24.751707268115556,False,0.789312465119965,0.8385480613516741,-0.12568464713021477,G12D,fixed_concentration,0.00036399999999999996,6.324555320336759e-06,1000.0,31.622776601683796,0.00144,4.3783830279284865,0.0003288885396308731
34.06417307483321,2.36372011357337,3.6844130053520696,0.036087608984372736,5.359639947906612,0.9306097902808127,0.8918390592585929,0.9989405992945992,0.9924946896385292,0.006445909656070059,8.58445476195335e-07,1.9694781789776696e-07,0.0,7.832895208760798e-08,1.4015393461118657e-07,1.8926662362347153e-09,1.9907540252893176e-09,5.999418876134657e-10,0.0007171450218081682,0.0013286046194722443,1.8451202414130884e-05,3.5705969858618723e-06,0.006657926418355632,0.008407312819247795,0.0016390331814875923,93.74594417000928,98.55669056840397,29.906923572411763,723667.2663885249,913816.9126501224,178149.2785300882,26.558379129920105,0.3968135178271837,60.831528644433654,0.44782247080665705,4.810746398394684,68.6497669959922,1.0513168483286097,3.295447301016262,5.129434177541962,5.129501057708662,0.06833080901378652,True,0.2556621911334817,0.21957458214910897,0.9241750906890545,0.5561094161614912,0.9827664930465818,0.016424456310119462,0.0,41.45951890075227,23.84704661796549,False,0.789312465119965,0.8426605003405663,-0.13455133768432104,G12D,fixed_concentration,0.00036399999999999996,2e-05,1000.0,100.00000000000001,0.00144,4.3783830279284865,0.0003288885396308731
34.06417307483321,2.36372011357337,2.971185547187749,0.011466371943353088,5.311463418608173,0.9306097902808127,0.9127768186046801,0.9996633891003852,0.9939475651506041,0.005715823949781096,8.58445476195335e-07,1.9026448258364553e-07,0.0,7.832895208760798e-08,1.4015393461118657e-07,6.054091800353118e-10,6.315464372624529e-10,1.9475686150688736e-10,0.0007171450218081682,0.0013286046194722443,5.8536933359401494e-06,1.1514504393764424e-06,0.006755604799746463,0.008489356184228402,0.0016738178694196333,95.4344791156992,99.54193267721715,30.763322865651098,734284.1146313644,922734.4554102335,181930.0367052143,26.558379129920105,0.12605155565061874,60.831528644433654,0.1422592095394899,4.107453561517943,68.77860981156604,1.0430395135969497,3.2357340951734788,5.071851806177655,5.071919250504867,0.06905359881957251,True,0.2061711882339734,0.1947048162906203,0.9241750906890545,0.5664354861877166,0.9833709373321637,0.016245927272424354,0.0,41.45951890075227,23.54774511209748,False,0.789312465119965,0.8440747876973327,-0.13754837523009322,G12D,fixed_concentration,0.00036399999999999996,6.324555320336759e-05,1000.0,316.22776601683796,0.00144,4.3783830279284865,0.0003288885396308731
34.06417307483321,2.36372011357337,2.7403807322841307,0.0036410738351926996,5.295811542961223,0.9306097902808127,0.9195524069742137,0.9998931113393772,0.9944177246485368,0.005475386690840356,8.58445476195335e-07,1.8814080151301086e-07,0.0,7.832895208760798e-08,1.4015393461118657e-07,1.9213970888129971e-10,1.999093463443947e-10,6.210417041215967e-11,0.0007171450218081682,0.0013286046194722443,1.8529517667736933e-06,3.664000428158864e-07,0.006786896860993581,0.008515416167669446,0.0016850756315810018,95.97741190740497,99.85486351493947,31.041953834242147,737685.3075908419,925566.994255779,183153.64593800125,26.558379129920105,0.040024101949774835,60.831528644433654,0.04517076490136005,3.8774516075344962,68.81290968069732,1.0403996266462707,3.216771213827086,5.053432622297172,5.053500243009575,0.0692833210585645,True,0.1901555937236165,0.18651451988842382,0.9241750906890545,0.5697600135346702,0.9835630609288961,0.016185968884572022,0.0,41.45951890075227,23.451740825283842,False,0.789312465119965,0.8445342697347379,-0.13851642520362706,G12D,fixed_concentration,0.00036399999999999996,0.00020000000000000004,1000.0,1000.0000000000002,0.00144,4.3783830279284865,0.0003288885396308731
54.33556472291671,54.330114992890245,54.33271391545293,54.327264271633986,54.32780811393986,0.00010029766055164036,5.2466694297148564e-05,0.00015276276827247415,0.00015275909256209404,3.6757103801117984e-09,4.111945589254586e-11,4.111620070503503e-11,0.0,1.972552221237827e-08,1.9723355308686534e-08,1.9723185984483498e-08,1.97210199949069e-08,1.9718002224005128e-08,0.00019158525850059184,0.00019156491274449386,0.00019153078896154885,0.00019150286399964757,8.037373351504104e-07,8.036595890362812e-07,8.035528759087968e-07,0.008976379026413232,0.008975481723948756,0.008974231525300627,87.36080133568028,87.35235088441792,87.34075189245961,0.018710070104922174,0.01870842220826502,90.13675041653846,90.13002615012718,-8.973024644767791e-07,1.2501986481287114e-06,0.999900037368984,1.0001393098277667,1.000132801624739,1.0001328016041422,5.246510772083379e-05,True,54.32726447135579,1.9972180353988733e-07,9.891376382997752e-05,4.7388911183166016e-05,0.00014629990925418834,1.9216566137284473e-09,0.0,0.012318234038550025,0.012318143711209515,False,9.029596832188513e-05,0.00014275381173278756,-4.113355279924003e-09,G12V,fixed_concentration,1.3099999999999978e-10,2.0000000000000003e-10,0.0009999999999999983,0.0010000000000000002,0.00011,0.8741447571006196,0.00012583728164755018
54.33556472291671,54.330114992890245,54.32655067205537,54.321101295140465,54.32164604881904,0.00010029766055164036,0.00016589596348737246,0.0002661871253202275,0.0002661769850619801,1.0140258247394018e-08,4.111945589254586e-11,4.110916621345786e-11,0.0,1.972552221237827e-08,1.9723355308686534e-08,1.9718137143969977e-08,1.9715972602954316e-08,1.9712955842451334e-08,0.00019158525850059184,0.00019156491274449386,0.00019145704064074947,0.00019142913045043614,2.540739929425148e-06,2.540494229544238e-06,2.5401569317964486e-06,0.028379188626533734,0.028376352873602153,0.028372400540431983,276.16121084356513,276.134504904486,276.09784300145583,0.018710070104922174,0.0187048599605358,90.13675041653846,90.1131490978496,-2.835752931581309e-06,3.952333170170047e-06,0.9999000763211063,1.0001393020363059,1.000132786184809,1.0001327859089069,0.00010029116183285502,True,54.321101846117124,5.509766580757969e-07,9.891376382997752e-05,0.00014981766500488103,0.00024872499972838913,8.38992266443241e-09,0.0,0.012318234038550025,0.012317948231896688,False,9.029596832188513e-05,0.00025616139573858554,-1.555633400828621e-08,G12V,fixed_concentration,1.3099999999999978e-10,6.324555320336759e-10,0.0009999999999999983,0.00316227766016838,0.00011,0.8741447571006196,0.00012583728164755018
54.33556472291671,54.330114992890245,54.30707082173702,54.301622368408296,54.30216988609836,0.00010029766055164036,0.0005244060924919358,0.0006246802565041953,0.0006246511563393202,2.9100164875115082e-08,4.111945589254586e-11,4.108695111879113e-11,0.0,1.972552221237827e-08,1.9723355308686534e-08,1.970218903693694e-08,1.9700028549065507e-08,1.969701568975419e-08,0.00019158525850059184,0.00019156491274449386,0.00019122415343067386,0.00019119628856046304,8.02552939207709e-06,8.024753994581824e-06,8.023688901270977e-06,0.08967679894990084,0.08966784700658176,0.0896553627695153,872.3206455283156,872.236365152143,872.1205967996524,0.018710070104922174,0.01869360420641201,90.13675041653846,90.05983001877277,-8.951943319082667e-06,1.248423706645685e-05,0.9999001754810173,1.0001392469639385,1.000132743595116,1.000132743513816,0.00010027416401225953,True,54.301623949582186,1.581173890485843e-06,9.891376382997752e-05,0.00047337953429049673,0.0005722720543029913,2.557993397385005e-08,0.0,0.012318234038550025,0.012317328831219583,False,9.029596832188513e-05,0.0006146036576345493,-5.1051423356177246e-08,G12V,fixed_concentration,1.3099999999999978e-10,2e-09,0.0009999999999999983,0.01,0.00011,0.8741447571006196,0.00012583728164755018
54.33556472291671,54.330114992890245,54.24556992135749,54.24012445398644,54.24068063523901,0.00010029766055164036,0.0016562780200802818,0.0017564972300732062,0.001756409559821285,8.767025192119894e-08,4.111945589254586e-11,4.101699745547027e-11,0.0,1.972552221237827e-08,1.9723355308686534e-08,1.9651935707279786e-08,1.9649787591162292e-08,1.964678747985316e-08,0.00019158525850059184,0.00019156491274449386,0.00019049093171615765,0.00019046321113991115,2.5289347783711773e-05,2.5286910862724718e-05,2.528355823507484e-05,0.28292433234768405,0.28289617304203735,0.2828568441493682,2748.7806113231004,2748.515734323521,2748.151327004262,0.018710070104922174,0.01865809991435418,90.13675041653846,89.89172339478735,-2.8159305646702215e-05,3.932889266916595e-05,0.9999004705413174,1.0001390416865727,1.0001326011006326,1.0001326008927085,0.00010021920999292444,True,54.24012921759909,4.763612651004223e-06,9.891376382997752e-05,0.0014931114791189026,0.0015919560187752646,7.846510260175847e-08,0.0,0.012318234038550025,0.012315357241427103,False,9.029596832188513e-05,0.0017462611856812194,-1.632474933141101e-07,G12V,fixed_concentration,1.3099999999999978e-10,6.32455532033676e-09,0.0009999999999999983,0.0316227766016838,0.00011,0.8741447571006196,0.00012583728164755018
54.33556472291671,54.330114992890245,54.05208007939683,54.04664375958431,54.04722725068062,0.00010029766055164036,0.005217294509875847,0.005317345366809834,0.005317068887993738,2.764788160957224e-07,4.111945589254586e-11,4.079872518392366e-11,0.0,1.972552221237827e-08,1.9723355308686534e-08,1.9494787136376134e-08,1.9492679218565035e-08,1.9489718141697882e-08,0.00019158525850059184,0.00019156491274449386,0.0001882041964722997,0.0001881769262030469,7.908693662906431e-05,7.907937938316894e-05,7.90689306840859e-05,0.8881662925263868,0.8880787861942829,0.8879558596161156,8596.212968262857,8595.39154716651,8594.255842856832,0.018710070104922174,0.018546713168299773,90.13675041653846,89.36509879345572,-8.750633210385939e-05,0.00012292657816737051,0.9999014752835812,1.0001384377126814,1.0001321467103783,1.0001321469049147,0.00010005085693398641,True,54.046658782216916,1.502263260277914e-05,9.891376382997752e-05,0.004683444021936212,0.004782142333739636,2.478050493441228e-07,0.0,0.012318234038550025,0.012308995906018512,False,9.029596832188513e-05,0.00530660670789862,-5.126696393225466e-07,G12V,fixed_concentration,1.3099999999999978e-10,2.0000000000000004e-08,0.0009999999999999983,0.10000000000000002,0.00011,0.8741447571006196,0.00012583728164755018
54.33556472291671,54.330114992890245,53.44998290553543,53.44457549209117,53.44524355019833,0.00010029766055164036,0.016298382503196374,0.016397901362930956,0.01639704547411217,8.558888187869262e-07,4.111945589254586e-11,4.0136908880881735e-11,0.0,1.972552221237827e-08,1.9723355308686534e-08,1.9014829380545636e-08,1.9012841780824556e-08,1.9009998408915692e-08,0.00019158525850059184,0.00019156491274449386,0.00018127863748680696,0.00018125270722800182,0.00024158300538856724,0.00024156050947051134,0.00024152891603348845,2.7454839588776143,2.7452218897788367,2.744846984883882,26258.425149619376,26255.979984610352,26252.546011647348,0.018710070104922174,0.018203135028594553,90.13675041653846,87.74788609972069,-0.0002620690987775731,0.0003749048949548417,0.9999045453906478,1.0001365849888972,1.000130806023319,1.000130805330709,9.951885973458197e-05,True,53.44462199729348,4.650520231308519e-05,9.891376382997752e-05,0.014437334446130157,0.014535570919842145,7.507609717499059e-07,0.0,0.012318234038550025,0.012287682681735619,False,9.029596832188513e-05,0.016385606319885615,-1.6004734024362144e-06,G12V,fixed_concentration,1.3099999999999978e-10,6.32455532033676e-08,0.0009999999999999983,0.316227766016838,0.00011,0.8741447571006196,0.00012583728164755018
54.33556472291671,54.330114992890245,51.639489547927326,51.63417270602106,51.63508917359093,0.00010029766055164036,0.04961897771262658,0.04971682967999591,0.04971429870579468,2.5309742012341596e-06,4.111945589254586e-11,3.8299133222611476e-11,0.0,1.972552221237827e-08,1.9723355308686534e-08,1.764650800239093e-08,1.7644844258177882e-08,1.764232858905842e-08,0.00019158525850059184,0.00019156491274449386,0.00016206092369249633,0.00016203858345511336,0.000688435902694163,0.0006883763384070868,0.0006882888838620547,8.107875331086102,8.10717287093838,8.10611070649205,74828.22588281691,74821.7516851149,74812.2458716833,0.018710070104922174,0.01719707566437611,90.13675041653846,83.06996727015351,-0.0007024601477230163,0.001062164446329561,0.9999133607611072,1.0001310325610875,1.0001270608128108,1.000127062265286,9.785196736933344e-05,True,51.63431022793358,0.00013752191252081047,9.891376382997752e-05,0.04219834256350896,0.04229514782384658,2.0654933979846746e-06,0.0,0.012318234038550025,0.012210312466175228,False,9.029596832188513e-05,0.04969996287140499,-4.8304159037670935e-06,G12V,fixed_concentration,1.3099999999999978e-10,2.0000000000000002e-07,0.0009999999999999983,1.0000000000000002,0.00011,0.8741447571006196,0.00012583728164755018
54.33556472291671,54.330114992890245,46.77857488690474,46.773534806405905,46.7750768714441,0.00010029766055164036,0.13907999069391674,0.1391727491022362,0.13916633895677225,6.410145463958683e-06,4.111945589254586e-11,3.4318078209241546e-11,0.0,1.972552221237827e-08,1.9723355308686534e-08,1.4335062956116218e-08,1.4334042915544767e-08,1.4332234479487311e-08,0.00019158525850059184,0.00019156491274449386,0.00011992736642848763,0.00011991214017491389,0.0016406816408154736,0.001640561297547166,0.001640365651827277,21.149792375317382,21.148388063118162,21.145898319605468,178330.3608588185,178317.28044882327,178296.0151812051,0.018710070104922174,0.014685635609720122,90.13675041653846,71.6842339411123,-0.0014043121992202146,0.0024897435126938205,0.9999336016082664,1.0001177412032851,1.000119269578506,1.0001192694497214,9.275840831945992e-05,True,46.773883105279644,0.0003482988737388837,9.891376382997752e-05,0.10631066376347287,0.10640335135934598,4.289419931233218e-06,0.0,0.012318234038550025,0.011915538372312535,False,9.029596832188513e-05,0.139144368702657,-1.3359597147710733e-05,G12V,fixed_concentration,1.3099999999999978e-10,6.324555320336759e-07,0.0009999999999999983,3.16227766016838,0.00011,0.8741447571006196,0.00012583728164755018
54.33556472291671,54.330114992890245,37.828074543650025,37.82380831469317,37.82638722102925,0.00010029766055164036,0.3038063607776297,0.30388487710443357,0.30387618737093464,8.689733498934427e-06,4.111945589254586e-11,2.926156532095196e-11,0.0,1.972552221237827e-08,1.9723355308686534e-08,8.6960996938871e-09,8.695699097891408e-09,8.69478488839955e-09,0.00019158525850059184,0.00019156491274449386,6.394071540588232e-05,6.393342792969503e-05,0.002841135663033689,0.002840965214927636,0.0028406524533210924,41.66857079607794,41.6667312469227,41.662533168441755,308810.0324124488,308791.50583990203,308757.51091624674,0.018710070104922174,0.010698845196584395,90.13675041653846,53.98520209409523,-0.0018395491552354315,0.004198078480946776,0.9999558528377602,1.0001007638797184,1.000110102031728,1.0001101023374441,7.85163268038902e-05,True,37.824280476270125,0.0004721615769582854,9.891376382997752e-05,0.19812351317877885,0.19820756030774855,4.730507531441885e-06,0.0,0.012318234038550025,0.011116389115897535,False,9.029596832188513e-05,0.3038374145198587,-3.180973656413677e-05,G12V,fixed_concentration,1.3099999999999978e-10,2.0000000000000003e-06,0.0009999999999999983,10.000000000000002,0.00011,0.8741447571006196,0.00012583728164755018
54.33556472291671,54.330114992890245,29.621675095724722,29.618473886902475,29.621908252627044,0.00010029766055164036,0.45483818477308646,0.45489710030729635,0.45489286322777583,4.237079520519327e-06,4.111945589254586e-11,2.5980704919229345e-11,0.0,1.972552221237827e-08,1.9723355308686534e-08,3.732384898239461e-09,3.732254519194046e-09,3.731909663743399e-09,0.00019158525850059184,0.00019156491274449386,2.5334563993098238e-05,2.5331880992002998e-05,0.0036331575518479464,0.0036329633970507836,0.0036325840075703596,57.93264063534398,57.93065396955486,57.92539925575315,394895.8326495508,394874.72930883645,394833.4924738961,0.018710070104922174,0.007648721360805601,90.13675041653846,40.203125293956646,-0.001986665789118547,0.00525471380171183,0.9999657073151279,1.0000907151934941,1.000104440662524,1.0001044410763686,5.891553420989126e-05,True,29.618704111011,0.00023022410852391317,9.891376382997752e-05,0.2664062180531468,0.2664814600477575,2.6794725160872446e-06,0.0,0.012318234038550025,0.010168802517497778,False,9.029596832188513e-05,0.45483389371798266,-5.3516969101830014e-05,G12V,fixed_concentration,1.3099999999999978e-10,6.324555320336759e-06,0.0009999999999999983,31.622776601683796,0.00011,0.8741447571006196,0.00012583728164755018
54.33556472291671,54.330114992890245,25.513492128234592,25.510932588750478,25.514760277565724,0.00010029766055164036,0.5304458091428659,0.5304929152969506,0.5304929043297111,1.0967239560955022e-08,4.111945589254586e-11,2.46239711606085e-11,0.0,1.972552221237827e-08,1.9723355308686534e-08,1.3174523779033665e-09,1.317410670017104e-09,1.3172956504417865e-09,0.00019158525850059184,0.00019156491274449386,8.66941869981846e-06,8.668529326183502e-06,0.003968343886905752,0.003968140727173041,0.003967735605985462,65.44097304206434,65.4389148161297,65.43323884423424,431327.4978572494,431305.4157274315,431261.38204646914,0.018710070104922174,0.00630389620808151,90.13675041653846,33.90234673433807,-0.0020582259346468845,0.005675971895456655,0.9999685483598583,1.0000867444741497,1.0001021038768227,1.0001021043914329,4.710615408476393e-05,True,25.51093318466163,5.959111533115902e-07,9.891376382997752e-05,0.29729094340646034,0.29736157881750924,1.1278133838499294e-06,0.0,0.012318234038550025,0.009631431628526376,False,9.029596832188513e-05,0.5304224699296343,-6.573806357468293e-05,G12V,fixed_concentration,1.3099999999999978e-10,2e-05,0.0009999999999999983,100.00000000000001,0.00011,0.8741447571006196,0.00012583728164755018
54.33556472291671,54.330114992890245,23.986862764375196,23.984556583873523,23.98852482910803,0.00010029766055164036,0.5585421282230929,0.5585845715199177,0.5585864054148643,-1.8338949465679377e-06,4.111945589254586e-11,2.415632096400433e-11,0.0,1.972552221237827e-08,1.9723355308686534e-08,4.319179576907679e-10,4.319046959336975e-10,4.318677327046737e-10,0.00019158525850059184,0.00019156491274449386,2.812903121394866e-06,2.812617761752361e-06,0.004085351135556229,0.004085144883945864,0.004084731109675724,68.1444301199508,68.1423422420467,68.13652298944538,444045.0894103525,444022.67121214315,443977.6970119555,0.018710070104922174,0.005831796435615072,90.13675041653846,31.64169445634851,-0.0020878779041026974,0.005819252601312996,0.999969360989586,1.0000854057757278,1.00010129779881,1.0001012983320792,4.244329682479009e-05,True,23.984456938155958,-9.964571756526652e-05,9.891376382997752e-05,0.30835552883927264,0.30842442856799734,4.865708500001453e-07,0.0,0.012318234038550025,0.009421516370601287,False,9.029596832188513e-05,0.5585115393308764,-7.045075822198488e-05,G12V,fixed_concentration,1.3099999999999978e-10,6.324555320336759e-05,0.0009999999999999983,316.22776601683796,0.00011,0.8741447571006196,0.00012583728164755018
54.33556472291671,54.330114992890245,23.47801792599739,23.47579714879881,23.479811347552833,0.00010029766055164036,0.5679069860463741,0.5679478575678151,0.5679503239648144,-2.466396999301068e-06,4.111945589254586e-11,2.4004380450602867e-11,0.0,1.972552221237827e-08,1.9723355308686534e-08,1.3816867113117856e-10,1.3816447076639124e-10,1.3815272420668584e-10,0.00019158525850059184,0.00019156491274449386,8.96844060971816e-07,8.967534138988217e-07,0.004123550789048483,0.004123343563252597,0.004122927011611554,69.035990055119,69.03389273311139,69.0280275469916,448197.0318599553,448174.50777165056,448129.23169408523,0.018710070104922174,0.005677609531404997,90.13675041653846,30.897021431796887,-0.002097322007614366,0.005865186119791588,0.9999696198749966,1.0000849681836237,1.0001010329893956,1.000101033528641,4.087152144094386e-05,True,23.475663135725025,-0.00013401307378657634,9.891376382997752e-05,0.3119996137071964,0.31206793643499486,2.70020073744881e-07,0.0,0.012318234038550025,0.009350304928538994,False,9.029596832188513e-05,0.5678739796432091,-7.202266026506976e-05,G12V,fixed_concentration,1.3099999999999978e-10,0.00020000000000000004,0.0009999999999999983,1000.0000000000002,0.00011,0.8741447571006196,0.00012583728164755018
54.33556472291671,54.31680076310851,54.33271391545293,54.3139503161197,54.315822401719814,0.0003453347711371846,5.2466694297148564e-05,0.0003977948311980617,0.0003977833468604657,1.1484337595973285e-08,1.415261137723232e-10,1.4151491141587253e-10,0.0,1.972552221237827e-08,1.971806647654482e-08,1.9723185984483498e-08,1.9715732994362036e-08,1.97053453552186e-08,0.00019158525850059184,0.0001915152484053042,0.00019148114053279871,0.00019138502304483465,8.037373351504104e-07,8.034698059797833e-07,8.031024712239383e-07,0.008976379026413232,0.00897329141049933,0.008968987679712692,87.36080133568028,87.33172277877105,87.29179605339192,0.06439648724375846,0.06439081526728262,90.13675041653846,90.13267196033573,-3.087615913902053e-06,4.3037307866384406e-06,0.9996560287945934,1.000479845768589,1.0004573946277182,1.0004573937893855,5.246006006087711e-05,True,54.313950940127675,6.240079741814952e-07,0.0003405702284453582,4.7388911183166016e-05,0.0003879512862761114,8.285899894596577e-09,0.0,0.04240168922262312,0.04240137696745904,False,0.00031090663978750044,0.0003633406829867125,-1.6338854311778294e-08,G12V,fixed_concentration,4.510837023461864e-10,2.0000000000000003e-10,0.0034433870408105832,0.0010000000000000002,0.00011,0.8741447571006196,0.00012583728164755018
54.33556472291671,54.31680076310851,54.32655067205537,54.30778808652876,54.30966321184356,0.0003453347711371846,0.00016589596348737246,0.0005112054421371193,0.0005111734449799735,3.19971571457545e-08,1.415261137723232e-10,1.4149069904377594e-10,0.0,1.972552221237827e-08,1.971806647654482e-08,1.9718137143969977e-08,1.971068851255167e-08,1.9700304976240308e-08,0.00019158525850059184,0.0001915152484053042,0.00019140742665491246,0.00019131135728770533,2.540739929425148e-06,2.5398944636285124e-06,2.5387333629846784e-06,0.028379188626533734,0.028369429983835237,0.028355825143203405,276.16121084356513,276.06931429179855,275.94311084821726,0.06439648724375846,0.0643785546062312,90.13675041653846,90.11579818725426,-9.758642698497189e-06,1.36048406318319e-05,0.9996561338371255,1.0004797899748332,1.0004573543093431,1.000457353123234,0.0001658706709999347,True,54.30778982511236,1.7385835988648068e-06,0.0003405702284453582,0.00014981766500488103,0.0004903645233966802,2.765338283686712e-08,0.0,0.04240168922262312,0.04240070145486338,False,0.00031090663978750044,0.00047669535055416823,-5.567456414249869e-08,G12V,fixed_concentration,4.510837023461864e-10,6.324555320336759e-10,0.0034433870408105832,0.00316227766016838,0.00011,0.8741447571006196,0.00012583728164755018
54.33556472291671,54.31680076310851,54.30707082173702,54.28831145773646,54.29019604503223,0.0003453347711371846,0.0005244060924919358,0.0008696562816861153,0.0008695597679711868,9.651371492855419e-08,1.415261137723232e-10,1.4141423706185826e-10,0.0,1.972552221237827e-08,1.971806647654482e-08,1.970218903693694e-08,1.9694754112725043e-08,1.9684384398795942e-08,0.00019158525850059184,0.0001915152484053042,0.00019117464637447967,0.00019107873391810241,8.02552939207709e-06,8.02286109994294e-06,8.0191946994018e-06,0.08967679894990084,0.08964599173288648,0.08960302042589764,872.3206455283156,872.0306204855135,871.632108146178,0.06439648724375846,0.06433981397050875,90.13675041653846,90.06248921328567,-3.080721701435862e-05,4.2971306988839886e-05,0.9996564639084456,1.000479574313283,1.000457203083174,1.0004572024545804,0.0003452501891941795,True,54.288316701863664,5.2441272018199925e-06,0.0003405702284453582,0.00047337953429049673,0.0008138751696583624,8.66258986421042e-08,0.0,0.04240168922262312,0.042398560898303836,False,0.00031090663978750044,0.0008349720503657565,-1.77640577579013e-07,G12V,fixed_concentration,4.510837023461864e-10,2e-09,0.0034433870408105832,0.01,0.00011,0.8741447571006196,0.00012583728164755018
54.33556472291671,54.31680076310851,54.24556992135749,54.22682062438229,54.2287351422919,0.0003453347711371846,0.0016562780200802818,0.0020013429342080613,0.0020010408208264623,3.0211338159901596e-07,1.415261137723232e-10,1.4117346505327833e-10,0.0,1.972552221237827e-08,1.971806647654482e-08,1.9651935707279786e-08,1.9644544701541997e-08,1.9634218136069684e-08,0.00019158525850059184,0.0001915152484053042,0.00019044175945102557,0.00019034634658904564,2.5289347783711773e-05,2.5280961962943898e-05,2.526942147927216e-05,0.28292433234768405,0.28282744217159783,0.2826920591246473,2748.7806113231004,2747.8691300239107,2746.6147589544125,0.06439648724375846,0.06421761326665766,90.13675041653846,89.89441369086512,-9.68901760862173e-05,0.00013538304695054348,0.9996575403208263,1.00047890643752,1.0004566975813516,1.0004566971270392,0.0003450649141277795,True,54.2268370398835,1.641550120723423e-05,0.0003405702284453582,0.0014931114791189026,0.0018334455121521431,2.7231390542026626e-07,0.0,0.04240168922262312,0.042391747669208564,False,0.00031090663978750044,0.001966107855316812,-5.618567171928983e-07,G12V,fixed_concentration,4.510837023461864e-10,6.32455532033676e-09,0.0034433870408105832,0.0316227766016838,0.00011,0.8741447571006196,0.00012583728164755018
54.33556472291671,54.31680076310851,54.05208007939683,54.03336242111514,54.03537098766706,0.0003453347711371846,0.005217294509875847,0.005561777140674629,0.0055608275678075084,9.495728671201492e-07,1.415261137723232e-10,1.4042219872953735e-10,0.0,1.972552221237827e-08,1.971806647654482e-08,1.9494787136376134e-08,1.948753377661192e-08,1.9477341305672915e-08,0.00019158525850059184,0.0001915152484053042,0.0001881560655055518,0.00018806219627675363,7.908693662906431e-05,7.906093153900318e-05,7.902496243824156e-05,0.8881662925263868,0.8878651745454501,0.887442010526503,8596.212968262857,8593.386393821746,8589.47680154776,0.06439648724375846,0.06383423543436989,90.13675041653846,89.36788524416616,-0.00030111798093668263,0.00042316401894715305,0.999660966664159,1.000476835684955,1.0004551612509747,1.0004551607000418,0.0003444826307987814,True,54.03341401669312,5.159557797895786e-05,0.0003405702284453582,0.004683444021936212,0.005023270391910639,8.511831295311342e-07,0.0,0.04240168922262312,0.04236976672443491,False,0.00031090663978750044,0.005524811176261468,-1.7678818970317048e-06,G12V,fixed_concentration,4.510837023461864e-10,2.0000000000000004e-08,0.0034433870408105832,0.10000000000000002,0.00011,0.8741447571006196,0.00012583728164755018
54.33556472291671,54.31680076310851,53.44998290553543,53.43136512599797,53.43366445328344,0.0003453347711371846,0.016298382503196374,0.01664102695039038,0.01663808887614191,2.9380742484694244e-06,1.415261137723232e-10,1.38144312765248e-10,0.0,1.972552221237827e-08,1.971806647654482e-08,1.9014829380545636e-08,1.900798887655737e-08,1.8998202788688693e-08,0.00019158525850059184,0.0001915152484053042,0.00018123358307856928,0.00018114433225290867,0.00024158300538856724,0.0002415055906740939,0.00024139683950172376,2.7454839588776143,2.7445820044821874,2.743291562195718,26258.425149619376,26250.010693718512,26238.190207050626,0.06439648724375846,0.0626516893226704,90.13675041653846,87.75095254821812,-0.0009019543954269515,0.00129044228646924,0.9996714770842093,1.000470399247478,1.00045050785501,1.0004505069356768,0.0003426444471940071,True,53.43152476792146,0.00015964192348860706,0.0003405702284453582,0.014437334446130157,0.014775566635204518,2.5788869194628278e-06,0.0,0.04240168922262312,0.042296148501898306,False,0.00031090663978750044,0.016598709781199372,-5.512086446460285e-06,G12V,fixed_concentration,4.510837023461864e-10,6.32455532033676e-08,0.0034433870408105832,0.316227766016838,0.00011,0.8741447571006196,0.00012583728164755018
54.33556472291671,54.31680076310851,51.639489547927326,51.62118328264531,51.62433797369662,0.0003453347711371846,0.04961897771262658,0.04995588900406833,0.049947177325451314,8.71167861701827e-06,1.415261137723232e-10,1.3181898315050813e-10,0.0,1.972552221237827e-08,1.971806647654482e-08,1.764650800239093e-08,1.7640784051036693e-08,1.7632124527172457e-08,0.00019158525850059184,0.0001915152484053042,0.00016202381586668602,0.00016194691421382072,0.000688435902694163,0.0006882309614097302,0.0006879298982025288,8.107875331086102,8.105458560226047,8.1018021010298,74828.22588281691,74805.95018859072,74773.2266816021,0.06439648724375846,0.059188987237945447,90.13675041653846,83.07371177743288,-0.0024167708600550952,0.0036564591962466864,0.9997019230363855,1.000451314306453,1.0004376364626513,1.0004376366841565,0.0003369112914417549,True,51.62165663662265,0.00047335397734116214,0.0003405702284453582,0.04219834256350896,0.042531648878970985,7.107586183531522e-06,0.0,0.04240168922262312,0.04202911850588453,False,0.00031090663978750044,0.049897829589992226,-1.6627892791526433e-05,G12V,fixed_concentration,4.510837023461864e-10,2.0000000000000002e-07,0.0034433870408105832,1.0000000000000002,0.00011,0.8741447571006196,0.00012583728164755018
54.33556472291671,54.31680076310851,46.77857488690474,46.76122441704993,46.76653007486177,0.0003453347711371846,0.13907999069391674,0.13939931138089756,0.13937729630829787,2.2015072599690377e-05,1.415261137723232e-10,1.1811718076428736e-10,0.0,1.972552221237827e-08,1.971806647654482e-08,1.4335062956116218e-08,1.43315507253936e-08,1.4325327824172169e-08,0.00019158525850059184,0.0001915152484053042,0.00011990453573255005,0.00011985212460652873,0.0016406816408154736,0.0016402674489512023,0.0016395939779575304,21.149792375317382,21.14495695135226,21.13638927061163,178330.3608588185,178285.34110094994,178212.13956188716,0.06439648724375846,0.05054509326889538,90.13675041653846,71.68891120456064,-0.004835423965122487,0.008567680740629413,0.9997713725090387,1.0004053521455787,1.0004107547372862,1.0004107550655232,0.0003193206869808174,True,46.76242061845205,0.0011962014021165146,0.0003405702284453582,0.10631066376347287,0.10662977459923939,1.4746854365269013e-05,0.0,0.04240168922262312,0.04101296041951216,False,0.00031090663978750044,0.13930166524730347,-4.599119383244532e-05,G12V,fixed_concentration,4.510837023461864e-10,6.324555320336759e-07,0.0034433870408105832,3.16227766016838,0.00011,0.8741447571006196,0.00012583728164755018
54.33556472291671,54.31680076310851,37.828074543650025,37.81338560639121,37.822262318449894,0.0003453347711371846,0.3038063607776297,0.30407669821377714,0.3040467806486977,2.9917565079418118e-05,1.415261137723232e-10,1.007148299781683e-10,0.0,1.972552221237827e-08,1.971806647654482e-08,8.6960996938871e-09,8.694721703204956e-09,8.69157399337414e-09,0.00019158525850059184,0.0001915152484053042,6.393104451468786e-05,6.390595653675865e-05,0.002841135663033689,0.0028405492024459753,0.002839472464523045,41.66857079607794,41.66224295638004,41.64778827979924,308810.0324124488,308746.2880807856,308629.2544738094,0.06439648724375846,0.03682397307002163,90.13675041653846,53.990179104002806,-0.006327839697895854,0.01445467658080446,0.9998481387871722,1.0003470694886292,1.0003792035092374,1.0003792045157085,0.00027033743614746086,True,37.81501119418493,0.0016255877937254581,0.0003405702284453582,0.19812351317877885,0.19841288812407987,1.6279686999354226e-05,0.0,0.04240168922262312,0.038260849015261805,False,0.00031090663978750044,0.30391332985450914,-0.00010948214813261137,G12V,fixed_concentration,4.510837023461864e-10,2.0000000000000003e-06,0.0034433870408105832,10.000000000000002,0.00011,0.8741447571006196,0.00012583728164755018
54.33556472291671,54.31680076310851,29.621675095724722,29.610653207405225,29.62247326019735,0.0003453347711371846,0.45483818477308646,0.45504103328263446,0.45502644810378057,1.4585178853887548e-05,1.415261137723232e-10,8.942405803868798e-11,0.0,1.972552221237827e-08,1.971806647654482e-08,3.732384898239461e-09,3.731936315673425e-09,3.730748941966953e-09,0.00019158525850059184,0.0001915152484053042,2.5331217171155403e-05,2.5321980417453352e-05,0.0036331575518479464,0.0036324894881209695,0.003631183357244486,57.93264063534398,57.925805295259636,57.90771262762706,394895.8326495508,394823.21852386213,394681.25171017344,0.06439648724375846,0.026327125143517767,90.13675041653846,40.208133077223486,-0.0068353400843435,0.018092667632572557,0.9998820122816882,1.00031243968742,1.0003596984090264,1.0003596999175246,0.0002028485095479926,True,29.611445701334837,0.0007924939296124478,0.0003405702284453582,0.2664062180531468,0.26666527920819616,9.220953145649968e-06,0.0,0.04240168922262312,0.03499931188614693,False,0.00031090663978750044,0.45482349523269616,-0.00018418396850294894,G12V,fixed_concentration,4.510837023461864e-10,6.324555320336759e-06,0.0034433870408105832,31.622776601683796,0.00011,0.8741447571006196,0.00012583728164755018
54.33556472291671,54.31680076310851,25.513492128234592,25.504679227727827,25.517853880165546,0.0003453347711371846,0.5304458091428659,0.5306080031046239,0.530607962531902,4.057272184887495e-08,1.415261137723232e-10,8.475506396049785e-11,0.0,1.972552221237827e-08,1.971806647654482e-08,1.3174523779033665e-09,1.317308861171978e-09,1.3169127977006995e-09,0.00019158525850059184,0.0001915152484053042,8.66833054854207e-06,8.665268560514673e-06,0.003968343886905752,0.003967644795808028,0.003966250017748118,65.44097304206434,65.4338906870666,65.41434575004874,431327.4978572494,431251.51123959327,431099.9091774171,0.06439648724375846,0.0216990540770763,90.13675041653846,33.90742177018042,-0.0070823549977490075,0.01954493701785509,0.9998917749130473,1.000298786707927,1.000351661658662,1.0003516634055094,0.00016219396175798373,True,25.50468143226958,2.2045417544802604e-06,0.0003405702284453582,0.29729094340646034,0.29753414607029816,3.880879903106482e-06,0.0,0.04240168922262312,0.03315009494120756,False,0.00031090663978750044,0.5303655347967136,-0.0002262618618298351,G12V,fixed_concentration,4.510837023461864e-10,2e-05,0.0034433870408105832,100.00000000000001,0.00011,0.8741447571006196,0.00012583728164755018
54.33556472291671,54.31680076310851,23.986862764375196,23.978921441491615,23.992579112807263,0.0003453347711371846,0.5585421282230929,0.5586882815376684,0.5586945789762097,-6.2974385413028244e-06,1.415261137723232e-10,8.314571901236677e-11,0.0,1.972552221237827e-08,1.971806647654482e-08,4.319179576907679e-10,4.318723270844052e-10,4.317450533981996e-10,0.00019158525850059184,0.0001915152484053042,2.812555996857705e-06,2.81157353409649e-06,0.004085351135556229,0.0040846414595834225,0.004083216877991005,68.1444301199508,68.137246217755,68.1172090549459,444045.0894103525,443967.9522804207,443813.1108119039,0.06439648724375846,0.02007437133832996,90.13675041653846,31.64680666585874,-0.007183902195791347,0.020037162809103393,0.9998945782922662,1.0002941571313197,1.0003488870748198,1.0003488889010816,0.000146153314575459,True,23.97857926661217,-0.0003421748794458779,0.0003405702284453582,0.30835552883927264,0.30859276281584935,1.6804610305509726e-06,0.0,0.04240168922262312,0.03242777383005166,False,0.00031090663978750044,0.5584369236768401,-0.00024245672977474264,G12V,fixed_concentration,4.510837023461864e-10,6.324555320336759e-05,0.0034433870408105832,316.22776601683796,0.00011,0.8741447571006196,0.00012583728164755018
54.33556472291671,54.31680076310851,23.47801792599739,23.47037185051186,23.484188176170157,0.0003453347711371846,0.5679069860463741,0.5680477055829156,0.5680562027884578,-8.497205542190578e-06,1.415261137723232e-10,8.2622840078651e-11,0.0,1.972552221237827e-08,1.971806647654482e-08,1.3816867113117856e-10,1.3815421513647655e-10,1.3811376677017018e-10,0.00019158525850059184,0.0001915152484053042,8.967339866884448e-07,8.964218894112252e-07,0.004123550789048483,0.004122837708215336,0.004121403523344523,69.035990055119,69.02877190309239,69.00857558544435,448197.0318599553,448119.524644828,447963.6393771728,0.06439648724375846,0.019543751914880805,90.13675041653846,30.9021473899245,-0.007218152026609914,0.020196317648043305,0.9998954436371399,1.0002926638823755,1.000347984579207,1.0003479864300413,0.00014071953654148928,True,23.46991015005016,-0.00046170046169891066,0.0003405702284453582,0.3119996137071964,0.31223485517632577,9.290203991096924e-07,0.0,0.04240168922262312,0.032182738990068585,False,0.00031090663978750044,0.5677934278234269,-0.0002478988099912094,G12V,fixed_concentration,4.510837023461864e-10,0.00020000000000000004,0.0034433870408105832,1000.0000000000002,0.00011,0.8741447571006196,0.00012583728164755018
54.33556472291671,54.270972653039045,54.33271391545293,54.26812339071702,54.27456239632316,0.0011887622813353538,5.2466694297148564e-05,0.0012412005386085445,0.0012411666052052955,3.393340324898443e-08,4.865701899860441e-10,4.86531672866685e-10,0.0,1.972552221237827e-08,1.9699911913939166e-08,1.9723185984483498e-08,1.969758313769321e-08,1.9661861691587604e-08,0.00019158525850059184,0.00019134475570761425,0.00019131070058507374,0.00019098016270463497,8.037373351504104e-07,8.028182245903301e-07,8.015546566699786e-07,0.008976379026413232,0.008965771427562358,0.00895096742719385,87.36080133568028,87.26090032033457,87.12355918684564,0.22139236332096504,0.2213728627013978,90.13675041653846,90.14175482720094,-1.0607598850874422e-05,1.4804000368507514e-05,0.9988182764097125,1.0016538994794608,1.0015763964563575,1.0015763948898644,5.2438257273190736e-05,True,54.26812523450765,1.8437906277313232e-06,0.0011723799281895264,4.7388911183166016e-05,0.0012197436744575407,3.039289313820116e-08,0.0,0.14583044998045647,0.1458293614568471,False,0.0010703452528214585,0.0011226960997759994,-5.968986543556341e-08,G12V,fixed_concentration,1.5532557749797256e-09,2.0000000000000003e-10,0.011856914312822334,0.0010000000000000002,0.00011,0.8741447571006196,0.00012583728164755018
54.33556472291671,54.270972653039045,54.32655067205537,54.261963610164905,54.268412988171455,0.0011887622813353538,0.00016589596348737246,0.001354566077064412,0.0013544610339587067,1.0504310570523014e-07,4.865701899860441e-10,4.864484273163391e-10,0.0,1.972552221237827e-08,1.9699911913939166e-08,1.9718137143969977e-08,1.9692549578650053e-08,1.9656842728409075e-08,0.00019158525850059184,0.00019134475570761425,0.00019123710194335932,0.00019090673608983244,2.540739929425148e-06,2.5378352530234314e-06,2.5338413476699158e-06,0.028379188626533734,0.028345662935918864,0.028298865563184117,276.16121084356513,275.8454924248167,275.4113824365927,0.22139236332096504,0.22133070883604591,90.13675041653846,90.12489183776805,-3.3525690614870374e-05,4.6797372734747045e-05,0.9988186522505607,1.001653683700863,1.001576225503301,1.0015762238451562,0.00016580379572905812,True,54.261969317741375,5.7075764701153275e-06,0.0011723799281895264,0.00014981766500488103,0.001322116646674032,9.469670296437943e-08,0.0,0.14583044998045647,0.14582700630406611,False,0.0010703452528214585,0.001235870742996581,-1.9290735526903205e-07,G12V,fixed_concentration,1.5532557749797256e-09,6.324555320336759e-10,0.011856914312822334,0.00316227766016838,0.00011,0.8741447571006196,0.00012583728164755018
54.33556472291671,54.270972653039045,54.30707082173702,54.24249472492348,54.248976742548074,0.0011887622813353538,0.0005244060924919358,0.0017128744031249532,0.0017125449796444327,3.2942348052048334e-07,4.865701899860441e-10,4.861855340885196e-10,0.0,1.972552221237827e-08,1.9699911913939166e-08,1.970218903693694e-08,1.9676649602697078e-08,1.9640989746684567e-08,0.00019158525850059184,0.00019134475570761425,0.0001910046894547136,0.0001906748652106785,8.02552939207709e-06,8.016362146694373e-06,8.003750697012287e-06,0.08967679894990084,0.08957096549145846,0.08942315260677094,872.3206455283156,871.3242288513195,869.9534516827873,0.22139236332096504,0.2211975132287896,90.13675041653846,90.07161691029489,-0.0001058334584423809,0.00014781288468751486,0.998819834564997,1.0016529598921378,1.0015756924671322,1.0015756902462778,0.0005241121217895994,True,54.24251262433433,1.7899410849508968e-05,0.0011723799281895264,0.00047337953429049673,0.0016455024954560304,2.980136404250825e-07,0.0,0.14583044998045647,0.1458195436989516,False,0.0010703452528214585,0.0015935783645608659,-6.116851808790191e-07,G12V,fixed_concentration,1.5532557749797256e-09,2e-09,0.011856914312822334,0.01,0.00011,0.8741447571006196,0.00012583728164755018
54.33556472291671,54.270972653039045,54.24556992135749,54.18102851293589,54.18761353438075,0.0011887622813353538,0.0016562780200802818,0.0028441079202705666,0.0028430713805779593,1.0365396926072766e-06,4.865701899860441e-10,4.853577108435857e-10,0.0,1.972552221237827e-08,1.9699911913939166e-08,1.9651935707279786e-08,1.962654756135673e-08,1.9591035558804504e-08,0.00019158525850059184,0.00019134475570761425,0.0001902729580893898,0.00018994484298881633,2.5289347783711773e-05,2.5260538124057872e-05,2.5220840896307846e-05,0.28292433234768405,0.282591488055487,0.28212578861452836,2748.7806113231004,2745.6491986875003,2741.3343839355944,0.22139236332096504,0.22077737106739548,90.13675041653846,89.90364862830788,-0.00033284429219704315,0.00046569944095864457,0.9988235572054368,1.0016506801566976,1.0015739850988012,1.0015739833772892,0.0011878299001902848,True,54.181084833905444,5.6320969555656575e-05,0.0011723799281895264,0.0014931114791189026,0.0026646789430792017,9.38029699441064e-07,0.0,0.14583044998045647,0.14579579410180096,False,0.0010703452528214585,0.0027229161837266647,-1.9342998589300976e-06,G12V,fixed_concentration,1.5532557749797256e-09,6.32455532033676e-09,0.011856914312822334,0.0316227766016838,0.00011,0.8741447571006196,0.00012583728164755018
54.33556472291671,54.270972653039045,54.05208007939683,53.98764803019695,53.99455653881672,0.0011887622813353538,0.005217294509875847,0.006403111746311141,0.006399854668287242,3.2570780238985395e-06,4.865701899860441e-10,4.827747111021278e-10,0.0,1.972552221237827e-08,1.9699911913939166e-08,1.9494787136376134e-08,1.9469871204620214e-08,1.9434819981205775e-08,0.00019158525850059184,0.00019134475570761425,0.00018799083614811217,0.00018766802863660602,7.908693662906431e-05,7.899759527184885e-05,7.887386817597603e-05,0.8881662925263868,0.8871318461212192,0.885676210283652,8596.212968262857,8586.502177270753,8573.053895154142,0.22139236332096504,0.2194592716213048,90.13675041653846,89.37745026413279,-0.0010344464051675883,0.0014556358375672485,0.9988353009860067,1.001643530469336,1.0015686703179913,1.0015686687942336,0.0011858172364352937,True,53.98782500537072,0.00017697517377257554,0.0011723799281895264,0.004683444021936212,0.00585325788595914,2.924711599519396e-06,0.0,0.14583044998045647,0.14571920885426404,False,0.0010703452528214585,0.006275966502583663,-6.08895370242564e-06,G12V,fixed_concentration,1.5532557749797256e-09,2.0000000000000004e-08,0.011856914312822334,0.10000000000000002,0.00011,0.8741447571006196,0.00012583728164755018
54.33556472291671,54.270972653039045,53.44998290553543,53.38589566082498,53.393804365866174,0.0011887622813353538,0.016298382503196374,0.017477853905348173,0.01746776988216515,1.0084023183021956e-05,4.865701899860441e-10,4.749429769377862e-10,0.0,1.972552221237827e-08,1.9699911913939166e-08,1.9014829380545636e-08,1.8991331871083056e-08,1.8957676498745195e-08,0.00019158525850059184,0.00019134475570761425,0.00018107892108452833,0.00018077198870104232,0.00024158300538856724,0.00024131704820210014,0.00024094296064365865,2.7454839588776143,2.742385459739087,2.737946335495571,26258.425149619376,26229.51743694229,26188.856709490665,0.22139236332096504,0.21539354507930278,90.13675041653846,87.76147797822571,-0.003098499138527444,0.004439124243516002,0.998871419689593,1.0016213335469604,1.001552597998473,1.001552596507082,0.0011794714021517994,True,53.38644358191931,0.0005479210943306612,0.0011723799281895264,0.014437334446130157,0.015601642573208507,8.85424001002659e-06,0.0,0.14583044998045647,0.14546301771840775,False,0.0010703452528214585,0.017332300894506658,-1.8981965170208892e-05,G12V,fixed_concentration,1.5532557749797256e-09,6.32455532033676e-08,0.011856914312822334,0.316227766016838,0.00011,0.8741447571006196,0.00012583728164755018
54.33556472291671,54.270972653039045,51.639489547927326,51.576477235949575,51.58732793320908,0.0011887622813353538,0.04961897771262658,0.050778665889221086,0.05074875482481874,2.991106440234509e-05,4.865701899860441e-10,4.5319613272005226e-10,0.0,1.972552221237827e-08,1.9699911913939166e-08,1.764650800239093e-08,1.7626847279914674e-08,1.759706232652868e-08,0.00019158525850059184,0.00019134475570761425,0.00016189642799269247,0.00016163193282603874,0.000688435902694163,0.000687731854487986,0.0006866961579594401,8.107875331086102,8.099573651604436,8.086994271412296,74828.22588281691,74751.70071003387,74639.12772124718,0.22139236332096504,0.20348849549414708,90.13675041653846,83.08656539085615,-0.008301679481666824,0.012579380192139666,0.9989760968018542,1.0015555074938791,1.0015082311391164,1.0015082302302234,0.0011596881765945088,True,51.57810247052534,0.0016252345757621356,0.0011723799281895264,0.04219834256350896,0.04334565019298908,2.440019111491637e-05,0.0,0.14583044998045647,0.14453629210952962,False,0.0010703452528214585,0.05057896800598671,-5.7245522216760325e-05,G12V,fixed_concentration,1.5532557749797256e-09,2.0000000000000002e-07,0.011856914312822334,1.0000000000000002,0.00011,0.8741447571006196,0.00012583728164755018
54.33556472291671,54.270972653039045,46.77857488690474,46.71885901902006,46.73710767640035,0.0011887622813353538,0.13907999069391674,0.14017901061188764,0.1401034199282267,7.559068366094768e-05,4.865701899860441e-10,4.0609265714960385e-10,0.0,1.972552221237827e-08,1.9699911913939166e-08,1.4335062956116218e-08,1.432300010001945e-08,1.4301587182030957e-08,0.00019158525850059184,0.00019134475570761425,0.00011982617625500496,0.00011964587392092885,0.0016406816408154736,0.0016392588464158098,0.0016369416776403855,21.149792375317382,21.133184328100914,21.103698596128936,178330.3608588185,178175.7129494045,177923.85313458688,0.22139236332096504,0.1737712122201508,90.13675041653846,71.70495933497557,-0.01660804721646869,0.029485731971977458,0.9992147418318937,1.001397183144825,1.0014155475464248,1.00141554833925,0.0010990199179709004,True,46.72296628150457,0.004107262484509988,0.0011723799281895264,0.10631066376347287,0.10740903685320113,5.062964988754304e-05,0.0,0.14583044998045647,0.14102389258063938,False,0.0010703452528214585,0.1398431595450339,-0.0001583127939026041,G12V,fixed_concentration,1.5532557749797256e-09,6.324555320336759e-07,0.011856914312822334,3.16227766016838,0.00011,0.8741447571006196,0.00012583728164755018
54.33556472291671,54.270972653039045,37.828074543650025,37.77752334028415,37.80804783390732,0.0011887622813353538,0.3038063607776297,0.30473671281544623,0.30463396951644284,0.00010274329900339385,4.865701899860441e-10,3.4627835402438884e-10,0.0,1.972552221237827e-08,1.9699911913939166e-08,8.6960996938871e-09,8.691367641069803e-09,8.680532094357275e-09,0.00019158525850059184,0.00019134475570761425,6.389784844930084e-05,6.381151977767495e-05,0.002841135663033689,0.002839121172349538,0.0028354158426917324,41.66857079607794,41.64684055432673,41.59707888608287,308810.0324124488,308591.0707449029,308188.32827732887,0.22139236332096504,0.12660630874164147,90.13675041653846,54.007258612697996,-0.021730241751207302,0.04976166824386041,0.9994784980301448,1.001196277949712,1.0013068029041863,1.0013068063603356,0.0009303520378165508,True,37.78310595545699,0.005582615172841088,0.0011723799281895264,0.19812351317877885,0.19911950464445005,5.588756763486025e-05,0.0,0.14583044998045647,0.13154350594232958,False,0.0010703452528214585,0.30417493539068163,-0.0003765929437342108,G12V,fixed_concentration,1.5532557749797256e-09,2.0000000000000003e-06,0.011856914312822334,10.000000000000002,0.00011,0.8741447571006196,0.00012583728164755018
54.33556472291671,54.270972653039045,29.621675095724722,29.583739767024493,29.62438002522153,0.0011887622813353538,0.45483818477308646,0.4555363523341246,0.4554862525762525,5.009975787206855e-05,4.865701899860441e-10,3.074767881910498e-10,0.0,1.972552221237827e-08,1.9699911913939166e-08,3.732384898239461e-09,3.730844125576339e-09,3.726755929021357e-09,0.00019158525850059184,0.00019134475570761425,2.5319727575800443e-05,2.528793976214763e-05,0.0036331575518479464,0.003630862550895616,0.00362636746791094,57.93264063534398,57.90916277031809,57.84686712442705,394895.8326495508,394646.381136806,394157.79870899784,0.22139236332096504,0.09053152776502024,90.13675041653846,40.225321721965294,-0.02347786502588889,0.06229564589104086,0.999594738565886,1.0010769061314426,1.001239555291749,1.0012395604740245,0.0006981675610381322,True,29.586461965660952,0.002722198636458728,0.0011723799281895264,0.2664062180531468,0.26729791342048614,3.1644741940228815e-05,0.0,0.14583044998045647,0.12032903458334886,False,0.0010703452528214585,0.45478840283908795,-0.0006332932949461578,G12V,fixed_concentration,1.5532557749797256e-09,6.324555320336759e-06,0.011856914312822334,31.622776601683796,0.00011,0.8741447571006196,0.00012583728164755018
54.33556472291671,54.270972653039045,25.513492128234592,25.483151966668814,25.528448748653265,0.0011887622813353538,0.5304458091428659,0.5310041940924013,0.5310039974539997,1.9663840156169954e-07,4.865701899860441e-10,2.9143234111217393e-10,0.0,1.972552221237827e-08,1.9699911913939166e-08,1.3174523779033665e-09,1.3169594053259506e-09,1.3155956181255322e-09,0.00019158525850059184,0.00019134475570761425,8.664595060587895e-06,8.65405668911093e-06,0.003968343886905752,0.003965942320174979,0.003961141910637057,65.44097304206434,65.41664547549622,65.34934476348506,431327.4978572494,431066.463290742,430544.694287411,0.22139236332096504,0.07462701957184611,90.13675041653846,33.92484171776808,-0.024327566568118186,0.06730071201116061,0.9996282517597579,1.0010298605480243,1.001211875172922,1.0012118811595032,0.0005583849495354176,True,25.483162651127408,1.0684458594312218e-05,0.0011723799281895264,0.29729094340646034,0.2981281125312899,1.3327131522300473e-05,0.0,0.14583044998045647,0.11397518097820376,False,0.0010703452528214585,0.5301705452251181,-0.0007778490168741659,G12V,fixed_concentration,1.5532557749797256e-09,2e-05,0.011856914312822334,100.00000000000001,0.00011,0.8741447571006196,0.00012583728164755018
54.33556472291671,54.270972653039045,23.986862764375196,23.95951834042614,24.006475601869102,0.0011887622813353538,0.5585421282230929,0.5590453791617461,0.5590669166898599,-2.1537528113735327e-05,4.865701899860441e-10,2.8590206312342344e-10,0.0,1.972552221237827e-08,1.9699911913939166e-08,4.319179576907679e-10,4.317612218291197e-10,4.313229603190557e-10,0.00019158525850059184,0.00019134475570761425,2.8113643226202567e-06,2.8079829595338008e-06,0.004085351135556229,0.004082913208362799,0.004078010184020503,68.1444301199508,68.11975423225108,68.05075693562873,444045.0894103525,443780.1026926537,443247.180272874,0.22139236332096504,0.06904372063031976,90.13675041653846,31.664354206713888,-0.02467588769971485,0.06899729662235643,0.9996378884135316,1.0010139093190047,1.001202308018138,1.0012023142921105,0.0005032509386532213,True,23.958348086673343,-0.0011702537527966683,0.0011723799281895264,0.30835552883927264,0.3091721789372647,5.780002559963027e-06,0.0,0.14583044998045647,0.11149384406819422,False,0.0010703452528214585,0.5581811705778763,-0.0008334699825937042,G12V,fixed_concentration,1.5532557749797256e-09,6.324555320336759e-05,0.011856914312822334,316.22776601683796,0.00011,0.8741447571006196,0.00012583728164755018
54.33556472291671,54.270972653039045,23.47801792599739,23.451689914436493,23.49919245361205,0.0011887622813353538,0.5679069860463741,0.5683915307767944,0.5684206419233907,-2.911114659631675e-05,4.865701899860441e-10,2.841052648752899e-10,0.0,1.972552221237827e-08,1.9699911913939166e-08,1.3816867113117856e-10,1.3811901143527165e-10,1.379797287968247e-10,0.00019158525850059184,0.00019134475570761425,8.963561007408359e-07,8.952819430086795e-07,0.004123550789048483,0.004121101103074466,0.004116165007760357,69.035990055119,69.01119402361651,68.94164860103724,448197.0318599553,447930.7670414028,447394.25006743026,0.22139236332096504,0.06722021105602975,90.13675041653846,30.919742872260368,-0.024796031502489768,0.06954542257926732,0.9996408245687113,1.0010087577537017,1.001199197628084,1.0011992039993622,0.0004845447304202555,True,23.45010814384645,-0.0015817705900431633,0.0011723799281895264,0.3119996137071964,0.3128094053553814,3.193804708645498e-06,0.0,0.14583044998045647,0.11065214877622025,False,0.0010703452528214585,0.5675172868185729,-0.0008521879340637195,G12V,fixed_concentration,1.5532557749797256e-09,0.00020000000000000004,0.011856914312822334,1000.0000000000002,0.00011,0.8741447571006196,0.00012583728164755018
54.33556472291671,54.11338588707688,54.33271391545293,54.1105406047094,54.13262601206779,0.004089013098010907,5.2466694297148564e-05,0.004141378107595184,0.004141265255307866,1.1285228731800628e-07,1.6664860258676247e-09,1.6663540835413593e-09,0.0,1.972552221237827e-08,1.9638065692807717e-08,1.9723185984483498e-08,1.963575387437577e-08,1.9513305159403096e-08,0.00019158525850059184,0.00019076380902756672,0.00019072993864177305,0.00018959690846886724,8.037373351504104e-07,8.005972156322217e-07,7.962618967244901e-07,0.008976379026413232,0.008940144546769073,0.008889349630809609,87.36080133568028,87.0194919634576,86.54827260733018,0.7582107371220665,0.7581439429291278,90.13675041653846,90.17269650555978,-3.623447964415903e-05,5.0794915959464365e-05,0.9959633523119358,1.0057141318621796,1.0054445891804762,1.0054445841832724,5.236500958427648e-05,True,54.11054673660216,6.131892760663504e-06,0.004032934467673388,4.7388911183166016e-05,0.004080233723749438,1.0146126618038043e-07,0.0,0.5000765274017727,0.5000726235470583,False,0.0036828516275664303,0.0037349149104053403,-2.1018440775344427e-07,G12V,fixed_concentration,5.348460806629396e-09,2.0000000000000003e-10,0.04082794508877401,0.0010000000000000002,0.00011,0.8741447571006196,0.00012583728164755018
54.33556472291671,54.11338588707688,54.32655067205537,54.104389412827985,54.12651028731485,0.004089013098010907,0.00016589596348737246,0.004254585578848724,0.004254230710730673,3.548681180515559e-07,1.6664860258676247e-09,1.6660689225740719e-09,0.0,1.972552221237827e-08,1.9638065692807717e-08,1.9718137143969977e-08,1.9630757136068178e-08,1.9508359064456154e-08,0.00019158525850059184,0.00019076380902756672,0.0001906567383399685,0.00018952429738774428,2.540739929425148e-06,2.530816208013018e-06,2.517113065079082e-06,0.028379188626533734,0.02826466818563617,0.028104099686042647,276.16121084356513,275.0825703219339,273.5931332323185,0.7582107371220665,0.7579995554626516,90.13675041653846,90.15587047280778,-0.00011452044089756488,0.00016056849959352262,0.9959646330131338,1.0057133479238713,1.0054439918190587,1.005443985644006,0.00016557248083781673,True,54.10440869478758,1.9281959595218723e-05,0.004032934467673388,0.00014981766500488103,0.004182469379368503,3.214515152984154e-07,0.0,0.5000765274017727,0.500064176463205,False,0.0036828516275664303,0.0038474696392303276,-6.669816043389058e-07,G12V,fixed_concentration,5.348460806629396e-09,6.324555320336759e-10,0.04082794508877401,0.00316227766016838,0.00011,0.8741447571006196,0.00012583728164755018
54.33556472291671,54.11338588707688,54.30707082173702,54.084947648326064,54.107180538593425,0.004089013098010907,0.0005244060924919358,0.004612394770693196,0.004611274887121967,1.119883571228282e-06,1.6664860258676247e-09,1.6651683759929582e-09,0.0,1.972552221237827e-08,1.9638065692807717e-08,1.970218903693694e-08,1.9614973606077692e-08,1.9492735964888744e-08,0.00019158525850059184,0.00019076380902756672,0.00019042557760919982,0.00018929499371182125,8.02552939207709e-06,7.994209709020824e-06,7.95093974602668e-06,0.08967679894990084,0.08931528338942607,0.08880811420635816,872.3206455283156,868.9164108246262,864.2132641863781,0.7582107371220665,0.7575433267167073,90.13675041653846,90.10271200701457,-0.0003615155604747705,0.0005071691830679098,0.995968683486609,1.0057108428390837,1.0054421193439138,1.0054421134610516,0.0005233816726822882,True,54.085008497832334,6.084950626927821e-05,0.004032934467673388,0.00047337953429049673,0.004505420424308126,1.0155309843728338e-06,0.0,0.5000765274017727,0.5000374146557347,False,0.0036828516275664303,0.004203217275608018,-2.109134619108534e-06,G12V,fixed_concentration,5.348460806629396e-09,2e-09,0.04082794508877401,0.01,0.00011,0.8741447571006196,0.00012583728164755018
54.33556472291671,54.11338588707688,54.24556992135749,54.02356710809664,54.046153523121426,0.004089013098010907,0.0016562780200802818,0.005742051571766882,0.005738518575573133,3.5329961937486873e-06,1.6664860258676247e-09,1.662332659956778e-09,0.0,1.972552221237827e-08,1.9638065692807717e-08,1.9651935707279786e-08,1.9565238410945128e-08,1.944350518433139e-08,0.00019158525850059184,0.00019076380902756672,0.00018969778163465263,0.00018857304185027616,2.5289347783711773e-05,2.5190920989143908e-05,2.5054718472351743e-05,0.28292433234768405,0.281787394004788,0.28018948212084366,2748.7806113231004,2738.082293736563,2723.278019745322,0.7582107371220665,0.7561042330799951,90.13675041653846,89.93510870541635,-0.0011369383428960211,0.0015979118839443696,0.9959814755646438,1.0057029688332668,1.0054362022443983,1.0054361963354095,0.0016530384737559745,True,54.02375907543999,0.00019196734334769872,0.004032934467673388,0.0014931114791189026,0.005523219793350798,3.195467306724674e-06,0.0,0.5000765274017727,0.4999522827808415,False,0.0036828516275664303,0.005326367753259342,-6.6620681854149405e-06,G12V,fixed_concentration,5.348460806629396e-09,6.32455532033676e-09,0.04082794508877401,0.0316227766016838,0.00011,0.8741447571006196,0.00012583728164755018
54.33556472291671,54.11338588707688,54.05208007939683,53.83045736874898,53.85415375178945,0.004089013098010907,0.005217294509875847,0.009296072595242455,0.009284974022299691,1.109857294276373e-05,1.6664860258676247e-09,1.6534846604611785e-09,0.0,1.972552221237827e-08,1.9638065692807717e-08,1.9494787136376134e-08,1.9409702673377032e-08,1.9289543290370302e-08,0.00019158525850059184,0.00019076380902756672,0.00018742784344276,0.00018632124903810295,7.908693662906431e-05,7.878171204270086e-05,7.835718833695932e-05,0.8881662925263868,0.8846328321944742,0.8796380798393733,8596.212968262857,8563.03715186465,8516.894357084864,0.7582107371220665,0.7515894281617765,90.13675041653846,89.41003492512392,-0.003533460331912597,0.00499475235510094,0.9960216230207728,1.0056781902347987,1.0054178016688904,1.005417795835568,0.004078778085366608,True,53.83106041597745,0.0006030472284663801,0.004032934467673388,0.004683444021936212,0.008707457577124211,9.967110338097648e-06,0.0,0.5000765274017727,0.49967814324132004,False,0.0036828516275664303,0.008859960756499086,-2.0970859366002334e-05,G12V,fixed_concentration,5.348460806629396e-09,2.0000000000000004e-08,0.04082794508877401,0.10000000000000002,0.00011,0.8741447571006196,0.00012583728164755018
54.33556472291671,54.11338588707688,53.44998290553543,53.22955777709256,53.2566856058133,0.004089013098010907,0.016298382503196374,0.020355120103457303,0.020320751301675318,3.4368801781984454e-05,1.6664860258676247e-09,1.62665813282608e-09,0.0,1.972552221237827e-08,1.9638065692807717e-08,1.9014829380545636e-08,1.8934592142237312e-08,1.881920065819592e-08,0.00019158525850059184,0.00019076380902756672,0.0001805519604671898,0.0001794996679786124,0.00024158300538856724,0.00024067443973959914,0.00023939081272225698,2.7454839588776143,2.734900733205376,2.7196670842666077,26258.425149619376,26159.67030422796,26020.148955209504,0.7582107371220665,0.7376634979580231,90.13675041653846,87.79733387098779,-0.010583225672238239,0.01523364893876833,0.9961452240003017,1.005601291800344,1.0053620563076138,1.0053620503579217,0.004056737600260929,True,53.231425225346236,0.0018674482536766845,0.004032934467673388,0.014437334446130157,0.018442217941735617,3.0173851641199928e-05,0.0,0.5000765274017727,0.49876467553276727,False,0.0036828516275664303,0.01985585541633972,-6.535418989448913e-05,G12V,fixed_concentration,5.348460806629396e-09,6.32455532033676e-08,0.04082794508877401,0.316227766016838,0.00011,0.8741447571006196,0.00012583728164755018
54.33556472291671,54.11338588707688,51.639489547927326,51.422794271759585,51.46001154405577,0.004089013098010907,0.04961897771262658,0.05360707054414082,0.053505098160860645,0.00010197238328017721,1.6664860258676247e-09,1.5521747976460418e-09,0.0,1.972552221237827e-08,1.9638065692807717e-08,1.764650800239093e-08,1.757938212157847e-08,1.747721484522647e-08,0.00019158525850059184,0.00019076380902756672,0.00016146244975402538,0.00016055535486860547,0.000688435902694163,0.0006860310496234863,0.0006824765018263453,8.107875331086102,8.079525484838793,8.036342738993335,74828.22588281691,74566.83497189343,74180.48043708049,0.7582107371220665,0.696887507738247,90.13675041653846,83.13034722403849,-0.028349846247309074,0.043182745845458115,0.9965034185788952,1.0053734325734927,1.005208307960243,1.0052083045639026,0.003988092831514245,True,51.42833499879125,0.0055407270316649715,0.004032934467673388,0.04219834256350896,0.04614424764971614,8.315376873685443e-05,0.0,0.5000765274017727,0.49548965378169113,False,0.0036828516275664303,0.05292211820241077,-0.0001969718049551067,G12V,fixed_concentration,5.348460806629396e-09,2.0000000000000002e-07,0.04082794508877401,1.0000000000000002,0.00011,0.8741447571006196,0.00012583728164755018
54.33556472291671,54.11338588707688,46.77857488690474,46.5732941516017,46.63586249754989,0.004089013098010907,0.13907999069391674,0.14285800857870112,0.142600303888309,0.00025770469039212984,1.6664860258676247e-09,1.390892062825753e-09,0.0,1.972552221237827e-08,1.9638065692807717e-08,1.4335062956116218e-08,1.4293888040170888e-08,1.4220358517384212e-08,0.00019158525850059184,0.00019076380902756672,0.0001195592600808377,0.00011894046318263416,0.0016406816408154736,0.0016358226109758427,0.0016278662760108298,21.149792375317382,21.09309538425833,20.991792567358196,178330.3608588185,177802.21780452848,176937.42080581767,0.7582107371220665,0.5951156064699392,90.13675041653846,71.7596049709371,-0.05669699105905224,0.10130281690013376,0.9973192648867221,1.0048258297415562,1.0048875851058912,1.0048875867793952,0.0037780178847843793,True,46.5872966814859,0.01400252988420192,0.004032934467673388,0.10631066376347287,0.1100873529902805,0.00017249869930718864,0.0,0.5000765274017727,0.48324088841723045,False,0.0036828516275664303,0.14170649122046164,-0.0005441401309325133,G12V,fixed_concentration,5.348460806629396e-09,6.324555320336759e-07,0.04082794508877401,3.16227766016838,0.00011,0.8741447571006196,0.00012583728164755018
54.33556472291671,54.11338588707688,37.828074543650025,37.65436464952013,37.758961311370676,0.004089013098010907,0.3038063607776297,0.307003344098144,0.3066531056871618,0.00035023841098219544,1.6664860258676247e-09,1.1862117783104371e-09,0.0,1.972552221237827e-08,1.9638065692807717e-08,8.6960996938871e-09,8.679949883937408e-09,8.642685862647026e-09,0.00019158525850059184,0.00019076380902756672,6.378476526102569e-05,6.348822309209172e-05,0.002841135663033689,0.002834256142267209,0.0028215254400991204,41.66857079607794,41.594404553302596,41.42323113217161,308810.0324124488,308062.27453717665,306678.53978286416,0.7582107371220665,0.43367942273611515,90.13675041653846,54.06540374948122,-0.07416624277534112,0.17117342113098744,0.9982200915136181,1.0041323049036135,1.0045119926927335,1.004512003856847,0.003196983320514324,True,37.673395051368516,0.019030401848382894,0.004032934467673388,0.19812351317877885,0.20154775139805903,0.00019032289676201852,0.0,0.5000765274017727,0.45055609665710666,False,0.0036828516275664303,0.3050783312196742,-0.001292007435266973,G12V,fixed_concentration,5.348460806629396e-09,2.0000000000000003e-06,0.04082794508877401,10.000000000000002,0.00011,0.8741447571006196,0.00012583728164755018
54.33556472291671,54.11338588707688,29.621675095724722,29.491259028755398,29.63047504800774,0.004089013098010907,0.45483818477308646,0.45723838191163424,0.4570673585760847,0.00017102333554952498,1.6664860258676247e-09,1.053509256550277e-09,0.0,1.972552221237827e-08,1.9638065692807717e-08,3.732384898239461e-09,3.7271246555930744e-09,3.713052922167565e-09,0.00019158525850059184,0.00019076380902756672,2.528058070671288e-05,2.5171334197750362e-05,0.0036331575518479464,0.003625319150725822,0.0036098695272262647,57.93264063534398,57.852485052159395,57.63804266488371,394895.8326495508,394043.84997782466,392364.5897164928,0.7582107371220665,0.3102835521257579,90.13675041653846,40.2838592593865,-0.0801555831845846,0.21444238727568177,0.9986164003175839,1.003720500859519,1.0042798287813544,1.0042798466154788,0.002400197138547777,True,29.50055167827328,0.009292649517881557,0.004032934467673388,0.2664062180531468,0.2694725095793651,0.00010775587773392825,0.0,0.5000765274017727,0.41213374057011204,False,0.0036828516275664303,0.45467622911240835,-0.002169705739173633,G12V,fixed_concentration,5.348460806629396e-09,6.324555320336759e-06,0.04082794508877401,31.622776601683796,0.00011,0.8741447571006196,0.00012583728164755018
54.33556472291671,54.11338588707688,25.513492128234592,25.409091484921184,25.564256039402835,0.004089013098010907,0.5304458091428659,0.5323672144663552,0.5323658223795066,1.3920868485728377e-06,1.6664860258676247e-09,9.98646969217471e-10,0.0,1.972552221237827e-08,1.9638065692807717e-08,1.3174523779033665e-09,1.3157692169834284e-09,1.3110733234002758e-09,0.00019158525850059184,0.00019076380902756672,8.651866582318729e-06,8.61564188049567e-06,0.003968343886905752,0.003960141166560688,0.003943639779303344,65.44097304206434,65.35791070933304,65.12616931581935,431327.4978572494,430435.91589694924,428642.3372483115,0.7582107371220665,0.25589141571788526,90.13675041653846,33.984171605667115,-0.08306233273130204,0.23174139351368694,0.9987307289474759,1.0035583452235597,1.004184303886969,1.0041843245353497,0.001921405323489278,True,25.409167124746247,7.563982506297862e-05,0.004032934467673388,0.29729094340646034,0.30017037196190166,4.5448980358964164e-05,0.0,0.5000765274017727,0.3904165424801277,False,0.0036828516275664303,0.5295115423982923,-0.002663565160602399,G12V,fixed_concentration,5.348460806629396e-09,2e-05,0.04082794508877401,100.00000000000001,0.00011,0.8741447571006196,0.00012583728164755018
54.33556472291671,54.11338588707688,23.986862764375196,23.892719060312487,24.053570936238483,0.004089013098010907,0.5585421282230929,0.560274763276079,0.5603472552430087,-7.249196692971083e-05,1.6664860258676247e-09,9.79737250547183e-10,0.0,1.972552221237827e-08,1.9638065692807717e-08,4.319179576907679e-10,4.3138279102210286e-10,4.298735829679405e-10,0.00019158525850059184,0.00019076380902756672,2.807303665598467e-06,2.795679838390198e-06,0.004085351135556229,0.004077024134364255,0.004060169285962445,68.1444301199508,68.06017539005711,67.82257246025058,444045.0894103525,443139.9989188575,441308.0018522806,0.7582107371220665,0.23679665615901788,90.13675041653846,31.724122273590158,-0.08425472989368643,0.23760292980652764,0.9987635859637335,1.0035033016470407,1.004151267401604,1.004151289029176,0.0017326350529860424,True,23.88878016835148,-0.0039388919610061635,0.004032934467673388,0.30835552883927264,0.31116467082744537,1.9785161052887634e-05,0.0,0.5000765274017727,0.38194164786185275,False,0.0036828516275664303,0.5573144208788616,-0.00285353118580689,G12V,fixed_concentration,5.348460806629396e-09,6.324555320336759e-05,0.04082794508877401,316.22776601683796,0.00011,0.8741447571006196,0.00012583728164755018
54.33556472291671,54.11338588707688,23.47801792599739,23.387354924076288,23.550074471745226,0.004089013098010907,0.5679069860463741,0.5695755617275773,0.5696738200399896,-9.825831241228045e-05,1.6664860258676247e-09,9.735934556961688e-10,0.0,1.972552221237827e-08,1.9638065692807717e-08,1.3816867113117856e-10,1.3799910492323974e-10,1.3751945334704075e-10,0.00019158525850059184,0.00019076380902756672,8.950684233189912e-07,8.913758127204449e-07,0.004123550789048483,0.004115183472367894,0.004098214713105453,69.035990055119,68.95132236794012,68.71182614433381,448197.0318599553,447287.55934233096,445443.1810716823,0.7582107371220665,0.23056015583904182,90.13675041653846,30.979674484634543,-0.08466768717887874,0.2394962236063094,0.9987735717687067,1.003485516788671,1.0041405247041295,1.0041405466488706,0.001668575681203155,True,23.38201600318265,-0.005338920893638743,0.004032934467673388,0.3119996137071964,0.31478525174751126,1.0977568661973969e-05,0.0,0.5000765274017727,0.37906750806580514,False,0.0036828516275664303,0.5665808464154476,-0.0029174740906257046,G12V,fixed_concentration,5.348460806629396e-09,0.00020000000000000004,0.04082794508877401,1000.0000000000002,0.00011,0.8741447571006196,0.00012583728164755018
54.33556472291671,53.573480879877856,54.33271391545293,53.570649769299514,53.64564916904484,0.014025506993901371,5.2466694297148564e-05,0.014077611183722194,0.014077237816210708,3.7336751148621394e-07,5.633559533443617e-09,5.633113360973827e-09,0.0,1.972552221237827e-08,1.943284237222899e-08,1.9723185984483498e-08,1.9430587467208075e-08,1.9015462283940628e-08,0.00019158525850059184,0.00018883460200200323,0.0001888013442046508,0.00018496024526432452,8.037373351504104e-07,7.932128950328692e-07,7.784700584338732e-07,0.008976379026413232,0.008855004076631565,0.008682246488047756,87.36080133568028,86.21686687116465,84.61442219775554,2.562562979588803,2.562337168033221,90.13675041653846,90.27536956230945,-0.00012137494978166699,0.00017275758858380924,0.9864784063346125,1.0198977982048347,1.0189382191893874,1.0189381979074912,5.210418982082299e-05,True,53.570670056434096,2.0287134582019917e-05,0.013836419717167758,4.7388911183166016e-05,0.013883490015884958,3.370803991036009e-07,0.0,1.697403013170946,1.6973878440056454,False,0.012646232839779947,0.012697310820087737,-7.252079569433634e-07,G12V,fixed_concentration,1.8416820629831085e-08,2.0000000000000003e-10,0.14058641702161134,0.0010000000000000002,0.00011,0.8741447571006196,0.00012583728164755018
54.33556472291671,53.573480879877856,54.32655067205537,53.564529256514035,53.63964929918282,0.014025506993901371,0.00016589596348737246,0.014190254032226512,0.01418907618239259,1.1778498339217597e-06,5.633559533443617e-09,5.6321490647795685e-09,0.0,1.972552221237827e-08,1.943284237222899e-08,1.9718137143969977e-08,1.9425713476786163e-08,1.901075785308664e-08,0.00019158525850059184,0.00018883460200200323,0.0001887294663633976,0.0001848903451808993,2.540739929425148e-06,2.507479582513517e-06,2.4608800367781052e-06,0.028379188626533734,0.02799557936104843,0.027449471179262042,276.16121084356513,272.54603920929793,267.4809899325141,2.562562979588803,2.56184903838101,90.13675041653846,90.25866610110843,-0.0003836092654853039,0.000546108181786388,0.9864827261084328,1.0198950347064963,1.0189361305870164,1.0189361093588811,0.00016474703832514148,True,53.56459325564992,6.39991358823977e-05,0.013836419717167758,0.00014981766500488103,0.013985231610183946,1.0671681053599225e-06,0.0,1.697403013170946,1.6973550266644166,False,0.012646232839779947,0.01280773333787355,-2.297506412328801e-06,G12V,fixed_concentration,1.8416820629831085e-08,6.324555320336759e-10,0.14058641702161134,0.00316227766016838,0.00011,0.8741447571006196,0.00012583728164755018
54.33556472291671,53.573480879877856,54.30707082173702,53.54518440611148,53.620685540815685,0.014025506993901371,0.0005244060924919358,0.014546279602241308,0.014542558025075416,3.7215771658914015e-06,5.633559533443617e-09,5.629103798743801e-09,0.0,1.972552221237827e-08,1.943284237222899e-08,1.970218903693694e-08,1.9410318080454186e-08,1.8995898873324387e-08,0.00019158525850059184,0.00018883460200200323,0.00018850247604990282,0.00018466960289310855,8.02552939207709e-06,7.920558895714167e-06,7.773412005042376e-06,0.08967679894990084,0.08846583993135483,0.08674088862218861,872.3206455283156,860.9110723462018,844.9172203202676,2.562562979588803,2.5603066638228746,90.13675041653846,90.20589391413579,-0.0012109590185460095,0.0017249513091662227,0.9864964067325538,1.0198862536061797,1.0189295113363785,1.018929489944437,0.0005207726083399367,True,53.54538662010845,0.0002022139969710679,0.013836419717167758,0.00047337953429049673,0.01430662198732291,3.3726137866150335e-06,0.0,1.697403013170946,1.697251093509736,False,0.012646232839779947,0.013156745232087652,-7.261938635979431e-06,G12V,fixed_concentration,1.8416820629831085e-08,2e-09,0.14058641702161134,0.01,0.00011,0.8741447571006196,0.00012583728164755018
54.33556472291671,53.573480879877856,54.24556992135749,53.48411028263591,53.560813825936634,0.014025506993901371,0.0016562780200802818,0.015670297062757577,0.01565855487502717,1.1742187730406223e-05,5.633559533443617e-09,5.619514706909188e-09,0.0,1.972552221237827e-08,1.943284237222899e-08,1.9651935707279786e-08,1.9361803306595105e-08,1.8949072707177448e-08,0.00019158525850059184,0.00018883460200200323,0.00018778778407462483,0.00018397455759804152,2.5289347783711773e-05,2.4959468863989313e-05,2.4496276635692805e-05,0.28292433234768405,0.27911604083537295,0.2736811284569572,2748.7806113231004,2712.9250350360376,2662.5792358516032,2.562562979588803,2.555441538921227,90.13675041653846,90.03950228334085,-0.0038082915123111016,0.005434912378415757,0.9865395405170344,1.019858557325667,1.018908678865163,1.018908657630364,0.0016447900688562056,True,53.48474830103732,0.0006380184014105339,0.013836419717167758,0.0014931114791189026,0.015319489723442992,1.0617844265941104e-05,0.0,1.697403013170946,1.696920900910549,False,0.012646232839779947,0.014258633381854069,-2.2931800516814635e-05,G12V,fixed_concentration,1.8416820629831085e-08,6.32455532033676e-09,0.14058641702161134,0.0316227766016838,0.00011,0.8741447571006196,0.00012583728164755018
54.33556472291671,53.573480879877856,54.05208007939683,53.2919680168918,53.37244635078312,0.014025506993901371,0.005217294509875847,0.01920651255483785,0.01916962630313971,3.688625169814136e-05,5.633559533443617e-09,5.589595824699416e-09,0.0,1.972552221237827e-08,1.943284237222899e-08,1.9494787136376134e-08,1.921006494028748e-08,1.8802602286814943e-08,0.00019158525850059184,0.00018883460200200323,0.0001855584003340153,0.0001818062194631876,7.908693662906431e-05,7.806402921595012e-05,7.662021916829367e-05,0.8881662925263868,0.8763313372908778,0.859340889271439,8596.212968262857,8485.029952509838,8328.0977749644,2.562562979588803,2.5401785534278485,90.13675041653846,89.51815987127121,-0.011834955235509037,0.01699044801943872,0.986674843061377,1.0197714879293636,1.0188437211917285,1.0188437001805142,0.00518100556093648,True,53.293972252208334,0.002004235316533709,0.013836419717167758,0.004683444021936212,0.01848818052414547,3.311888225086823e-05,0.0,1.697403013170946,1.6958617346504148,False,0.012646232839779947,0.017725377053592672,-7.217117489752636e-05,G12V,fixed_concentration,1.8416820629831085e-08,2.0000000000000004e-08,0.14058641702161134,0.10000000000000002,0.00011,0.8741447571006196,0.00012583728164755018
54.33556472291671,53.573480879877856,53.44998290553543,52.69411165232638,52.786254600669665,0.014025506993901371,0.016298382503196374,0.030209552048660826,0.030095296419309883,0.0001142556293509435,5.633559533443617e-09,5.498893266225784e-09,0.0,1.972552221237827e-08,1.943284237222899e-08,1.9014829380545636e-08,1.8746367416511775e-08,1.8354868102441662e-08,0.00019158525850059184,0.00018883460200200323,0.00017880244660865467,0.0001752329806196619,0.00024158300538856724,0.00023853863040531007,0.00023417196291092914,2.7454839588776143,2.7100435773845777,2.658204499460459,26258.425149619376,25927.52252749627,25452.896042952656,2.562562979588803,2.4931012322039505,90.13675041653846,87.91630771039465,-0.03544038149303663,0.051839077924118904,0.9870913900704322,1.0195015387020228,1.0186472686144834,1.018647248774468,0.013911169545464452,True,52.700319796469934,0.006208144143556638,0.013836419717167758,0.014437334446130157,0.02817425493208625,0.00010026178778211811,0.0,1.697403013170946,1.6923710437403605,False,0.012646232839779947,0.02851373920833844,-0.00022476299459066318,G12V,fixed_concentration,1.8416820629831085e-08,6.32455532033676e-08,0.14058641702161134,0.316227766016838,0.00011,0.8741447571006196,0.00012583728164755018
54.33556472291671,53.573480879877856,51.639489547927326,50.896788144525345,51.02318481454654,0.014025506993901371,0.04961897771262658,0.06328776733852581,0.06294855338758927,0.0003392139509365427,5.633559533443617e-09,5.247139914403833e-09,0.0,1.972552221237827e-08,1.943284237222899e-08,1.764650800239093e-08,1.7422014671583264e-08,1.7074851157810667e-08,0.00019158525850059184,0.00018883460200200323,0.00016002220834047487,0.00015694183263470387,0.000688435902694163,0.000680381342051677,0.0006682810356966405,8.107875331086102,8.012994543586949,7.865881545473174,74828.22588281691,73952.75073454443,72637.5320707433,2.562562979588803,2.3552666608964934,90.13675041653846,83.27556549527755,-0.09488078749915374,0.14711299811377465,0.9882977002451709,1.0187026714378171,1.018106613398692,1.0181065989758602,0.013668789625899236,True,50.91521952611137,0.01843138158602642,0.013836419717167758,0.04219834256350896,0.05572718778304864,0.00027629948144945043,0.0,1.697403013170946,1.6801728687516717,False,0.012646232839779947,0.060961543792939166,-0.0006761736140416322,G12V,fixed_concentration,1.8416820629831085e-08,2.0000000000000002e-07,0.14058641702161134,1.0000000000000002,0.00011,0.8741447571006196,0.00012583728164755018
54.33556472291671,53.573480879877856,46.77857488690474,46.075879472047426,46.288121823277386,0.014025506993901371,0.13907999069391674,0.15201250401996202,0.15115483030562885,0.0008576737143331792,5.633559533443617e-09,4.702521364116079e-09,0.0,1.972552221237827e-08,1.943284237222899e-08,1.4335062956116218e-08,1.4197491604723378e-08,1.3946715368055417e-08,0.00019158525850059184,0.00018883460200200323,0.00011867388227096572,0.00011656737616555149,0.0016406816408154736,0.0016244174221688675,0.001597288840847209,21.149792375317382,20.960274130131094,20.614178201024618,178330.3608588185,176562.55228055306,173613.86869887804,2.562562979588803,2.0113773305781595,90.13675041653846,71.94062663484323,-0.18951824518628868,0.34609592910647535,0.991039238503,1.0167892178738065,1.0169841425219432,1.0169841476592478,0.01293251332604528,True,46.12248165766372,0.04660218561629392,0.013836419717167758,0.10631066376347287,0.11924887730905276,0.0005727527926542436,0.0,1.697403013170946,1.6363384000539791,False,0.012646232839779947,0.1481063634964893,-0.001861022091537684,G12V,fixed_concentration,1.8416820629831085e-08,6.324555320336759e-07,0.14058641702161134,3.16227766016838,0.00011,0.8741447571006196,0.00012583728164755018
54.33556472291671,53.573480879877856,37.828074543650025,37.23422906779777,37.58835048443546,0.014025506993901371,0.3038063607776297,0.3147355832653421,0.3135708295336527,0.0011647537316894496,5.633559533443617e-09,4.012713126893835e-09,0.0,1.972552221237827e-08,1.943284237222899e-08,8.6960996938871e-09,8.642154126757668e-09,8.514426372144496e-09,0.00019158525850059184,0.00018883460200200323,6.340954889864195e-05,6.239709274270878e-05,0.002841135663033689,0.0028181091439973814,0.0027746122074246123,41.66857079607794,41.42078675247424,40.83359821141567,308810.0324124488,306307.203781699,301579.4036320062,2.562562979588803,1.4668321853803725,90.13675041653846,54.25792027971018,-0.24778404360369422,0.5871885410585733,0.9940534547053144,1.0143800342555758,1.0156767624882408,1.0156768005134122,0.010929222487712442,True,37.29751661957224,0.0632875517744722,0.013836419717167758,0.19812351317877885,0.20984949475640902,0.0006308819446438074,0.0,1.697403013170946,1.5235062663679821,False,0.012646232839779947,0.3082182788360328,-0.004392308804776701,G12V,fixed_concentration,1.8416820629831085e-08,2.0000000000000003e-06,0.14058641702161134,10.000000000000002,0.00011,0.8741447571006196,0.00012583728164755018
54.33556472291671,53.573480879877856,29.621675095724722,29.17511229738338,29.645994584154618,0.014025506993901371,0.45483818477308646,0.46305679445568715,0.4624843556253595,0.0005724388303276484,5.633559533443617e-09,3.5662740812165683e-09,0.0,1.972552221237827e-08,1.943284237222899e-08,3.732384898239461e-09,3.71479912397122e-09,3.6664219377164908e-09,0.00019158525850059184,0.00018883460200200323,2.5150611217607493e-05,2.4776993235865144e-05,0.0036331575518479464,0.0036069129315473786,0.003554062293601589,57.93264063534398,57.66465235471672,56.92720799112216,394895.8326495508,392043.21485356207,386298.7406840592,2.562562979588803,1.051470710087782,90.13675041653846,40.47785500166997,-0.2679882806272573,0.7374443635945624,0.9953741400756423,1.0129541635646275,1.0148704872283576,1.0148705485276253,0.008218609682600686,True,29.206216084498557,0.03110378711517825,0.013836419717167758,0.2664062180531468,0.27691390618324363,0.0003573766611757456,0.0,1.697403013170946,1.3935144065012985,False,0.012646232839779947,0.45439060520795416,-0.007341822815848942,G12V,fixed_concentration,1.8416820629831085e-08,6.324555320336759e-06,0.14058641702161134,31.622776601683796,0.00011,0.8741447571006196,0.00012583728164755018
54.33556472291671,53.573480879877856,25.513492128234592,25.15494116491218,25.679691383561252,0.014025506993901371,0.5304458091428659,0.5370446356232906,0.5370315447307483,1.3090892542311217e-05,5.633559533443617e-09,3.3818118442242363e-09,0.0,1.972552221237827e-08,1.943284237222899e-08,1.3174523779033665e-09,1.3118228547587798e-09,1.2956609302626715e-09,0.00019158525850059184,0.00018883460200200323,8.609595574176988e-06,8.485630579557323e-06,0.003968343886905752,0.003940875017430411,0.0038844006576170447,65.44097304206434,65.16315616075457,64.36549194812379,431327.4978572494,428341.8116324036,422203.467740789,2.562562979588803,0.868485016915915,90.13675041653846,34.180899426703085,-0.277816881309775,0.797664212630778,0.995754695133717,1.012392730770607,1.0145387576594664,1.0145388286942807,0.006598826480424758,True,25.155652465951192,0.0007113010390114027,0.013836419717167758,0.29729094340646034,0.3071655205414545,0.00015159968891098607,0.0,1.697403013170946,1.3206072911771758,False,0.012646232839779947,0.5273870527615863,-0.008996848009753422,G12V,fixed_concentration,1.8416820629831085e-08,2e-05,0.14058641702161134,100.00000000000001,0.00011,0.8741447571006196,0.00012583728164755018
54.33556472291671,53.573480879877856,23.986862764375196,23.66295218636737,24.20693946746766,0.014025506993901371,0.5585421282230929,0.5645034277818552,0.5647337986912128,-0.00023037090935751348,5.633559533443617e-09,3.3182364083756285e-09,0.0,1.972552221237827e-08,1.943284237222899e-08,4.319179576907679e-10,4.30127791130063e-10,4.249316101756191e-10,0.00019158525850059184,0.00018883460200200323,2.793817103096266e-06,2.7540306319005824e-06,0.004085351135556229,0.004057464686550623,0.003999771727395193,68.1444301199508,67.86259090604769,67.04450244713686,444045.0894103525,441014.01498128,434743.2190765628,2.562562979588803,0.8042415408884809,90.13675041653846,31.922334288338224,-0.28183921390311184,0.8180884589108217,0.9958640902358856,1.0122021706336901,1.0144240629434627,1.0144241373517844,0.005961299558762345,True,23.6504348529117,-0.012517333455669188,0.013836419717167758,0.30835552883927264,0.31799233502296664,6.692298565563748e-05,0.0,1.697403013170946,1.2922235011635017,False,0.012646232839779947,0.5544918030959918,-0.009633104162545592,G12V,fixed_concentration,1.8416820629831085e-08,6.324555320336759e-05,0.14058641702161134,316.22776601683796,0.00011,0.8741447571006196,0.00012583728164755018
54.33556472291671,53.573480879877856,23.47801792599739,23.16585907609469,23.716164207907617,0.014025506993901371,0.5679069860463741,0.5736520050131328,0.5739673096355966,-0.00031530462246376345,5.633559533443617e-09,3.2975806147908454e-09,0.0,1.972552221237827e-08,1.943284237222899e-08,1.3816867113117856e-10,1.3760143175502343e-10,1.3594981169781172e-10,0.00019158525850059184,0.00018883460200200323,8.90791574283669e-07,8.781515399487636e-07,0.004123550789048483,0.004095528783883542,0.00403744317620497,69.035990055119,68.752755885505,67.92807276763263,448197.0318599553,445151.22336893406,438837.74970922107,2.562562979588803,0.7832574839236628,90.13675041653846,31.178439815113432,-0.2832341696140048,0.8246831178723681,0.9958972969115404,1.012140534601849,1.0143867306965222,1.0143868062031955,0.005745018966758719,True,23.148726821373373,-0.017132254721317963,0.013836419717167758,0.3119996137071964,0.3215569338171871,3.785799966987691e-05,0.0,1.697403013170946,1.2826044298930754,False,0.012646232839779947,0.5635241056415297,-0.009847229267744284,G12V,fixed_concentration,1.8416820629831085e-08,0.00020000000000000004,0.14058641702161134,1000.0000000000002,0.00011,0.8741447571006196,0.00012583728164755018
54.33556472291671,51.75226547149721,54.33271391545293,51.74948855069056,51.99464199619388,0.04754343245704706,5.2466694297148564e-05,0.04759453933006497,0.04759340470460765,1.1346254573177394e-06,1.8218076112632058e-08,1.8216635320316166e-08,0.0,1.972552221237827e-08,1.8811096856697245e-08,1.9723185984483498e-08,1.8809015627478713e-08,1.74539823824293e-08,0.00019158525850059184,0.00018297543237304328,0.00018294404594474835,0.00017040753702682603,8.037373351504104e-07,7.707029719585591e-07,7.221181137352722e-07,0.008976379026413232,0.008596088041371509,0.008026517698104038,87.36080133568028,83.77019241302143,78.48935345242812,8.281262792662542,8.280534198976017,90.13675041653846,90.58642868431978,-0.0003802909850417237,0.0005695703432674701,0.9576342549793511,1.0709610773551288,1.0672810407316524,1.0672809588601593,5.1106873017903176e-05,True,51.74955020120553,6.16505149722002e-05,0.04694122645752208,4.7388911183166016e-05,0.046987418905642286,1.028030548466674e-06,0.0,5.557435464635607,5.557367410354882,False,0.04303496749493618,0.04308269802035414,-2.4782663955516537e-06,G12V,fixed_concentration,6.341624148969347e-08,2.0000000000000003e-10,0.4840934464862097,0.0010000000000000002,0.00011,0.8741447571006196,0.00012583728164755018
54.33556472291671,51.75226547149721,54.32655067205537,51.74348509720627,51.98903524957566,0.04754343245704706,0.00016589596348737246,0.047705027801380306,0.04770144115699948,3.5866443808263426e-06,1.8218076112632058e-08,1.821352140284503e-08,0.0,1.972552221237827e-08,1.8811096856697245e-08,1.9718137143969977e-08,1.8804517611947903e-08,1.7450014254208992e-08,0.00019158525850059184,0.00018297543237304328,0.00018287621199861948,0.00017034598820916906,2.540739929425148e-06,2.436342089811295e-06,2.2827725147371203e-06,0.028379188626533734,0.027177275221906293,0.02537677011911812,276.16121084356513,264.81388097113506,248.1219275002176,8.281262792662542,8.278959194819253,90.13675041653846,90.57009661498822,-0.0012019134046274416,0.0018005051027881712,0.9576480701952245,1.0709509166980917,1.0672732714638713,1.0672731895930594,0.00016159534433324296,True,51.74367997955416,0.00019488234789122316,0.04694122645752208,0.00014981766500488103,0.04708726235688543,3.2508592988020335e-06,0.0,5.557435464635607,5.557220206063919,False,0.04303496749493618,0.04318588543814972,-7.838692877619458e-06,G12V,fixed_concentration,6.341624148969347e-08,6.324555320336759e-10,0.4840934464862097,0.00316227766016838,0.00011,0.8741447571006196,0.00012583728164755018
54.33556472291671,51.75226547149721,54.30707082173702,51.724510356500275,51.97131404258974,0.04754343245704706,0.0005244060924919358,0.048054241816229526,0.04804290648390055,1.1335332328978043e-05,1.8218076112632058e-08,1.8203687657538523e-08,0.0,1.972552221237827e-08,1.8811096856697245e-08,1.970218903693694e-08,1.8790308920758527e-08,1.7437479273261405e-08,0.00019158525850059184,0.00018297543237304328,0.00018266198748782722,0.00017015160639328794,8.02552939207709e-06,7.696053033029562e-06,7.2111147277990265e-06,0.08967679894990084,0.08588272950347621,0.08019537077977967,872.3206455283156,836.5088230706967,783.7993748134454,8.281262792662542,8.27398256492059,90.13675041653846,90.51849585420506,-0.0037940694464246305,0.005687358723696537,0.9576917386564585,1.070918790802954,1.0672487297090263,1.0672486479971954,0.0005108093591824625,True,51.72512626818369,0.0006159116834183465,0.04694122645752208,0.00047337953429049673,0.047402651161576936,1.026618568384513e-05,0.0,5.557435464635607,5.556754379213913,False,0.04303496749493618,0.043512029227696924,-2.4776560586657614e-05,G12V,fixed_concentration,6.341624148969347e-08,2e-09,0.4840934464862097,0.01,0.00011,0.8741447571006196,0.00012583728164755018
54.33556472291671,51.75226547149721,54.24556992135749,51.66460572833966,51.9153636860143,0.04754343245704706,0.0016562780200802818,0.04915673570703749,0.049120965334949564,3.577037208792738e-05,1.8218076112632058e-08,1.817272347643402e-08,0.0,1.972552221237827e-08,1.8811096856697245e-08,1.9651935707279786e-08,1.874552671633507e-08,1.7397968305079008e-08,0.00019158525850059184,0.00018297543237304328,0.00018198738032579616,0.0001695394072883736,2.5289347783711773e-05,2.4253995597860613e-05,2.2727364814919482e-05,0.28292433234768405,0.27099324610467224,0.25307139218489916,2748.7806113231004,2636.244925016761,2470.3106949932508,8.281262792662542,8.258284808721628,90.13675041653846,90.35577753637627,-0.011931086243011813,0.01792185391977308,0.9578294092133801,1.0708173838419437,1.0671714822802056,1.0671714008929405,0.0016133032499904276,True,51.66654933170741,0.001943603367749347,0.04694122645752208,0.0014931114791189026,0.04839657270377273,3.2323251199395386e-05,0.0,5.557435464635607,5.555278089067226,False,0.04303496749493618,0.044541748102631895,-7.821954162783723e-05,G12V,fixed_concentration,6.341624148969347e-08,6.32455532033676e-09,0.4840934464862097,0.0316227766016838,0.00011,0.8741447571006196,0.00012583728164755018
54.33556472291671,51.75226547149721,54.05208007939683,51.476151395234766,51.73931799892756,0.04754343245704706,0.005217294509875847,0.052625077925728236,0.0525126788777841,0.00011239904794413391,1.8218076112632058e-08,1.8076120233988578e-08,0.0,1.972552221237827e-08,1.8811096856697245e-08,1.9494787136376134e-08,1.860540089664946e-08,1.7274293687626522e-08,0.00019158525850059184,0.00018297543237304328,0.00017988203961185234,0.00016762805078504787,7.908693662906431e-05,7.587699459327482e-05,7.111706844268566e-05,0.8881662925263868,0.8510952069692637,0.7950454418853319,8596.212968262857,8247.314289280192,7729.9432026736,8.281262792662542,8.209037716607309,90.13675041653846,89.84574191700659,-0.03707108555712313,0.05604976508393178,0.9582610983223935,1.070498819477561,1.0669308543619913,1.0669307746566166,0.005081645468681173,True,51.48225866097913,0.006107265744361712,0.04694122645752208,0.004683444021936212,0.05150564607560737,0.00010082220258391533,0.0,5.557435464635607,5.550578008754849,False,0.04303496749493618,0.04778171971210132,-0.0002460161930666893,G12V,fixed_concentration,6.341624148969347e-08,2.0000000000000004e-08,0.4840934464862097,0.10000000000000002,0.00011,0.8741447571006196,0.00012583728164755018
54.33556472291671,51.75226547149721,53.44998290553543,50.88985333672108,51.191312814024386,0.04754343245704706,0.016298382503196374,0.06341539659644602,0.0630669339125436,0.00034846268390241464,1.8218076112632058e-08,1.7783331848956586e-08,0.0,1.972552221237827e-08,1.8811096856697245e-08,1.9014829380545636e-08,1.8176588918169903e-08,1.6895414465711648e-08,0.00019158525850059184,0.00018297543237304328,0.00017349265724588155,0.00016182006108273806,0.00024158300538856724,0.00023203430619494735,0.0002176264312224819,2.7454839588776143,2.634536605211275,2.4633066483635346,26258.425149619376,25220.547194126782,23654.511065505423,8.281262792662542,8.05714164340471,90.13675041653846,88.27671701525472,-0.11094735366633923,0.17122995684774045,0.9595891451823686,1.0695122375289714,1.066204619041591,1.0662045444221866,0.015871964139398953,True,50.90878725343578,0.018933916714701127,0.04694122645752208,0.014437334446130157,0.06100613155394885,0.00030527683597539323,0.0,5.557435464635607,5.535421579676177,False,0.04303496749493618,0.05786729051085382,-0.0007646591260336427,G12V,fixed_concentration,6.341624148969347e-08,6.32455532033676e-08,0.4840934464862097,0.316227766016838,0.00011,0.8741447571006196,0.00012583728164755018
54.33556472291671,51.75226547149721,51.639489547927326,49.128030994020705,49.54154242734552,0.04754343245704706,0.04961897771262658,0.09584024304250327,0.09480335365420565,0.0010368893882976155,1.8218076112632058e-08,1.6971329013880265e-08,0.0,1.972552221237827e-08,1.8811096856697245e-08,1.764650800239093e-08,1.6946437637647804e-08,1.5804612850575577e-08,0.00019158525850059184,0.00018297543237304328,0.00015565595605050606,0.00014554569498036112,0.000688435902694163,0.0006632041412984846,0.0006231844154050382,8.107875331086102,7.811346108834582,7.323574838410879,74828.22588281691,72085.70762080087,67735.84349304394,8.281262792662542,7.6124236330109865,90.13675041653846,83.71501334115273,-0.2965292222515208,0.4877712704237025,0.9634270126090112,1.0666028928748603,1.0642181108900735,1.0642180550715905,0.04622126532987669,True,49.184370964489055,0.056339970468350486,0.04694122645752208,0.04219834256350896,0.08800019992140207,0.0008414728547767869,0.0,5.557435464635607,5.485221081203779,False,0.04303496749493618,0.08822991571023919,-0.0022886784043287256,G12V,fixed_concentration,6.341624148969347e-08,2.0000000000000002e-07,0.4840934464862097,1.0000000000000002,0.00011,0.8741447571006196,0.00012583728164755018
54.33556472291671,51.75226547149721,46.77857488690474,44.41177553947736,45.10407724029208,0.04754343245704706,0.13907999069391674,0.18263892597869447,0.18001108300728083,0.0026278429714136353,1.8218076112632058e-08,1.5219132300376327e-08,0.0,1.972552221237827e-08,1.8811096856697245e-08,1.4335062956116218e-08,1.3907245032925443e-08,1.3072552269282529e-08,0.00019158525850059184,0.00018297543237304328,0.00011599337545838919,0.00010902484426052399,0.0016406816408154736,0.0015898224164279133,0.001499622621970759,21.149792375317382,20.55963081874813,19.401377013938372,178330.3608588185,172802.31286848267,162998.23916195158,8.281262792662542,6.50361179035785,90.13675041653846,72.48639982464115,-0.5901615565692531,1.1582538048097568,0.9720961063779522,1.0596995668904141,1.0601483287432785,1.0601483412148396,0.04355893528477772,True,44.554560871332264,0.1427853318549026,0.04694122645752208,0.10631066376347287,0.15000358671182124,0.0017420494333969527,0.0,5.557435464635607,5.320744047004089,False,0.04303496749493618,0.16989770014723216,-0.0062319551629120284,G12V,fixed_concentration,6.341624148969347e-08,6.324555320336759e-07,0.4840934464862097,3.16227766016838,0.00011,0.8741447571006196,0.00012583728164755018
54.33556472291671,51.75226547149721,37.828074543650025,35.83571707131587,36.98465307528395,0.04754343245704706,0.3038063607776297,0.34047401082404316,0.3369057960410242,0.0035682147830189415,1.8218076112632058e-08,1.3011602391525038e-08,0.0,1.972552221237827e-08,1.8811096856697245e-08,8.6960996938871e-09,8.528456676406576e-09,8.096568670691781e-09,0.00019158525850059184,0.00018297543237304328,6.227245426645178e-05,5.889199432776718e-05,0.002841135663033689,0.002769132826476378,0.0026235655895909186,41.66857079607794,40.89812893339691,38.90758746947088,308810.0324124488,300983.80474415177,285161.711948175,8.281262792662542,4.75578662503842,90.13675041653846,54.837429376397814,-0.7704418626810252,1.9905414639260286,0.9815102402611432,1.0511607527834492,1.0554845045471712,1.055484632519152,0.03666765004641348,True,36.02959803660386,0.19388096528798826,0.04694122645752208,0.19812351317877885,0.2376779534973641,0.0019133745597480767,0.0,5.557435464635607,4.935174660933425,False,0.04303496749493618,0.31932881780309885,-0.014438213608646888,G12V,fixed_concentration,6.341624148969347e-08,2.0000000000000003e-06,0.4840934464862097,10.000000000000002,0.00011,0.8741447571006196,0.00012583728164755018
54.33556472291671,51.75226547149721,29.621675095724722,28.11547559850886,29.63905761758234,0.04754343245704706,0.45483818477308646,0.4825585094793208,0.4807570487134884,0.0018014607658323745,1.8218076112632058e-08,1.1589511158313844e-08,0.0,1.972552221237827e-08,1.8811096856697245e-08,3.732384898239461e-09,3.6776093089701148e-09,3.512495390345177e-09,0.00019158525850059184,0.00018297543237304328,2.4756031799564567e-05,2.350196282529466e-05,0.0036331575518479464,0.003551015197313335,0.0033734725643675863,57.93264063534398,57.09776697476348,54.57846793947658,394895.8326495508,385967.49753487785,366669.9331470821,8.281262792662542,3.429803284224769,90.13675041653846,41.063336128331336,-0.8348736605804987,2.519299035286899,0.9855888899345087,1.046159211322689,1.0526290430878402,1.0526292522055658,0.02772032470623431,True,28.213358986546535,0.09788338803767616,0.04694122645752208,0.2664062180531468,0.30193382936039936,0.0010918194610552434,0.0,5.557435464635607,4.51512057391555,False,0.04303496749493618,0.4545182741961695,-0.02378093157468758,G12V,fixed_concentration,6.341624148969347e-08,6.324555320336759e-06,0.4840934464862097,31.622776601683796,0.00011,0.8741447571006196,0.00012583728164755018
54.33556472291671,51.75226547149721,25.513492128234592,24.292922232144633,25.990009846465508,0.04754343245704706,0.5304458091428659,0.5529093632131004,0.5527700271008054,0.00013933611229499654,1.8218076112632058e-08,1.1002689194785896e-08,0.0,1.972552221237827e-08,1.8811096856697245e-08,1.3174523779033665e-09,1.2998969669326002e-09,1.2445419776216478e-09,0.00019158525850059184,0.00018297543237304328,8.481160474004516e-06,8.064232096014196e-06,0.003968343886905752,0.003882331208567864,0.0036923410081822804,65.44097304206434,64.57456227340289,61.841688856789446,431327.4978572494,421978.48222976766,401327.96782325563,8.281262792662542,2.8463121103980487,90.13675041653846,34.77545653345351,-0.8664107686614528,2.732873416613444,0.9867604235024968,1.0441914421668226,1.0514552149881504,1.0514554580347775,0.02246355407023448,True,24.300493138492474,0.0075709063478406335,0.04694122645752208,0.29729094340646034,0.3307548084157437,0.0004778400499743096,0.0,5.557435464635607,4.284601424486774,False,0.04303496749493618,0.5216759045571511,-0.028977153926362575,G12V,fixed_concentration,6.341624148969347e-08,2e-05,0.4840934464862097,100.00000000000001,0.00011,0.8741447571006196,0.00012583728164755018
54.33556472291671,51.75226547149721,23.986862764375196,22.87814475464837,24.637400053296524,0.04754343245704706,0.5585421282230929,0.5789471431590878,0.57953055073255,-0.0005834075734622024,1.8218076112632058e-08,1.0800449533251291e-08,0.0,1.972552221237827e-08,1.8811096856697245e-08,4.319179576907679e-10,4.2633325442891196e-10,4.0851570239168606e-10,0.00019158525850059184,0.00018297543237304328,2.7528286791498135e-06,2.618926982731054e-06,0.004085351135556229,0.003998017551964633,0.0038038346354087533,68.1444301199508,67.26517200243633,64.45968997797715,444045.0894103525,434552.49992278713,413446.2712776001,8.281262792662542,2.641369557035274,90.13675041653846,32.52165055361939,-0.8792581175144676,2.805482024459181,0.9870971388862338,1.0435230455718556,1.0510492529691722,1.05104950778723,0.020405014935994892,True,22.846444974680672,-0.031699779967699016,0.04694122645752208,0.30835552883927264,0.3410477913551019,0.00022562276698046002,0.0,5.557435464635607,4.195452964570812,False,0.04303496749493618,0.5465695409823285,-0.03097071240306737,G12V,fixed_concentration,6.341624148969347e-08,6.324555320336759e-05,0.4840934464862097,316.22776601683796,0.00011,0.8741447571006196,0.00012583728164755018
54.33556472291671,51.75226547149721,23.47801792599739,22.40718933499551,24.18689302614662,0.04754343245704706,0.5679069860463741,0.5876146783555007,0.5884501710704403,-0.0008354927149395452,1.8218076112632058e-08,1.0734737729916031e-08,0.0,1.972552221237827e-08,1.8811096856697245e-08,1.3816867113117856e-10,1.3639886619777156e-10,1.3073341985407927e-10,0.00019158525850059184,0.00018297543237304328,8.777922181086147e-07,8.352430096065389e-07,0.004123550789048483,0.004035788311181895,0.0038402536822808773,69.035990055119,68.15228493586257,65.32333885756937,448197.0318599553,438657.8243981411,417404.6755960412,8.281262792662542,2.5744087436617815,90.13675041653846,31.779512082657213,-0.8837051192564331,2.8289460782931997,0.9871993561829,1.0433068200090234,1.0509171125343162,1.0509173711860105,0.019707692309126612,True,22.36179236650739,-0.04539696848812014,0.04694122645752208,0.3119996137071964,0.34443428388684194,0.00013908824381236862,0.0,5.557435464635607,4.165301786533809,False,0.04303496749493618,0.5548607408520134,-0.03164135400464396,G12V,fixed_concentration,6.341624148969347e-08,0.00020000000000000004,0.4840934464862097,1000.0000000000002,0.00011,0.8741447571006196,0.00012583728164755018
54.33556472291671,46.06856240402033,54.33271391545293,46.06600192577444,46.75096734473161,0.152147168453182,5.2466694297148564e-05,0.15219429188438116,0.15219165248850372,2.6393958774406645e-06,5.124148076347193e-08,5.123751860158997e-08,0.0,1.972552221237827e-08,1.7423560234512278e-08,1.9723185984483498e-08,1.7421873790367338e-08,1.3513978263633947e-08,0.00019158525850059184,0.00016981466086435647,0.00016978753645045485,0.000133655503800008,8.037373351504104e-07,7.196821181189409e-07,5.762706637934829e-07,0.008976379026413232,0.008012935168339726,0.006329317814795445,87.36080133568028,78.2245742722533,62.63673892745828,23.258074107517817,23.256074166259257,90.13675041653846,91.28061461144486,-0.0009634438580735059,0.0016836173535442816,0.8926689865436223,1.2660029726440105,1.2488612787980686,1.2488609019516137,4.712343119916973e-05,True,46.066145338839966,0.00014341306552978494,0.15061700704216652,4.7388911183166016e-05,0.15065964528121867,2.386903838386134e-06,0.0,16.071699988314922,16.071403809145743,False,0.13955061913423517,0.13958808410039758,-7.679968461626885e-06,G12V,fixed_concentration,2.1836666412252574e-07,2.0000000000000003e-10,1.6669211001719522,0.0010000000000000002,0.00011,0.8741447571006196,0.00012583728164755018
54.33556472291671,46.06856240402033,54.32655067205537,46.06046640956681,46.74656631825641,0.152147168453182,0.00016589596348737246,0.15229616836686288,0.15228782381556694,8.3445512959468e-06,5.124148076347193e-08,5.122895539762977e-08,0.0,1.972552221237827e-08,1.7423560234512278e-08,1.9718137143969977e-08,1.741822885888746e-08,1.3511657774038434e-08,0.00019158525850059184,0.00016981466086435647,0.0001697289103473903,0.00013361351781911832,2.540739929425148e-06,2.275104667912992e-06,1.8217892501137386e-06,0.028379188626533734,0.0253342492409307,0.02001184102770374,276.16121084356513,247.2884751473405,198.01621784832372,23.258074107517817,23.25175086056563,90.13675041653846,91.26511585333255,-0.0030449393856030356,0.005322408213226958,0.8927051993743013,1.2659629469302094,1.2488297797184564,1.2488294031388798,0.00014899991368089172,True,46.06091981547383,0.00045340590702380723,0.15061700704216652,0.00014981766500488103,0.1507518052717972,7.545652930901481e-06,0.0,16.071699988314922,16.07076336157431,False,0.13955061913423517,0.13966908126123767,-2.4282952068327424e-05,G12V,fixed_concentration,2.1836666412252574e-07,6.324555320336759e-10,1.6669211001719522,0.00316227766016838,0.00011,0.8741447571006196,0.00012583728164755018
54.33556472291671,46.06856240402033,54.30707082173702,46.04297068773683,46.73265525334497,0.152147168453182,0.0005244060924919358,0.15261816229329384,0.1525917876435817,2.6374649712140874e-05,5.124148076347193e-08,5.120191277086053e-08,0.0,1.972552221237827e-08,1.7423560234512278e-08,1.970218903693694e-08,1.740671355134347e-08,1.3504325652466312e-08,0.00019158525850059184,0.00016981466086435647,0.00016954373947885543,0.00013348088495851356,8.02552939207709e-06,7.187220201410311e-06,5.755622354536443e-06,0.08967679894990084,0.08006520711836564,0.06325082927828646,872.3206455283156,781.2021719376354,625.5973676869116,23.258074107517817,23.238089966596053,90.13675041653846,91.21614283421775,-0.009611591831535204,0.016814377840079178,0.8928196373634517,1.265836480437284,1.2487303298739738,1.2487299536218608,0.0004709938401118441,True,46.04440376922331,0.0014330814864749186,0.15061700704216652,0.00047337953429049673,0.15104291901251088,2.3831444703720228e-05,0.0,16.071699988314922,16.068738221162267,False,0.13955061913423517,0.13992510261635527,-7.674141548683067e-05,G12V,fixed_concentration,2.1836666412252574e-07,2e-09,1.6669211001719522,0.01,0.00011,0.8741447571006196,0.00012583728164755018
54.33556472291671,46.06856240402033,54.24556992135749,45.98773605215078,46.688726343818274,0.152147168453182,0.0016562780200802818,0.15363470893024744,0.15355144846233582,8.326046791162778e-05,5.124148076347193e-08,5.111676186796669e-08,0.0,1.972552221237827e-08,1.7423560234512278e-08,1.9651935707279786e-08,1.7370404243128058e-08,1.3481197733858667e-08,0.00019158525850059184,0.00016981466086435647,0.00016896036865288316,0.00013306283064929951,2.5289347783711773e-05,2.2655302784961433e-05,1.814721735428536e-05,0.28292433234768405,0.25270248481849167,0.19969576185706045,2748.7806113231004,2462.477945538605,1972.4801892382263,23.258074107517817,23.19499671738263,90.13675041653846,91.0616611092325,-0.03022184752919238,0.05300672296143122,0.8931804582574646,1.2654373957088418,1.248417448398033,1.2484170735776141,0.0014875404770654521,True,45.99226005669385,0.004524004543071669,0.15061700704216652,0.0014931114791189026,0.15196027937830847,7.50488391882409e-05,0.0,16.071699988314922,16.06233581693265,False,0.13955061913423517,0.14073357695081212,-0.00024218558034269644,G12V,fixed_concentration,2.1836666412252574e-07,6.32455532033676e-09,1.6669211001719522,0.0316227766016838,0.00011,0.8741447571006196,0.00012583728164755018
54.33556472291671,46.06856240402033,54.05208007939683,45.8139796101719,46.55042516728576,0.152147168453182,0.005217294509875847,0.15683254892445653,0.15657066637639389,0.0002618825480626419,5.124148076347193e-08,5.085110606808096e-08,0.0,1.972552221237827e-08,1.7423560234512278e-08,1.9494787136376134e-08,1.7256632208958964e-08,1.3408637467991142e-08,0.00019158525850059184,0.00016981466086435647,0.00016713724892217235,0.0001317543736277261,7.908693662906431e-05,7.092311862044695e-05,5.6854761909289527e-05,0.8881662925263868,0.7942971419709569,0.628308095912146,8596.212968262857,7708.861862638845,6179.728760259573,23.258074107517817,23.05977725630396,90.13675041653846,90.57695528522667,-0.09386915055542988,0.16598904605881093,0.8943112890623002,1.2641841592345495,1.2474437714399924,1.2474434011105435,0.004685380471274536,True,45.828209146311956,0.014229536140057064,0.15061700704216652,0.004683444021936212,0.15482926229505123,0.00023421755218205886,0.0,16.071699988314922,16.042106320845935,False,0.13955061913423517,0.14327889284543438,-0.0007609441196178013,G12V,fixed_concentration,2.1836666412252574e-07,2.0000000000000004e-08,1.6669211001719522,0.10000000000000002,0.00011,0.8741447571006196,0.00012583728164755018
54.33556472291671,46.06856240402033,53.44998290553543,45.2734696607369,46.11912555924616,0.152147168453182,0.016298382503196374,0.1667801762692963,0.16596579820815016,0.0008143780611461482,5.124148076347193e-08,5.0045973671222304e-08,0.0,1.972552221237827e-08,1.7423560234512278e-08,1.9014829380545636e-08,1.690696459022581e-08,1.3184745259011833e-08,0.00019158525850059184,0.00016981466086435647,0.00016158094852044034,0.00012774788750856503,0.00024158300538856724,0.00021732090478637867,0.00017462300779366242,2.7454839588776143,2.464859366450356,1.9557602659061468,26258.425149619376,23621.301341683913,18980.336318841513,23.258074107517817,22.64244766679962,90.13675041653846,89.08123552825909,-0.28062459242725835,0.5090991005442091,0.8977868395406757,1.260307517960711,1.244514726508255,1.2445143723947283,0.014633007816114318,True,45.31771935258723,0.04424969185033234,0.15061700704216652,0.014437334446130157,0.1635901331325944,0.0007102997482406337,0.0,16.071699988314922,15.97832532118641,False,0.13955061913423517,0.15121659645151653,-0.0023579558167073633,G12V,fixed_concentration,2.1836666412252574e-07,6.32455532033676e-08,1.6669211001719522,0.316227766016838,0.00011,0.8741447571006196,0.00012583728164755018
54.33556472291671,46.06856240402033,51.639489547927326,43.649966582295356,44.81360680587454,0.152147168453182,0.04961897771262658,0.19665937393146415,0.19421675920529088,0.00244261472617327,5.124148076347193e-08,4.781372018131228e-08,0.0,1.972552221237827e-08,1.7423560234512278e-08,1.764650800239093e-08,1.5890232539230273e-08,1.2524959866311066e-08,0.00019158525850059184,0.00016981466086435647,0.00014588154613510187,0.00011627013885245034,0.000688435902694163,0.000624479616843469,0.0005050076649984742,8.107875331086102,7.3603292572053,5.89340627512858,74828.22588281691,67876.61826860474,54890.855612824904,23.258074107517817,21.418352792079414,90.13675041653846,84.69415686552165,-0.7475460738808026,1.4669229820767198,0.9078000039030368,1.248909189964969,1.2365745316862782,1.2365742437570202,0.04451220547828216,True,43.78268743284249,0.13272085054713756,0.15061700704216652,0.04219834256350896,0.18842505389986586,0.0019654923532461677,0.0,16.071699988314922,15.779305888702465,False,0.13955061913423517,0.17524356221563586,-0.007001675570621035,G12V,fixed_concentration,2.1836666412252574e-07,2.0000000000000002e-07,1.6669211001719522,1.0000000000000002,0.00011,0.8741447571006196,0.00012583728164755018
54.33556472291671,46.06856240402033,46.77857488690474,39.32087723519494,41.26700752798585,0.152147168453182,0.13907999069391674,0.2763325929212094,0.2700665323745244,0.006266060546684993,5.124148076347193e-08,4.3007551543023084e-08,0.0,1.972552221237827e-08,1.7423560234512278e-08,1.4335062956116218e-08,1.3267966600872617e-08,1.0726136395980958e-08,0.00019158525850059184,0.00016981466086435647,0.00011000839788697319,8.915955760765958e-05,0.0016406816408154736,0.001512223617672991,0.0012388506196733282,21.149792375317382,19.67335333722023,16.096241624797756,178330.3608588185,164367.85345044915,134654.17501280786,23.258074107517817,18.358038201892363,90.13675041653846,73.6923309392083,-1.4764390380971513,3.577111712422475,0.9301913223592582,1.2222327295902171,1.2206666353944662,1.2206665960027978,0.12418542446802738,True,39.66134717358706,0.34046993839211837,0.15061700704216652,0.10631066376347287,0.24501049647898265,0.004095019666063654,0.0,16.071699988314922,15.200870010412169,False,0.13955061913423517,0.24051571492030588,-0.018706196097326266,G12V,fixed_concentration,2.1836666412252574e-07,6.324555320336759e-07,1.6669211001719522,3.16227766016838,0.00011,0.8741447571006196,0.00012583728164755018
54.33556472291671,46.06856240402033,37.828074543650025,31.600879158589134,34.805886918047804,0.152147168453182,0.3038063607776297,0.41841261207576874,0.4097302516804295,0.008682360395339261,5.124148076347193e-08,3.699190701490698e-08,0.0,1.972552221237827e-08,1.7423560234512278e-08,8.6960996938871e-09,8.27922548540534e-09,6.909095906596678e-09,0.00019158525850059184,0.00016981466086435647,5.972943589953046e-05,4.937063324693144e-05,0.002841135663033689,0.0026593677390897475,0.0022105817774854316,41.66857079607794,39.75043619590459,33.39177040551063,308810.0324124488,289053.0667183688,240273.36692196626,23.258074107517817,13.55238418989423,90.13675041653846,56.109743228405016,-1.918134600173346,6.358665790393964,0.9539668732685718,1.1904261353373644,1.203017127063635,1.2030175063566024,0.11460625129813906,True,32.072640113797775,0.4717609552086408,0.15061700704216652,0.19812351317877885,0.3234859784973183,0.00458622885603982,0.0,16.071699988314922,14.03090032694344,False,0.13955061913423517,0.35942716164744337,-0.04153345252098445,G12V,fixed_concentration,2.1836666412252574e-07,2.0000000000000003e-06,1.6669211001719522,10.000000000000002,0.00011,0.8741447571006196,0.00012583728164755018
54.33556472291671,46.06856240402033,29.621675095724722,24.844298081783865,29.07156609259372,0.152147168453182,0.45483818477308646,0.5427617581877184,0.5377830113086581,0.004978746879060303,5.124148076347193e-08,3.313582022573133e-08,0.0,1.972552221237827e-08,1.7423560234512278e-08,3.732384898239461e-09,3.595865858210878e-09,3.0594139624822104e-09,0.00019158525850059184,0.00016981466086435647,2.387094930496536e-05,1.9975396972562004e-05,0.0036331575518479464,0.0034255332241269055,0.0028728036684393427,57.93264063534398,55.85101995166892,47.6443241237402,394895.8326495508,372328.4239439948,312250.90907871944,23.258074107517817,9.926346691292455,90.13675041653846,42.35095669174119,-2.0816206836750624,8.20669582792872,0.9640682582246201,1.1722491813844305,1.1924007413941498,1.1924014089903887,0.08792357341463197,True,25.114821105070067,0.27052302328620215,0.15061700704216652,0.2664062180531468,0.3797402150481185,0.0028422971733929603,0.0,16.071699988314922,12.87633445070192,False,0.13955061913423517,0.46496247456258755,-0.0659533790537582,G12V,fixed_concentration,2.1836666412252574e-07,6.324555320336759e-06,1.6669211001719522,31.622776601683796,0.00011,0.8741447571006196,0.00012583728164755018
54.33556472291671,46.06856240402033,25.513492128234592,21.55466080346506,26.25695770363139,0.152147168453182,0.5304458091428659,0.6033047431570338,0.6018871497171039,0.001417593439929865,5.124148076347193e-08,3.15445480454864e-08,0.0,1.972552221237827e-08,1.7423560234512278e-08,1.3174523779033665e-09,1.2736426339058293e-09,1.0921585265649323e-09,0.00019158525850059184,0.00016981466086435647,8.192692952677797e-06,6.890787307049752e-06,0.003968343886905752,0.0037508068317834305,0.0031571068238375292,65.44097304206434,63.278550573715535,54.31074770802078,431327.4978572494,407682.6363574085,343151.9769147549,23.258074107517817,8.328736321450704,90.13675041653846,36.08459599915369,-2.162422468348808,8.967802865694757,0.9669561382139162,1.1651202247095995,1.1880519225587198,1.1880527107051584,0.07285893401416788,True,21.63168654357115,0.07702574010608743,0.15061700704216652,0.29729094340646034,0.40465693130079394,0.0015260529687902702,0.0,16.071699988314922,12.267084372816903,False,0.13955061913423517,0.5167629555793098,-0.07920943161474392,G12V,fixed_concentration,2.1836666412252574e-07,2e-05,1.6669211001719522,100.00000000000001,0.00011,0.8741447571006196,0.00012583728164755018
54.33556472291671,46.06856240402033,23.986862764375196,20.34474856519132,25.21802663732794,0.152147168453182,0.5585421282230929,0.6255721520713179,0.6257086934053172,-0.00013654133399931823,5.124148076347193e-08,3.099561395323954e-08,0.0,1.972552221237827e-08,1.7423560234512278e-08,4.319179576907679e-10,4.1797569433106094e-10,3.593835599384784e-10,0.00019158525850059184,0.00016981466086435647,2.6607284451498155e-06,2.241872388192019e-06,0.004085351135556229,0.003864429860230639,0.0032568664943299773,68.1444301199508,65.94926080787718,56.72094590963402,444045.0894103525,420032.3850141678,353994.895454833,23.258074107517817,7.766311737609828,90.13675041653846,33.84174073495658,-2.1951693120736167,9.228314898243163,0.967786518895094,1.162696773656515,1.186548440643298,1.186549270645516,0.06703002384822498,True,20.337329514700446,-0.007419050490874213,0.15061700704216652,0.30835552883927264,0.41351343574417754,0.0009844867214141018,0.0,16.071699988314922,12.03426313871206,False,0.13955061913423517,0.5358836009908641,-0.08426424656037801,G12V,fixed_concentration,2.1836666412252574e-07,6.324555320336759e-05,1.6669211001719522,316.22776601683796,0.00011,0.8741447571006196,0.00012583728164755018
54.33556472291671,46.06856240402033,23.47801792599739,19.94281177109722,24.872444178945816,0.152147168453182,0.5679069860463741,0.6329694579821661,0.6336487146278196,-0.0006792566456534921,5.124148076347193e-08,3.081716976124513e-08,0.0,1.972552221237827e-08,1.7423560234512278e-08,1.3816867113117856e-10,1.3374980061596598e-10,1.1510122467948438e-10,0.00019158525850059184,0.00016981466086435647,8.485789307872364e-07,7.154062899735617e-07,0.004123550789048483,0.0039015307712793436,0.0032894911391478884,69.035990055119,66.82951337674575,57.51682853001621,448197.0318599553,424064.90140200616,357540.8795013085,23.258074107517817,7.582352206545303,90.13675041653846,33.10360825580886,-2.2064766783732495,9.312684846729539,0.9680387479543412,1.1619123495633898,1.1860590608825894,1.1860599045163287,0.06506247193579195,True,19.90590397766384,-0.0369077934333788,0.15061700704216652,0.3119996137071964,0.41642275265619455,0.0007985799217216649,0.0,16.071699988314922,11.955801546666606,False,0.13955061913423517,0.5422437531332853,-0.08596208053389498,G12V,fixed_concentration,2.1836666412252574e-07,0.00020000000000000004,1.6669211001719522,1000.0000000000002,0.00011,0.8741447571006196,0.00012583728164755018
54.33556472291671,33.11890968114238,54.33271391545293,33.11695525704374,34.297210080276955,0.39047454737920373,5.2466694297148564e-05,0.39051051689766925,0.3905065271647927,3.98973287651927e-06,1.0594490181800833e-07,1.059373292680432e-07,0.0,1.972552221237827e-08,1.6074277148944895e-08,1.9723185984483498e-08,1.6072987216288662e-08,7.70652274200845e-09,0.00019158525850059184,0.0001568906407802164,0.0001568678171367251,7.967269264519937e-05,8.037373351504104e-07,6.68953286176724e-07,3.52383601808734e-07,0.008976379026413232,0.0074386842248341375,0.003710294045242197,87.36080133568028,72.71069572533673,38.30175840460982,48.046581367843054,48.04276482552252,90.13675041653846,91.95566239984468,-0.0015376948015790948,0.0037283901795919405,0.8286954241733345,2.0048772776844865,1.8983666741104968,1.8983644290489183,3.5969518465517325e-05,True,33.11717204143268,0.00021678438893957264,0.3883537669387582,4.7388911183166016e-05,0.38838634393082416,3.591743051867269e-06,0.0,34.16055922495112,34.15986504233216,False,0.3687704900771228,0.3687889275619938,-1.4681040857500438e-05,G12V,fixed_concentration,7.519209413845452e-07,2.0000000000000003e-10,5.739854514385842,0.0010000000000000002,0.00011,0.8741447571006196,0.00012583728164755018
54.33556472291671,33.11890968114238,54.32655067205537,33.11273005161966,34.29504402392412,0.39047454737920373,0.00016589596348737246,0.3905882782211345,0.3905756651914363,1.261302969818301e-05,1.0594490181800833e-07,1.0592096289631181e-07,0.0,1.972552221237827e-08,1.6074277148944895e-08,1.9718137143969977e-08,1.6070198476495266e-08,7.705844987866486e-09,0.00019158525850059184,0.0001568906407802164,0.00015681848141319861,7.965362816286855e-05,2.540739929425148e-06,2.1147943864448226e-06,1.114080924680917e-06,0.028379188626533734,0.0235194071129366,0.011731986390881964,276.16121084356513,229.86383931704856,121.09320084100078,48.046581367843054,48.03451448846389,90.13675041653846,91.94097611701623,-0.004859781513597134,0.011787420722054636,0.8287554454938371,2.004725059280307,1.8982412673931377,1.8982390235011384,0.00011373084193078142,True,33.11341538771118,0.000685336091521549,0.3883537669387582,0.00014981766500488103,0.38845675628546394,1.1353936259450581e-05,0.0,34.16055922495112,34.15836429328039,False,0.3687704900771228,0.36882879199266416,-4.6416512188951486e-05,G12V,fixed_concentration,7.519209413845452e-07,6.324555320336759e-10,5.739854514385842,0.00316227766016838,0.00011,0.8741447571006196,0.00012583728164755018
54.33556472291671,33.11890968114238,54.30707082173702,33.09937560602213,34.28819628417804,0.39047454737920373,0.0005244060924919358,0.3908340554697124,0.390794186240087,3.986922962539996e-05,1.0594490181800833e-07,1.058692747182249e-07,0.0,1.972552221237827e-08,1.6074277148944895e-08,1.970218903693694e-08,1.6061386805630196e-08,7.703702199252462e-09,0.00019158525850059184,0.0001568906407802164,0.0001566626260581627,7.959337349814007e-05,8.02552939207709e-06,6.681356059099511e-06,3.5204953805575296e-06,0.08967679894990084,0.07433714575534286,0.03708986465251893,872.3206455283156,726.218185057786,382.6544738695128,48.046581367843054,48.00844253585053,90.13675041653846,91.89456443543799,-0.015339653194557976,0.03724728110282394,0.8289451299089335,2.004244190475748,1.8978454270948102,1.8978431839932706,0.0003595080905086645,True,33.10154192312889,0.0021663171067629605,0.3883537669387582,0.00047337953429049673,0.38867917013956554,3.586239185027207e-05,0.0,34.16055922495112,34.153619855276546,False,0.3687704900771228,0.3689548188367947,-0.00014669184109233901,G12V,fixed_concentration,7.519209413845452e-07,2e-09,5.739854514385842,0.01,0.00011,0.8741447571006196,0.00012583728164755018
54.33556472291671,33.11890968114238,54.24556992135749,33.057214350329836,34.266560708361865,0.39047454737920373,0.0016562780200802818,0.3916099976340627,0.39148409098905906,0.00012590664500361504,1.0594490181800833e-07,1.0570649071472891e-07,0.0,1.972552221237827e-08,1.6074277148944895e-08,1.9651935707279786e-08,1.603358441732367e-08,7.696934016051089e-09,0.00019158525850059184,0.0001568906407802164,0.000156171310601157,7.940317717125786e-05,2.5289347783711773e-05,2.1066362246641762e-05,1.1107435016074085e-05,0.28292433234768405,0.2346979796795526,0.11718922389218006,2748.7806113231004,2289.770933771039,1207.3044030120643,48.046581367843054,47.92617677437564,90.13675041653846,91.74810549474658,-0.04822635266813144,0.11750875578737255,0.8295432836477763,2.0027266320620614,1.8966000895936506,1.8965978489421262,0.0011354502548589496,True,33.06405555898847,0.006841208658634912,0.3883537669387582,0.0014931114791189026,0.3893800092580334,0.00011298630753159289,0.0,34.16055922495112,34.13863308715328,False,0.3687704900771228,0.3693530032658423,-0.00046297837419179144,G12V,fixed_concentration,7.519209413845452e-07,6.32455532033676e-09,5.739854514385842,0.0316227766016838,0.00011,0.8741447571006196,0.00012583728164755018
54.33556472291671,33.11890968114238,54.05208007939683,32.92457712909823,34.198330095213294,0.39047454737920373,0.005217294509875847,0.3940510732335891,0.3936546211767918,0.0003964520567973362,1.0594490181800833e-07,1.0519834117854126e-07,0.0,1.972552221237827e-08,1.6074277148944895e-08,1.9494787136376134e-08,1.594628723584603e-08,7.675616356072978e-09,0.00019158525850059184,0.0001568906407802164,0.00015463293570825467,7.880516193703372e-05,7.908693662906431e-05,6.600362146398559e-05,3.487227075106414e-05,0.8881662925263868,0.7384376658567648,0.3695964145639934,8596.212968262857,7174.1460633647,3790.383819979084,48.046581367843054,47.6678263211568,90.13675041653846,91.28801659467115,-0.14972862666962194,0.36884125129277145,0.8314182513685368,1.9979567895102208,1.8927250804845126,1.8927228492138004,0.003576525854385393,True,32.94611857548988,0.021541446391651675,0.3883537669387582,0.004683444021936212,0.39157149251220635,0.0003531146796776352,0.0,34.16055922495112,34.09140421907829,False,0.3687704900771228,0.3706087298511187,-0.0014550704825963545,G12V,fixed_concentration,7.519209413845452e-07,2.0000000000000004e-08,5.739854514385842,0.10000000000000002,0.00011,0.8741447571006196,0.00012583728164755018
54.33556472291671,33.11890968114238,53.44998290553543,32.51192233790665,33.98442094493371,0.39047454737920373,0.016298382503196374,0.4016456347937002,0.40040882635145136,0.0012368084422488268,1.0594490181800833e-07,1.0365560971122196e-07,0.0,1.972552221237827e-08,1.6074277148944895e-08,1.9014829380545636e-08,1.5676243438361903e-08,7.609024834661968e-09,0.00019158525850059184,0.0001568906407802164,0.00014991695922635453,7.694799678098251e-05,0.00024158300538856724,0.00020274837361357524,0.00010778370406521906,2.7454839588776143,2.298474487581438,1.1589982323708012,26258.425149619376,22037.366750855952,11715.36791047262,48.046581367843054,46.86843729908849,90.13675041653846,89.86300846370062,-0.4470094712961763,1.1394762552106368,0.8371837249856237,1.9831561631287125,1.8810670441506985,1.8810648474092115,0.011171087414496461,True,32.579125023070304,0.06720268516365735,0.3883537669387582,0.014437334446130157,0.39825990420937096,0.0010755960411918952,0.0,34.16055922495112,33.9436808533565,False,0.3687704900771228,0.3745455463978945,-0.004512963679256576,G12V,fixed_concentration,7.519209413845452e-07,6.32455532033676e-08,5.739854514385842,0.316227766016838,0.00011,0.8741447571006196,0.00012583728164755018
54.33556472291671,33.11890968114238,51.639489547927326,31.27233533071308,33.32652054619557,0.39047454737920373,0.04961897771262658,0.4244591826700279,0.42071857722807365,0.003740605441954259,1.0594490181800833e-07,9.93584654547336e-08,0.0,1.972552221237827e-08,1.6074277148944895e-08,1.764650800239093e-08,1.4874989363261087e-08,7.404241003709798e-09,0.00019158525850059184,0.0001568906407802164,0.00013637014914221594,7.140205061620124e-05,0.000688435902694163,0.0005864341092173076,0.0003170913521538362,8.107875331086102,6.922624511665119,3.569956284340461,74828.22588281691,63741.3321777513,34465.67481609938,48.046581367843054,44.506370772656915,90.13675041653846,85.63950563798917,-1.1852508194209834,3.352668227324658,0.8538148687515387,1.9391342527165019,1.8494169116690395,1.8494148893895113,0.03398463529082418,True,31.47558323980728,0.20324790909419832,0.3883537669387582,0.04219834256350896,0.41718038317235684,0.0030161589632005104,0.0,34.16055922495112,33.492868584054676,False,0.3687704900771228,0.3866536454319819,-0.013437807629556375,G12V,fixed_concentration,7.519209413845452e-07,2.0000000000000002e-07,5.739854514385842,1.0000000000000002,0.00011,0.8741447571006196,0.00012583728164755018
54.33556472291671,33.11890968114238,46.77857488690474,27.980585629678593,31.475532115553296,0.39047454737920373,0.13907999069391674,0.4850410449883954,0.47524734165740945,0.009793703330985948,1.0594490181800833e-07,9.002448472162823e-08,0.0,1.972552221237827e-08,1.6074277148944895e-08,1.4335062956116218e-08,1.2673200285475891e-08,6.716758630156094e-09,0.00019158525850059184,0.0001568906407802164,0.00010428042589758707,5.695717145931088e-05,0.0016406816408154736,0.0014374863094017715,0.0008048117874152462,21.149792375317382,18.84400104872203,10.275039556228261,178330.3608588185,156244.4134069645,87477.30739222308,48.046581367843054,38.50816194748634,90.13675041653846,74.81907908529263,-2.305791326595351,8.56896149249377,0.8909780632510464,1.8339589785130954,1.7861148803727624,1.7861136569557348,0.09456649760919167,True,28.512732030896426,0.5321464012178332,0.3883537669387582,0.10631066376347287,0.4599227349993824,0.006544451035455756,0.0,34.16055922495112,32.24852479973871,False,0.3687704900771228,0.4207195181266222,-0.0358423663163,G12V,fixed_concentration,7.519209413845452e-07,6.324555320336759e-07,5.739854514385842,3.16227766016838,0.00011,0.8741447571006196,0.00012583728164755018
54.33556472291671,33.11890968114238,37.828074543650025,22.24975958708954,28.028078202710322,0.39047454737920373,0.3038063607776297,0.5905120393879808,0.5756522569412654,0.014859782446715375,1.0594490181800833e-07,7.822431678747373e-08,0.0,1.972552221237827e-08,1.6074277148944895e-08,8.6960996938871e-09,8.063471819068037e-09,4.638664276479619e-09,0.00019158525850059184,0.0001568906407802164,5.735194320646872e-05,3.294914159047521e-05,0.002841135663033689,0.0025564176997126546,0.0014887764420358676,41.66857079607794,38.75468099956919,22.66743893889835,308810.0324124488,277863.06179348397,161818.5973722512,48.046581367843054,28.937638679570593,90.13675041653846,57.2133795628143,-2.913889796508748,16.08724206067084,0.9300698406295467,1.7097070870703617,1.7171266467763369,1.7171268711116152,0.20003749200877707,True,23.0571742579915,0.807414670901963,0.3883537669387582,0.19812351317877885,0.5178841968194603,0.008348929364042634,0.0,34.16055922495112,29.921458448968714,False,0.3687704900771228,0.4841669844486014,-0.07637504585363741,G12V,fixed_concentration,7.519209413845452e-07,2.0000000000000003e-06,5.739854514385842,10.000000000000002,0.00011,0.8741447571006196,0.00012583728164755018
54.33556472291671,33.11890968114238,29.621675095724722,17.40921126004529,24.99160487662868,0.39047454737920373,0.45483818477308646,0.6795982272601147,0.6677099978222406,0.011888229437874043,1.0594490181800833e-07,7.058483796402757e-08,0.0,1.972552221237827e-08,1.6074277148944895e-08,3.732384898239461e-09,3.5291947360843093e-09,2.1371008925154724e-09,0.00019158525850059184,0.0001568906407802164,2.305554577357919e-05,1.3678718257358309e-05,0.0036331575518479464,0.0033097772243802135,0.0019743567974785615,57.93264063534398,54.83340566208724,33.432906066245664,394895.8326495508,359746.4715600136,214596.7306990911,48.046581367843054,21.62097899608466,90.13675041653846,43.401907834486366,-3.099234973256742,21.400499595841573,0.9465027842807162,1.6401028840698901,1.6763825204274672,1.676383747264316,0.2247600424870282,True,18.055164920107778,0.6459536600624887,0.3883537669387582,0.2664062180531468,0.5583327066926416,0.007032580017584333,0.0,34.16055922495112,27.75413062306405,False,0.3687704900771228,0.5400507015235243,-0.11582707302212492,G12V,fixed_concentration,7.519209413845452e-07,6.324555320336759e-06,5.739854514385842,31.622776601683796,0.00011,0.8741447571006196,0.00012583728164755018
54.33556472291671,33.11890968114238,25.513492128234592,15.104841676240888,23.514936579680274,0.39047454737920373,0.5304458091428659,0.7220081956768505,0.7137947692878136,0.008213426389036882,1.0594490181800833e-07,6.740706481681826e-08,0.0,1.972552221237827e-08,1.6074277148944895e-08,1.3174523779033665e-09,1.2527289954390956e-09,7.748150639358808e-10,0.00019158525850059184,0.0001568906407802164,7.928434748997764e-06,4.76784773900364e-06,0.003968343886905752,0.0036302645499468322,0.0021871564894073293,65.44097304206434,62.245923405483275,38.59073274523272,431327.4978572494,394580.4391912806,237726.0108318668,48.046581367843054,18.35981630674825,90.13675041653846,37.12768041508084,-3.195049636581068,23.655190660250554,0.9511766178273764,1.6129759394934728,1.6598101542018848,1.6598118052397306,0.1915623865339846,True,15.551122837399312,0.4462811611584243,0.3883537669387582,0.29729094340646034,0.5759627324827301,0.005772079886187553,0.0,34.16055922495112,26.63495081911917,False,0.3687704900771228,0.5672275295270364,-0.13637600869598177,G12V,fixed_concentration,7.519209413845452e-07,2e-05,5.739854514385842,100.00000000000001,0.00011,0.8741447571006196,0.00012583728164755018
54.33556472291671,33.11890968114238,23.986862764375196,14.264884581059048,22.971932007940833,0.39047454737920373,0.5585421282230929,0.7374668938511528,0.7309201908921672,0.0065467029589856285,1.0594490181800833e-07,6.630649922008049e-08,0.0,1.972552221237827e-08,1.6074277148944895e-08,4.319179576907679e-10,4.1136774865615793e-10,2.5630351991894126e-10,0.00019158525850059184,0.0001568906407802164,2.57651503286481e-06,1.5567229428304138e-06,0.004085351135556229,0.0037422630977480506,0.002262427070121943,68.1444301199508,64.90874081116984,40.47270678121237,444045.0894103525,406753.6156059568,245907.18660638848,48.046581367843054,17.204562793447344,90.13675041653846,34.88556486847619,-3.2356893087809624,24.43603402995746,0.9525171858787965,1.6037657466809407,1.6540922565722065,1.6540940556447716,0.17892476562805992,True,14.620603383408723,0.35571880234967423,0.3883537669387582,0.30835552883927264,0.5821893768083412,0.005231112211434685,0.0,34.16055922495112,26.209782660067777,False,0.3687704900771228,0.5772210682803094,-0.14411769566635724,G12V,fixed_concentration,7.519209413845452e-07,6.324555320336759e-05,5.739854514385842,316.22776601683796,0.00011,0.8741447571006196,0.00012583728164755018
54.33556472291671,33.11890968114238,23.47801792599739,13.986695253030337,22.791537577996262,0.39047454737920373,0.5679069860463741,0.7425867325690778,0.7366283100956321,0.00595842247344569,1.0594490181800833e-07,6.594820698454435e-08,0.0,1.972552221237827e-08,1.6074277148944895e-08,1.3816867113117856e-10,1.316601581500112e-10,8.222718730613401e-11,0.00019158525850059184,0.0001568906407802164,8.218831813287035e-07,4.97342567833503e-07,0.004123550789048483,0.0037788372825826523,0.002287110406588171,69.035990055119,65.78604584877657,41.09610760529938,448197.0318599553,410728.87978519173,248590.02244764383,48.046581367843054,16.825791129267174,90.13675041653846,34.14812068585664,-3.249944206342434,24.689938243477187,0.9529239139795396,1.6007853220700978,1.6522321229869203,1.652233970378664,0.17467974652270368,True,14.31044950298273,0.3237542499523922,0.3883537669387582,0.3119996137071964,0.5842303792306058,0.005043223851278311,0.0,34.16055922495112,26.06673727664959,False,0.3687704900771228,0.5805410748149702,-0.14670906374598358,G12V,fixed_concentration,7.519209413845452e-07,0.00020000000000000004,5.739854514385842,1000.0000000000002,0.00011,0.8741447571006196,0.00012583728164755018
54.33556472291671,17.155185803147337,54.33271391545293,17.15406551323672,18.17641624615683,0.684273350417357,5.2466694297148564e-05,0.6842939684033177,0.6842899155509622,4.052852355496128e-06,1.562802602461923e-07,1.5626967772501963e-07,0.0,1.972552221237827e-08,1.592049449279594e-08,1.9723185984483498e-08,1.5919303189274597e-08,3.337768339776766e-09,0.00019158525850059184,0.00015531054295465333,0.00015528870897260253,3.940557529304286e-05,8.037373351504104e-07,6.627054377766194e-07,1.773592711576008e-07,0.008976379026413232,0.00737280222794467,0.0016414896133331582,87.36080133568028,72.03159607729194,19.27782429866321,70.8823087395436,70.87697377012174,90.13675041653846,92.03257163239594,-0.0016035767984685619,0.005731312614611512,0.8213559394328164,4.49153145293054,3.7365142146290267,3.7365002897285904,2.0617985960647012e-05,True,17.154285727258195,0.0002202140214748738,0.6827443117816614,4.7388911183166016e-05,0.6827629779470492,3.631763756506423e-06,0.0,50.93592717560682,50.935059945329584,False,0.6654736366365075,0.6654784699699514,-1.2718158997060414e-05,G12V,fixed_concentration,2.5891548252776464e-06,2.0000000000000003e-10,19.7645406509744,0.0010000000000000002,0.00011,0.8741447571006196,0.00012583728164755018
54.33556472291671,17.155185803147337,54.32655067205537,17.151643774791424,18.17584837336743,0.684273350417357,0.00016589596348737246,0.6843385384461182,0.6843257281940882,1.2810252030037717e-05,1.562802602461923e-07,1.5624680534307332e-07,0.0,1.972552221237827e-08,1.592049449279594e-08,1.9718137143969977e-08,1.5916727793505344e-08,3.337651351917545e-09,0.00019158525850059184,0.00015531054295465333,0.00015524151356059767,3.93986265378396e-05,2.540739929425148e-06,2.0950628801114485e-06,5.607674455642683e-07,0.028379188626533734,0.02331135397925201,0.005190666980847853,276.16121084356513,227.71915559134783,60.951854240178974,70.8823087395436,70.86544046839974,90.13675041653846,92.01792084392994,-0.005067834647281725,0.018120686998404155,0.8214242586716012,4.4910132099139775,3.736063668965851,3.7360496810158925,6.518802876120944e-05,True,17.15233982706972,0.0006960522782968326,0.6827443117816614,0.00014981766500488103,0.682803323165132,1.1480877052272298e-05,0.0,50.93592717560682,50.933184944411074,False,0.6654736366365075,0.6654889211871661,-4.021202270354518e-05,G12V,fixed_concentration,2.5891548252776464e-06,6.324555320336759e-10,19.7645406509744,0.00316227766016838,0.00011,0.8741447571006196,0.00012583728164755018
54.33556472291671,17.155185803147337,54.30707082173702,17.14398959405745,18.174052859196486,0.684273350417357,0.0005244060924919358,0.6844794071528852,0.6844389193959602,4.048775692500062e-05,1.562802602461923e-07,1.5617456645169442e-07,0.0,1.972552221237827e-08,1.592049449279594e-08,1.970218903693694e-08,1.590858878028288e-08,3.3372809921800617e-09,0.00019158525850059184,0.00015531054295465333,0.00015509240423124544,3.937665524413155e-05,8.02552939207709e-06,6.619217979580159e-06,1.772383793885424e-06,0.08967679894990084,0.07368205622306831,0.016412538735837506,872.3206455283156,719.46418836657,192.64684080311477,70.8823087395436,70.82899235043436,90.13675041653846,91.97161985504407,-0.01599474272683253,0.0572695174872308,0.8216401241555443,4.489375922213684,3.7346414486613497,3.7346274943686364,0.00020605673552820392,True,17.146189519194337,0.0021999251368853834,0.6827443117816614,0.00047337953429049673,0.6829307581336199,3.626400201872659e-05,0.0,50.93592717560682,50.92725778767166,False,0.6654736366365075,0.6655219661031451,-0.00012709819640943643,G12V,fixed_concentration,2.5891548252776464e-06,2e-09,19.7645406509744,0.01,0.00011,0.8741447571006196,0.00012583728164755018
54.33556472291671,17.155185803147337,54.24556992135749,17.11982685958872,18.168377138740567,0.684273350417357,0.0016562780200802818,0.6849241017942671,0.6847962815274143,0.00012782026685276282,1.562802602461923e-07,1.5594702239912279e-07,0.0,1.972552221237827e-08,1.592049449279594e-08,1.9651935707279786e-08,1.5882901999258253e-08,3.3361112075569913e-09,0.00019158525850059184,0.00015531054295465333,0.00015462225053377055,3.930722786967673e-05,2.5289347783711773e-05,2.0872428779717745e-05,5.595574783424548e-06,0.28292433234768405,0.23265458123209218,0.05188311074458761,2748.7806113231004,2268.691652934283,608.2033582644816,70.8823087395436,70.71396454634568,90.13675041653846,91.82549137307625,-0.05026975111559187,0.18077147048750458,0.8223208633260441,4.4842064766974765,3.7301670672952043,3.73015311754942,0.0006507513769100637,True,17.126772045971194,0.006945186382473878,0.6827443117816614,0.0014931114791189026,0.6833322713670127,0.00011426147545667842,0.0,50.93592717560682,50.90853467173189,False,0.6654736366365075,0.6656264229259437,-0.0004012823733401394,G12V,fixed_concentration,2.5891548252776464e-06,6.32455532033676e-09,19.7645406509744,0.0316227766016838,0.00011,0.8741447571006196,0.00012583728164755018
54.33556472291671,17.155185803147337,54.05208007939683,17.043834505742225,18.150450540414806,0.684273350417357,0.005217294509875847,0.6863226766362516,0.685920589332846,0.00040208730340551835,1.562802602461923e-07,1.5523634066369493e-07,0.0,1.972552221237827e-08,1.592049449279594e-08,1.9494787136376134e-08,1.5802179991211066e-08,3.332428093993817e-09,0.00019158525850059184,0.00015531054295465333,0.00015314909435016884,3.908817735105914e-05,7.908693662906431e-05,6.541536912612185e-05,1.760255292482776e-05,0.8881662925263868,0.7322530284436749,0.1638906367865607,8596.212968262857,7110.206935181946,1913.2853253996755,70.8823087395436,70.35251296066613,90.13675041653846,91.36625598041684,-0.1559132640827119,0.5683623916571142,0.8244548736034364,4.467936929168859,3.716243286157422,3.716229273695318,0.0020493262188945316,True,17.06568214644068,0.021847640698453574,0.6827443117816614,0.004683444021936212,0.6845873659712742,0.0003572049332013494,0.0,50.93592717560682,50.84952791661953,False,0.6654736366365075,0.6659563467689584,-0.0012626124265341376,G12V,fixed_concentration,2.5891548252776464e-06,2.0000000000000004e-08,19.7645406509744,0.10000000000000002,0.00011,0.8741447571006196,0.00012583728164755018
54.33556472291671,17.155185803147337,53.44998290553543,16.80763144683088,18.09396900793916,0.684273350417357,0.016298382503196374,0.6906697936693745,0.6894191841187076,0.0012506095506669146,1.562802602461923e-07,1.5307524299455288e-07,0.0,1.972552221237827e-08,1.592049449279594e-08,1.9014829380545636e-08,1.5551825899738378e-08,3.3209905790294713e-09,0.00019158525850059184,0.00015531054295465333,0.00014862329569466725,3.840039680760766e-05,0.00024158300538856724,0.0002011196168250122,5.473698383428081e-05,2.7454839588776143,2.2815483606841522,0.5165179702272407,26258.425149619376,21860.33165602509,5949.559806359903,70.8823087395436,69.23206189397793,90.13675041653846,89.9421440537785,-0.4639355981934621,1.7650303904569116,0.8310186454765796,4.417171312898158,3.674291178226275,3.674277151169578,0.006396443252017492,True,16.87558402301424,0.06795257618336237,0.6827443117816614,0.014437334446130157,0.6884139322082377,0.0010892939508309052,0.0,50.93592717560682,50.66493242162355,False,0.6654736366365075,0.666995841485976,-0.003930033778032915,G12V,fixed_concentration,2.5891548252776464e-06,6.32455532033676e-08,19.7645406509744,0.316227766016838,0.00011,0.8741447571006196,0.00012583728164755018
54.33556472291671,17.155185803147337,51.639489547927326,16.10021987897039,17.9171515545846,0.684273350417357,0.04961897771262658,0.7036891037928255,0.6999393840062804,0.003749719786545036,1.562802602461923e-07,1.4702835343764606e-07,0.0,1.972552221237827e-08,1.592049449279594e-08,1.764650800239093e-08,1.4802957037221273e-08,3.2877266697958213e-09,0.00019158525850059184,0.00015531054295465333,0.00013554329126386702,3.627262804140024e-05,0.000688435902694163,0.0005830969504318857,0.00016382487280188954,8.107875331086102,6.891411798844559,1.6172777397621831,74828.22588281691,63378.60434085378,17806.69960903252,70.8823087395436,65.90362975099266,90.13675041653846,85.70673407231257,-1.2164635322415434,5.274134059082376,0.8499651903159455,4.261118315928793,3.5592699720085506,3.559256107667742,0.019415753375468414,True,16.303963021125007,0.20374314215461808,0.6827443117816614,0.04219834256350896,0.6992033874175255,0.003071411424204862,0.0,50.93592717560682,50.10131946537785,False,0.6654736366365075,0.6702500167992582,-0.011822476005268423,G12V,fixed_concentration,2.5891548252776464e-06,2.0000000000000002e-07,19.7645406509744,1.0000000000000002,0.00011,0.8741447571006196,0.00012583728164755018
54.33556472291671,17.155185803147337,46.77857488690474,14.240267632968628,17.388870046954306,0.684273350417357,0.13907999069391674,0.7379199479091341,0.7281846099031325,0.00973533800600157,1.562802602461923e-07,1.3376004230814296e-07,0.0,1.972552221237827e-08,1.592049449279594e-08,1.4335062956116218e-08,1.2694023920673772e-08,3.1522492932732245e-09,0.00019158525850059184,0.00015531054295465333,0.00010414585107129544,3.0137510780222622e-05,0.0016406816408154736,0.0014356511152901392,0.00043187361952971376,21.149792375317382,18.87311552121276,4.9068041008622085,178330.3608588185,156044.92973402134,46941.71747648914,70.8823087395436,57.343992796246276,90.13675041653846,74.77955047459955,-2.276676854104622,13.966311420350552,0.8923546475680021,3.846315266162029,3.3242389679959685,3.324227108055362,0.053646597491777026,True,14.769242721293198,0.5289750883245699,0.6827443117816614,0.10631066376347287,0.7233429195194444,0.006870944940554069,0.0,50.93592717560682,48.54539949884175,False,0.6654736366365075,0.6799725900406381,-0.03202697009933364,G12V,fixed_concentration,2.5891548252776464e-06,6.324555320336759e-07,19.7645406509744,3.16227766016838,0.00011,0.8741447571006196,0.00012583728164755018
54.33556472291671,17.155185803147337,37.828074543650025,11.083648444515566,16.319060455311988,0.684273350417357,0.3038063607776297,0.7960148477146333,0.7801931148275737,0.01582173288705957,1.562802602461923e-07,1.1673482573209936e-07,0.0,1.972552221237827e-08,1.592049449279594e-08,8.6960996938871e-09,8.124827035663006e-09,2.3757706652974446e-09,0.00019158525850059184,0.00015531054295465333,5.7519697968315966e-05,1.833180640828492e-05,0.002841135663033689,0.002563503467866452,0.0008352573797047068,41.66857079607794,39.03805024984042,11.739333338055253,308810.0324124488,278633.19240244856,90786.29282654118,70.8823087395436,43.428580636284,90.13675041653846,56.89933014519634,-2.63052054623752,27.298716911785164,0.9368703918569457,3.3254060623094537,3.0691180109929013,3.0691108065709094,0.11174149729727623,True,11.94333123582909,0.8596827913135243,0.6827443117816614,0.19812351317877885,0.7554080954286242,0.00980797212119422,0.0,50.93592717560682,45.64325423122029,False,0.6654736366365075,0.6996615285305166,-0.0674433451436286,G12V,fixed_concentration,2.5891548252776464e-06,2.0000000000000003e-06,19.7645406509744,10.000000000000002,0.00011,0.8741447571006196,0.00012583728164755018
54.33556472291671,17.155185803147337,29.621675095724722,8.504051240139905,15.333499524605093,0.684273350417357,0.45483818477308646,0.8434901471346407,0.8278778865980148,0.0156122605366259,1.562802602461923e-07,1.0555684335447755e-07,0.0,1.972552221237827e-08,1.592049449279594e-08,3.732384898239461e-09,3.5626805750568216e-09,1.1573078012423952e-09,0.00019158525850059184,0.00015531054295465333,2.3161544291959655e-05,7.852438607594651e-06,0.0036331575518479464,0.0033246865258746237,0.001137382000577951,57.93264063534398,55.34456516316274,18.193161147018124,394895.8326495508,361366.9367634673,123624.52257970009,70.8823087395436,32.597559662531395,90.13675041653846,42.874004183532485,-2.588075472181238,37.15140401614462,0.9553261262770355,3.0420532592398746,2.923104571889842,2.923100766925073,0.15921679671728362,True,9.35235223299878,0.8483009928588743,0.6827443117816614,0.2664062180531468,0.7772475062104619,0.009984306374704599,0.0,50.93592717560682,42.946556061278216,False,0.6654736366365075,0.7177999418465969,-0.09982905866090352,G12V,fixed_concentration,2.5891548252776464e-06,6.324555320336759e-06,19.7645406509744,31.622776601683796,0.00011,0.8741447571006196,0.00012583728164755018
54.33556472291671,17.155185803147337,25.513492128234592,7.30297162885034,14.846512186416762,0.684273350417357,0.5304458091428659,0.8655949990380754,0.8517492285231882,0.013845770514887112,1.562802602461923e-07,1.0086708620394468e-07,0.0,1.972552221237827e-08,1.592049449279594e-08,1.3174523779033665e-09,1.2650188344916354e-09,4.29194857696117e-10,0.00019158525850059184,0.00015531054295465333,7.968650592241053e-06,2.7727253564532522e-06,0.003968343886905752,0.0036485500347510254,0.0012734909080278035,65.44097304206434,62.85273830365486,21.413495986214546,431327.4978572494,396567.8600664824,138418.2689925801,70.8823087395436,27.71252877686733,90.13675041653846,36.514720179806716,-2.588234738409483,41.43924231744032,0.960449323747894,2.935192756200007,2.864998887507855,2.8649965279347653,0.1813216486207183,True,8.05528938880064,0.7523177599502997,0.6827443117816614,0.29729094340646034,0.7866200207534194,0.009558466120262232,0.0,50.93592717560682,41.55520742162288,False,0.6654736366365075,0.7267625309108997,-0.11615921321957601,G12V,fixed_concentration,2.5891548252776464e-06,2e-05,19.7645406509744,100.00000000000001,0.00011,0.8741447571006196,0.00012583728164755018
54.33556472291671,17.155185803147337,23.986862764375196,6.869324218174482,14.666503148486484,0.684273350417357,0.5585421282230929,0.8735759119610795,0.8606199852119931,0.01295592674908641,1.562802602461923e-07,9.92369298783192e-08,0.0,1.972552221237827e-08,1.592049449279594e-08,4.319179576907679e-10,4.1542517665145735e-10,1.4308442890993839e-10,0.00019158525850059184,0.00015531054295465333,2.58993551850575e-06,9.093841422603696e-07,0.004085351135556229,0.003761711380198396,0.0013221607596340633,68.1444301199508,65.54761817316412,22.607131695793772,444045.0894103525,408867.4205263663,143708.21077847903,70.8823087395436,25.97279148554602,90.13675041653846,34.24465868045876,-2.596811946786673,42.94048647737036,0.9618925282342863,2.8994221405522116,2.8451240537796108,2.8451221980393346,0.1893025615437225,True,7.573291814594835,0.7039675964203536,0.6827443117816614,0.30835552883927264,0.7899087696874384,0.009336912387943763,0.0,50.93592717560682,41.02694015496729,False,0.6654736366365075,0.7300754446322943,-0.12224525894398997,G12V,fixed_concentration,2.5891548252776464e-06,6.324555320336759e-05,19.7645406509744,316.22776601683796,0.00011,0.8741447571006196,0.00012583728164755018
54.33556472291671,17.155185803147337,23.47801792599739,6.7261824179483085,14.606601763066713,0.684273350417357,0.5679069860463741,0.8762103154306325,0.8635767203963556,0.012633595034276968,1.562802602461923e-07,9.870554473572117e-08,0.0,1.972552221237827e-08,1.592049449279594e-08,1.3816867113117856e-10,1.329601946444532e-10,4.602055984095968e-11,0.00019158525850059184,0.00015531054295465333,8.261982174501244e-07,2.9095626052898567e-07,0.004123550789048483,0.0037986624621293708,0.0013381804487299892,69.035990055119,66.43519027832039,23.00464513475974,448197.0318599553,412883.6495377951,145449.39491798257,70.8823087395436,25.401289181407684,90.13675041653846,33.49832622760007,-2.6007997767986097,43.43054514356065,0.9623268997124238,2.8879032860166847,2.8386772992644764,2.8386756079020885,0.1919369650132755,True,7.4126359386163845,0.686453520668076,0.6827443117816614,0.3119996137071964,0.7909843325868318,0.009256368634637968,0.0,50.93592717560682,40.849258098135984,False,0.6654736366365075,0.7311778788432064,-0.12427561656411634,G12V,fixed_concentration,2.5891548252776464e-06,0.00020000000000000004,19.7645406509744,1000.0000000000002,0.00011,0.8741447571006196,0.00012583728164755018
54.33556472291671,6.750651828180796,54.33271391545293,6.750170979165639,7.266512452623638,0.8757599766818357,5.2466694297148564e-05,0.8757688263002691,0.8757664951451586,2.331155110502081e-06,1.8481400975255138e-07,1.8480152356358243e-07,0.0,1.972552221237827e-08,1.6188910006811503e-08,1.9723185984483498e-08,1.6187696036852324e-08,1.2149279595508369e-09,0.00019158525850059184,0.0001577880700351909,0.00015776590485723578,1.9922066406736728e-05,8.037373351504104e-07,6.724897835916387e-07,9.005514718387092e-08,0.008976379026413232,0.007487797099851436,0.0006037961412352195,87.36080133568028,73.0950871064111,9.788472443705311,83.82124947772076,83.81495156427721,90.13675041653846,91.8982517511136,-0.0014885819265617961,0.006884000958616217,0.8341667701217156,12.40120065115559,7.467533001956862,7.467466198305178,8.849618433393047e-06,True,6.750297643795022,0.0001266646293833773,0.8750421459110294,4.7388911183166016e-05,0.8750501543907503,2.086863071903977e-06,0.0,62.21027183417918,62.209474371502424,False,0.8662652335782902,0.8662659992644027,-6.250934994289636e-06,G12V,fixed_concentration,8.915462172013271e-06,2.0000000000000003e-10,68.05696314513948,0.0010000000000000002,0.00011,0.8741447571006196,0.00012583728164755018
54.33556472291671,6.750651828180796,54.32655067205537,6.749131458134959,7.266422494591555,0.8757599766818357,0.00016589596348737246,0.8757879578034747,0.8757805876002077,7.3702032670208695e-06,1.8481400975255138e-07,1.847745366507189e-07,0.0,1.972552221237827e-08,1.6188910006811503e-08,1.9718137143969977e-08,1.6185071918347065e-08,1.2149133458997583e-09,0.00019158525850059184,0.0001577880700351909,0.0001577179928165612,1.9919744582632835e-05,2.540739929425148e-06,2.1259958445700263e-06,2.8475260568433563e-07,0.028379188626533734,0.023674942443089573,0.0019093482209864069,276.16121084356513,231.08135511170644,30.950954941562166,83.82124947772076,83.80133661099752,90.13675041653846,91.88337673188649,-0.004704246183444161,0.021765594222103165,0.834236057790397,12.399489094167764,7.466115505635839,7.466049288237025,2.7981121639042428e-05,True,6.749531922291596,0.00040046415663752555,0.8750421459110294,0.00014981766500488103,0.8750674636792534,6.596874300379696e-06,0.0,62.21027183417918,62.20774998359046,False,0.8662652335782902,0.8662676548657118,-1.9764770505692475e-05,G12V,fixed_concentration,8.915462172013271e-06,6.324555320336759e-10,68.05696314513948,0.00316227766016838,0.00011,0.8741447571006196,0.00012583728164755018
54.33556472291671,6.750651828180796,54.30707082173702,6.745846145031805,7.266138030101318,0.8757599766818357,0.0005244060924919358,0.8758484212056664,0.875825128906995,2.32922986713735e-05,1.8481400975255138e-07,1.8468930129199259e-07,0.0,1.972552221237827e-08,1.6188910006811503e-08,1.970218903693694e-08,1.617677902040789e-08,1.2148672953287086e-09,0.00019158525850059184,0.0001577880700351909,0.0001575666228781177,1.99124031489777e-05,8.02552939207709e-06,6.716958262840427e-06,9.001985569208979e-07,0.08967679894990084,0.07483125195461116,0.00603766174750814,872.3206455283156,730.0878813490601,97.84635356960098,83.82124947772076,83.75830925430078,90.13675041653846,91.83636708286757,-0.014845546995289685,0.06879359020710302,0.8344549853571005,12.394078218359196,7.461640780469123,7.461574751783951,8.844452383072188e-05,True,6.74711174523381,0.0012656002020055013,0.8750421459110294,0.00047337953429049673,0.8751221351133341,2.0836711530192176e-05,0.0,62.21027183417918,62.2022989029121,False,0.8662652335782902,0.8662728901934696,-6.247471111009428e-05,G12V,fixed_concentration,8.915462172013271e-06,2e-09,68.05696314513948,0.01,0.00011,0.8741447571006196,0.00012583728164755018
54.33556472291671,6.750651828180796,54.24556992135749,6.735476539204023,7.265238562739049,0.8757599766818357,0.0016562780200802818,0.876039265008996,0.8759657527016719,7.35123073241084e-05,1.8481400975255138e-07,1.8442081074375706e-07,0.0,1.972552221237827e-08,1.6188910006811503e-08,1.9651935707279786e-08,1.615060474984044e-08,1.2147229594437602e-09,0.00019158525850059184,0.0001577880700351909,0.0001570893312809079,1.9889191103532554e-05,2.5289347783711773e-05,2.1180728102682262e-05,2.8439792951953412e-06,0.28292433234768405,0.23628292248605343,0.01909050818756028,2748.7806113231004,2302.2016585663505,309.1240341640765,83.82124947772076,83.62251457260375,90.13675041653846,91.68800321519092,-0.04664140986163062,0.21719241429849315,0.8351452861102336,12.376984424124428,7.447567617129029,7.447501339686809,0.0002792883271602875,True,6.739470871936565,0.003994332732541572,0.8750421459110294,0.0014931114791189026,0.8752943680483789,6.564613100323857e-05,0.0,62.21027183417918,62.1850817013063,False,0.8662652335782902,0.8662894441276536,-0.00019729140478141893,G12V,fixed_concentration,8.915462172013271e-06,6.32455532033676e-09,68.05696314513948,0.0316227766016838,0.00011,0.8741447571006196,0.00012583728164755018
54.33556472291671,6.750651828180796,54.05208007939683,6.702878089450048,7.262394890833461,0.8757599766818357,0.005217294509875847,0.8766392118379323,0.8764081734734004,0.00023103836453186588,1.8481400975255138e-07,1.8358214531218575e-07,0.0,1.972552221237827e-08,1.6188910006811503e-08,1.9494787136376134e-08,1.6068345434816842e-08,1.2142833301055824e-09,0.00019158525850059184,0.0001577880700351909,0.00015559377954502888,1.981581502430022e-05,7.908693662906431e-05,6.638252385525326e-05,8.965997073577317e-06,0.8881662925263868,0.7436695673951403,0.06034777137933835,8596.212968262857,7215.32996254972,974.5517786902599,83.82124947772076,83.19576957415468,90.13675041653846,91.221748325904,-0.14449672513124645,0.683321796015802,0.8373089292544239,12.323065962461627,7.403808333919909,7.403742028203672,0.0008792351560965583,True,6.715431689459547,0.012553600009498567,0.8750421459110294,0.004683444021936212,0.8758325411250185,0.00020516209926224604,0.0,62.21027183417918,62.130831492559096,False,0.8662652335782902,0.8663417794980521,-0.0006211877428695667,G12V,fixed_concentration,8.915462172013271e-06,2.0000000000000004e-08,68.05696314513948,0.10000000000000002,0.00011,0.8741447571006196,0.00012583728164755018
54.33556472291671,6.750651828180796,53.44998290553543,6.60169234750653,7.253402645229366,0.8757599766818357,0.016298382503196374,0.8785014496274816,0.8777848881040812,0.000716561523400383,1.8481400975255138e-07,1.8103095449643489e-07,0.0,1.972552221237827e-08,1.6188910006811503e-08,1.9014829380545636e-08,1.581316533051459e-08,1.2131705872427198e-09,0.00019158525850059184,0.0001577880700351909,0.0001509988793008644,1.9583900020059675e-05,0.00024158300538856724,0.0002041019076385328,2.80665521743933e-05,2.7454839588776143,2.3170791860190585,0.19066259876457,26258.425149619376,22184.485970015154,3050.6707293072463,83.82124947772076,81.87256378801943,90.13675041653846,89.77593526814921,-0.4284047728585558,2.1264165872544885,0.8439601981744258,12.15277249462117,7.27206912948668,7.2720027621771095,0.002741472945645862,True,6.640627122539205,0.03893477503267473,0.8750421459110294,0.014437334446130157,0.877471345664145,0.0006251414219624607,0.0,62.21027183417918,61.96122923431219,False,0.8662652335782902,0.8665072741542676,-0.0019376198011392676,G12V,fixed_concentration,8.915462172013271e-06,6.32455532033676e-08,68.05696314513948,0.316227766016838,0.00011,0.8741447571006196,0.00012583728164755018
54.33556472291671,6.750651828180796,51.639489547927326,6.299902943363713,7.224648241451438,0.8757599766818357,0.04961897771262658,0.8840556277368247,0.8819246396298759,0.0021309881069487835,1.8481400975255138e-07,1.738850054039864e-07,0.0,1.972552221237827e-08,1.6188910006811503e-08,1.764650800239093e-08,1.504948884208981e-08,1.2157618302781114e-09,0.00019158525850059184,0.0001577880700351909,0.00013771684751858875,1.884455271631709e-05,0.000688435902694163,0.0005918158756003147,8.565615875420333e-05,8.107875331086102,6.998151084261631,0.604208586725566,74828.22588281691,64326.29045468594,9310.320600986326,83.82124947772076,77.93874644943295,90.13675041653846,85.47672109330989,-1.109724246824472,6.393942497536065,0.8631300801370589,11.582342982226136,6.909204010637158,6.909138064254337,0.008295651054988973,True,6.415691385572593,0.1157884422088804,0.8750421459110294,0.04219834256350896,0.8820757122141306,0.0017605519702539318,0.0,62.21027183417918,61.44451989260914,False,0.8662652335782902,0.8670364745762116,-0.005864541396560785,G12V,fixed_concentration,8.915462172013271e-06,2.0000000000000002e-07,68.05696314513948,1.0000000000000002,0.00011,0.8741447571006196,0.00012583728164755018
54.33556472291671,6.750651828180796,46.77857488690474,5.51524594850439,7.127726832900165,0.8757599766818357,0.13907999069391674,0.8984965744512035,0.8930392779687379,0.005457296482465512,1.8481400975255138e-07,1.5816265698551702e-07,0.0,1.972552221237827e-08,1.6188910006811503e-08,1.4335062956116218e-08,1.2899615160686598e-08,1.259739061990633e-09,0.00019158525850059184,0.0001577880700351909,0.00010582300308396218,1.6397344222473295e-05,0.0016406816408154736,0.0014575083513121228,0.00023648707017481934,21.149792375317382,19.160262679825287,1.979361922810363,178330.3608588185,158420.6530373604,25704.68569153715,83.82124947772076,67.79970235613989,90.13675041653846,74.38960115813278,-1.9895296954920951,17.180900757014925,0.9059314786553672,9.680019838221863,6.163162959542282,6.1631040713140415,0.02273659776936776,True,5.811771234739543,0.29652528623515284,0.8750421459110294,0.10631066376347287,0.8922846796073955,0.003958181285708573,0.0,62.21027183417918,60.02813263807237,False,0.8662652335782902,0.8688202309252165,-0.016044832722458158,G12V,fixed_concentration,8.915462172013271e-06,6.324555320336759e-07,68.05696314513948,3.16227766016838,0.00011,0.8741447571006196,0.00012583728164755018
54.33556472291671,6.750651828180796,37.828074543650025,4.211482626312626,6.890394948848252,0.8757599766818357,0.3038063607776297,0.9224912329928103,0.9135048860290551,0.00898634696375522,1.8481400975255138e-07,1.3789462581505316e-07,0.0,1.972552221237827e-08,1.6188910006811503e-08,8.6960996938871e-09,8.250586830356937e-09,1.1001211030345448e-09,0.00019158525850059184,0.0001577880700351909,5.8439529363082626e-05,1.056552985701022e-05,0.002841135663033689,0.0026031753153563323,0.00048345828701476935,41.66857079607794,39.61836212918538,5.470508382975726,308810.0324124488,282945.2235857768,52548.62395837248,83.82124947772076,51.23542132080681,90.13675041653846,56.25613431550312,-2.0502086668925585,34.14785374620965,0.9507972405166933,7.242171907181076,5.384487938825645,5.38444591450992,0.046731256310974634,True,4.699760863384333,0.48827823707170737,0.8750421459110294,0.19812351317877885,0.9056262756708942,0.005827040708476727,0.0,62.21027183417918,57.43231805979751,False,0.8662652335782902,0.8731881230279707,-0.03370658324634557,G12V,fixed_concentration,8.915462172013271e-06,2.0000000000000003e-06,68.05696314513948,10.000000000000002,0.00011,0.8741447571006196,0.00012583728164755018
54.33556472291671,6.750651828180796,29.621675095724722,3.1713557374376444,6.647166648492922,0.8757599766818357,0.45483818477308646,0.9416338865049085,0.9322690833640354,0.009364803140873179,1.8481400975255138e-07,1.2452679597080287e-07,0.0,1.972552221237827e-08,1.6188910006811503e-08,3.732384898239461e-09,3.615417230255861e-09,5.842201378762125e-10,0.00019158525850059184,0.0001577880700351909,2.352567034420689e-05,4.682929916557008e-06,0.0036331575518479464,0.003376244711320335,0.0006795723750582423,57.93264063534398,56.149263317859756,9.210359281855151,394895.8326495508,366970.91234706755,73864.55960426034,83.82124947772076,38.268827310396716,90.13675041653846,42.04293597880266,-1.7833773174842236,46.9389040360046,0.9692163640751392,6.0963162890373335,4.96819004897157,4.968159484239333,0.06587390982307284,True,3.680197604615933,0.5088418671782886,0.8750421459110294,0.2664062180531468,0.9145527562399413,0.00622106100503228,0.0,62.21027183417918,55.08400557463406,False,0.8662652335782902,0.8776645336734782,-0.04942837830511515,G12V,fixed_concentration,8.915462172013271e-06,6.324555320336759e-06,68.05696314513948,31.622776601683796,0.00011,0.8741447571006196,0.00012583728164755018
54.33556472291671,6.750651828180796,25.513492128234592,2.6947069828789463,6.521960075879473,0.8757599766818357,0.5304458091428659,0.9504062027031364,0.941662576378768,0.008743626324368314,1.8481400975255138e-07,1.1890338609431352e-07,0.0,1.972552221237827e-08,1.6188910006811503e-08,1.3174523779033665e-09,1.2832942269271388e-09,2.238040887681184e-10,0.00019158525850059184,0.0001577880700351909,8.092609058483284e-06,1.67621266027575e-06,0.003968343886905752,0.0037050361348482694,0.0007703863362820264,65.44097304206434,63.754973397478956,11.177582433349178,431327.4978572494,402707.4573596131,83735.21468526307,83.82124947772076,32.39899782573939,90.13675041653846,35.60334679687309,-1.6859996445853866,52.577390964129776,0.9742363298372465,5.7038249351005526,4.80932223269847,4.809296290375277,0.07464622602130067,True,3.1697968569396586,0.47508987406071235,0.8750421459110294,0.29729094340646034,0.9183407792862066,0.006149795047020401,0.0,62.21027183417918,53.900573378339146,False,0.8662652335782902,0.8799688544853063,-0.05723542547808014,G12V,fixed_concentration,8.915462172013271e-06,2e-05,68.05696314513948,100.00000000000001,0.00011,0.8741447571006196,0.00012583728164755018
54.33556472291671,6.750651828180796,23.986862764375196,2.523795451707415,6.475031802825706,0.8757599766818357,0.5585421282230929,0.9535516845260104,0.9451532637164497,0.008398420809560658,1.8481400975255138e-07,1.1694657263755759e-07,0.0,1.972552221237827e-08,1.6188910006811503e-08,4.319179576907679e-10,4.2137103975638543e-10,7.542201245924288e-11,0.00019158525850059184,0.0001577880700351909,2.630056875554358e-06,5.52318502247715e-07,0.004085351135556229,0.0038198944094090287,0.0008031967707002498,68.1444301199508,66.48381831827679,11.920638336259836,444045.0894103525,415191.4592854668,87301.40471609676,83.82124947772076,30.305208838944747,90.13675041653846,33.30548542151818,-1.6606118016740083,54.563179982016955,0.9756309972986651,5.577202868075305,4.7558637543808056,4.755839389247687,0.07779170784417466,True,2.9801283891755914,0.4563329374681766,0.8750421459110294,0.30835552883927264,0.9196636908994839,0.006090099808229166,0.0,62.21027183417918,53.45681091307143,False,0.8662652335782902,0.8808325295624511,-0.06012920507043906,G12V,fixed_concentration,8.915462172013271e-06,6.324555320336759e-05,68.05696314513948,316.22776601683796,0.00011,0.8741447571006196,0.00012583728164755018
54.33556472291671,6.750651828180796,23.47801792599739,2.467516691801416,6.45934511443492,0.8757599766818357,0.5679069860463741,0.9545874473858057,0.9463167538707857,0.008270693515019967,1.8481400975255138e-07,1.1630846738766208e-07,0.0,1.972552221237827e-08,1.6188910006811503e-08,1.3816867113117856e-10,1.3485725537408906e-10,2.4342538983943767e-11,0.00019158525850059184,0.0001577880700351909,8.389790567801512e-07,1.76980319580485e-07,0.004123550789048483,0.003857396510584113,0.000814033947533878,69.035990055119,67.38244946432036,12.169648020671456,448197.0318599553,419267.57929580554,88479.30457822744,83.82124947772076,29.617014214653874,90.13675041653846,32.55011846467202,-1.6535405907986416,55.2128014436489,0.9760481367837495,5.536926733613332,4.7386187299315035,4.7385948758799,0.07882747070397,True,2.9169094945901897,0.4493928027887737,0.8750421459110294,0.3119996137071964,0.9200956251332794,0.006066677016810851,0.0,62.21027183417918,53.30827248470368,False,0.8662652335782902,0.8811212297622333,-0.06109291194422606,G12V,fixed_concentration,8.915462172013271e-06,0.00020000000000000004,68.05696314513948,1000.0000000000002,0.00011,0.8741447571006196,0.00012583728164755018
54.33556472291671,5.929501677020544,54.33271391545293,5.929075934491914,6.391282723721609,0.8908725489969979,5.2466694297148564e-05,0.890880384427269,0.890878274553609,2.10987366000559e-06,1.869847278828898e-07,1.8697208668037075e-07,0.0,1.972552221237827e-08,1.6215064524545535e-08,1.9723185984483498e-08,1.6213847628478862e-08,1.0615910585291145e-09,0.00019158525850059184,0.0001580330330862575,0.0001580108273149158,1.8514713657490033e-05,8.037373351504104e-07,6.73456074014362e-07,8.368077730648256e-08,0.008976379026413232,0.007498986676269809,0.0005279929718970285,87.36080133568028,73.20011612699885,9.095628263188294,84.80485380529235,84.79847744996447,90.13675041653846,91.88516390170702,-0.001477392350143423,0.006970993704372781,0.8354133280472942,14.202815331663723,8.047918478909622,8.047835070750791,7.835430271163624e-06,True,5.929190575668724,0.00011464117681025954,0.8902355427000721,4.7388911183166016e-05,0.8902426331475248,1.8888293347174567e-06,0.0,63.424543500095524,63.423772143749005,False,0.8823732673315057,0.882373860356217,-5.578461112709654e-06,G12V,fixed_concentration,3.0699386905947587e-05,2.0000000000000003e-10,234.3464649308976,0.0010000000000000002,0.00011,0.8741447571006196,0.00012583728164755018
54.33556472291671,5.929501677020544,54.32655067205537,5.928155580049788,6.391213057601455,0.8908725489969979,0.00016589596348737246,0.8908973227704484,0.890890652800625,6.669969823458466e-06,1.869847278828898e-07,1.8694476494569312e-07,0.0,1.972552221237827e-08,1.6215064524545535e-08,1.9718137143969977e-08,1.621121606415727e-08,1.0615800344936106e-09,0.00019158525850059184,0.0001580330330862575,0.000157962825456888,1.851269881890693e-05,2.540739929425148e-06,2.129050514364089e-06,2.645994697895791e-07,0.028379188626533734,0.023710317775682135,0.0016696431327690097,276.16121084356513,231.4133765370058,28.76045091780981,84.80485380529235,84.78469344050491,90.13675041653846,91.8702684198888,-0.0046688708508515996,0.022040674642913125,0.8354825815391235,14.200829692486382,8.046314363582066,8.046236034279417,2.477377345055931e-05,True,5.928517996626833,0.0003624165770448329,0.8902355427000721,0.00014981766500488103,0.890257958082508,5.970727742665716e-06,0.0,63.424543500095524,63.4221052074917,False,0.8823732673315057,0.8823751425020916,-1.763862956194462e-05,G12V,fixed_concentration,3.0699386905947587e-05,6.324555320336759e-10,234.3464649308976,0.00316227766016838,0.00011,0.8741447571006196,0.00012583728164755018
54.33556472291671,5.929501677020544,54.30707082173702,5.925246878423707,6.3909927484621,0.8908725489969979,0.0005244060924919358,0.8909508549577169,0.890929776097162,2.1078860554912815e-05,1.869847278828898e-07,1.8685847204327024e-07,0.0,1.972552221237827e-08,1.6215064524545535e-08,1.970218903693694e-08,1.620290022348132e-08,1.0615456485964546e-09,0.00019158525850059184,0.0001580330330862575,0.00015781117200117914,1.8506328012704182e-05,8.02552939207709e-06,6.726607906591567e-06,8.36512649322143e-07,0.08967679894990084,0.0749430289967174,0.00527970506446177,872.3206455283156,731.1367318198805,90.92413565482316,84.80485380529235,84.74113155041873,90.13675041653846,91.82319384117477,-0.014733769953183443,0.06966332393225563,0.835701428622417,14.19454838512979,8.041250675697952,8.041173298534366,7.830596071900509e-05,True,5.926392210215674,0.0011453317919674078,0.8902355427000721,0.00047337953429049673,0.8903063617320031,1.885878425267329e-05,0.0,63.424543500095524,63.4168352389078,False,0.8823732673315057,0.882379197105011,-5.575440174598878e-05,G12V,fixed_concentration,3.0699386905947587e-05,2e-09,234.3464649308976,0.01,0.00011,0.8741447571006196,0.00012583728164755018
54.33556472291671,5.929501677020544,54.24556992135749,5.916066085273831,6.390296117720824,0.8908725489969979,0.0016562780200802818,0.8911198196716513,0.8910532943954815,6.65252761697932e-05,1.869847278828898e-07,1.8658664929720126e-07,0.0,1.972552221237827e-08,1.6215064524545535e-08,1.9651935707279786e-08,1.6176654927890255e-08,1.0614382293308311e-09,0.00019158525850059184,0.0001580330330862575,0.00015733299423449198,1.8486183343938148e-05,2.5289347783711773e-05,2.1211143486365138e-05,2.643025511068012e-06,0.28292433234768405,0.23663551691327164,0.01669421286069346,2748.7806113231004,2305.5076057658725,287.2817550824904,84.80485380529235,84.60364929958372,90.13675041653846,91.67462467067092,-0.046288815434412406,0.21994130405257817,0.8363915360325801,14.174703466878045,8.025326807305008,8.025248958479338,0.00024727067465346586,True,5.919680773722866,0.0036146884490344533,0.8902355427000721,0.0014931114791189026,0.8904588474839645,5.941421269861635e-05,0.0,63.424543500095524,63.40018939310084,False,0.8823732673315057,0.8823920180031618,-0.00017607190023660735,G12V,fixed_concentration,3.0699386905947587e-05,6.32455532033676e-09,234.3464649308976,0.0316227766016838,0.00011,0.8741447571006196,0.00012583728164755018
54.33556472291671,5.929501677020544,54.05208007939683,5.887206229753834,6.388093487534748,0.8908725489969979,0.005217294509875847,0.8916509608435002,0.8914418990479925,0.0002090617955076146,1.869847278828898e-07,1.8573757290342321e-07,0.0,1.972552221237827e-08,1.6215064524545535e-08,1.9494787136376134e-08,1.6094171548234396e-08,1.061115642960402e-09,0.00019158525850059184,0.0001580330330862575,0.0001558346746742051,1.8422495321663528e-05,7.908693662906431e-05,6.64777225691303e-05,8.334907292043207e-06,0.8881662925263868,0.744775827418992,0.05277577749996886,8596.212968262857,7225.677404403471,905.9566996309838,84.80485380529235,84.17160208473932,90.13675041653846,91.20772815449578,-0.14339046510739484,0.6920000499190231,0.8385544843190108,14.11207684092255,7.975820274880831,7.975742557394463,0.0007784118465022916,True,5.8985657204747275,0.011359490720893817,0.8902355427000721,0.004683444021936212,0.8909352975129653,0.0001856791215307796,0.0,63.424543500095524,63.347743925195,False,0.8823732673315057,0.8824325555442237,-0.000554405093847965,G12V,fixed_concentration,3.0699386905947587e-05,2.0000000000000004e-08,234.3464649308976,0.10000000000000002,0.00011,0.8741447571006196,0.00012583728164755018
54.33556472291671,5.929501677020544,53.44998290553543,5.797637967868701,6.381125069139593,0.8908725489969979,0.016298382503196374,0.8932993887625231,0.8926511499350436,0.0006482388274795525,1.869847278828898e-07,1.831546855974502e-07,0.0,1.972552221237827e-08,1.6215064524545535e-08,1.9014829380545636e-08,1.5838300286867546e-08,1.0603816484276013e-09,0.00019158525850059184,0.0001580330330862575,0.00015123137694457702,1.8221060529435797e-05,0.00024158300538856724,0.00020439349893057983,2.611446238121903e-05,2.7454839588776143,2.3204918926412543,0.16677684287048392,26258.425149619376,22216.17991006265,2838.4922522592533,84.80485380529235,82.83196120868058,90.13675041653846,89.75995424833263,-0.42499206623636,2.15371504977077,0.8452032236931729,13.913753568553334,7.8268315827009065,7.826753760691096,0.0024268397655252683,True,5.832860390635121,0.03522242276642018,0.8902355427000721,0.014437334446130157,0.8923859668244174,0.0005657179440082816,0.0,63.424543500095524,63.18381890100865,False,0.8823732673315057,0.8825608033765724,-0.0017295894365656483,G12V,fixed_concentration,3.0699386905947587e-05,6.32455532033676e-08,234.3464649308976,0.316227766016838,0.00011,0.8741447571006196,0.00012583728164755018
54.33556472291671,5.929501677020544,51.639489547927326,5.530614073779902,6.3587585113330825,0.8908725489969979,0.04961897771262658,0.8982137371354623,0.8962873415561515,0.0019263955793107357,1.869847278828898e-07,1.7591969308711848e-07,0.0,1.972552221237827e-08,1.6215064524545535e-08,1.764650800239093e-08,1.5072603778670637e-08,1.0644693995185248e-09,0.00019158525850059184,0.0001580330330862575,0.00013792594661179384,1.7576034223760167e-05,0.000688435902694163,0.0005926540778669323,7.990954103446606e-05,8.107875331086102,7.008146462650811,0.5294175208464577,74828.22588281691,64417.397066751946,8685.704502509441,84.80485380529235,78.84933114039617,90.13675041653846,85.45516746933849,-1.0997288684352915,6.478728941804353,0.8643628788643478,13.237466057877828,7.41656215509125,7.416484989575769,0.007341188138464405,True,5.635285865461483,0.10467179168158047,0.8902355427000721,0.04219834256350896,0.8964602843211771,0.0015928634506650052,0.0,63.424543500095524,62.68474276023007,False,0.8823732673315057,0.8829724409093848,-0.0052373446488079844,G12V,fixed_concentration,3.0699386905947587e-05,2.0000000000000002e-07,234.3464649308976,1.0000000000000002,0.00011,0.8741447571006196,0.00012583728164755018
54.33556472291671,5.929501677020544,46.77857488690474,4.837128933189397,6.281567241186867,0.8908725489969979,0.13907999069391674,0.9109767431726117,0.9060499938669463,0.00492674930566539,1.869847278828898e-07,1.599995082741599e-07,0.0,1.972552221237827e-08,1.6215064524545535e-08,1.4335062956116218e-08,1.2917909156900166e-08,1.1192670258187017e-09,0.00019158525850059184,0.0001580330330862575,0.00010598012265339952,1.5387617588518273e-05,0.0016406816408154736,0.0014595558058441026,0.0002220087828751281,21.149792375317382,19.185786871857353,1.7598754528939213,178330.3608588185,158643.1976950903,24131.0065338392,84.80485380529235,68.58428758440245,90.13675041653846,74.35492933246024,-1.9640055034600294,17.42591141896343,0.9071383080927027,10.901786737412833,6.57431560563552,6.574247015872422,0.02010419417561382,True,5.104826638960962,0.2676977057715648,0.8902355427000721,0.10631066376347287,0.9054860577427234,0.0035813827294586265,0.0,63.424543500095524,61.31940391805361,False,0.8823732673315057,0.8843930807893575,-0.01433971142703827,G12V,fixed_concentration,3.0699386905947587e-05,6.324555320336759e-07,234.3464649308976,3.16227766016838,0.00011,0.8741447571006196,0.00012583728164755018
54.33556472291671,5.929501677020544,37.828074543650025,3.6871463677127054,6.086202118016314,0.8908725489969979,0.3038063607776297,0.9321411972707886,0.9240261627471591,0.008115034523629494,1.869847278828898e-07,1.3947113262568404e-07,0.0,1.972552221237827e-08,1.6215064524545535e-08,8.6960996938871e-09,8.261435265398979e-09,1.0037241615630337e-09,0.00019158525850059184,0.0001580330330862575,5.85247554740887e-05,9.988593894105503e-06,0.002841135663033689,0.002606851912814386,0.0004571920120101987,41.66857079607794,39.66838893477711,4.993559345238076,308810.0324124488,283344.842710957,49693.697761166666,84.80485380529235,51.8104302445496,90.13675041653846,56.200682897003034,-2.000181861300824,34.67482958953904,0.9519978289850755,7.94391058406173,5.701875457868311,5.701826498658708,0.04126864827379073,True,4.128081351300078,0.4409349835873724,0.8902355427000721,0.19812351317877885,0.9172634828357212,0.005281020233225298,0.0,63.424543500095524,58.828193206125164,False,0.8823732673315057,0.8879886102398531,-0.03012040667383109,G12V,fixed_concentration,3.0699386905947587e-05,2.0000000000000003e-06,234.3464649308976,10.000000000000002,0.00011,0.8741447571006196,0.00012583728164755018
54.33556472291671,5.929501677020544,29.621675095724722,2.771683489234542,5.88272916912147,0.8908725489969979,0.45483818477308646,0.9489895153686412,0.9405078807201172,0.008481634648524028,1.869847278828898e-07,1.2592790625022845e-07,0.0,1.972552221237827e-08,1.6215064524545535e-08,3.732384898239461e-09,3.6200092272928354e-09,5.404139067270181e-10,0.00019158525850059184,0.0001580330330862575,2.355955998990528e-05,4.445731886309731e-06,0.0036331575518479464,0.00338104386990924,0.0006452373728846222,57.93264063534398,56.21931217771012,8.521611890406366,394895.8326495508,367492.54475943244,70132.64388150256,84.80485380529235,38.67527312937158,90.13675041653846,41.97059094670813,-1.7133284576338568,47.69770028730376,0.9704255072987545,6.597262689351277,5.240000055783843,5.239964222372035,0.05811696637164332,True,3.2325378976355554,0.4608544084010133,0.8902355427000721,0.2664062180531468,0.9251307260956366,0.005653249449634634,0.0,63.424543500095524,56.588187763587456,False,0.8823732673315057,0.8917333573485369,-0.044141039550695815,G12V,fixed_concentration,3.0699386905947587e-05,6.324555320336759e-06,234.3464649308976,31.622776601683796,0.00011,0.8741447571006196,0.00012583728164755018
54.33556472291671,5.929501677020544,25.513492128234592,2.3527525228652313,5.7773796790248495,0.8908725489969979,0.5304458091428659,0.9566995846116065,0.9487587480439839,0.007940836567622678,1.869847278828898e-07,1.2022981591152916e-07,0.0,1.972552221237827e-08,1.6215064524545535e-08,1.3174523779033665e-09,1.2849023435291771e-09,2.0802273511697573e-10,0.00019158525850059184,0.0001580330330862575,8.10419407336202e-06,1.5938788100292268e-06,0.003968343886905752,0.0037103154714971547,0.000732581141352706,65.44097304206434,63.83435663928157,10.390230668992604,431327.4978572494,403281.2809994903,79626.12552954831,84.80485380529235,32.72777567745351,90.13675041653846,35.5231594353578,-1.6066164027827696,53.444125970288965,0.9754493808985685,6.143690036620785,5.064716059501727,5.064685469969745,0.06582703561460868,True,2.7842223621393973,0.43146983927416604,0.8902355427000721,0.29729094340646034,0.928465902889814,0.005598381126548202,0.0,63.424543500095524,55.46484028220746,False,0.8823732673315057,0.8936722253925858,-0.0510956493260909,G12V,fixed_concentration,3.0699386905947587e-05,2e-05,234.3464649308976,100.00000000000001,0.00011,0.8741447571006196,0.00012583728164755018
54.33556472291671,5.929501677020544,23.986862764375196,2.202627709223264,5.737818409748931,0.8908725489969979,0.5585421282230929,0.9594625045224886,0.9518248277277759,0.007637676794712722,1.869847278828898e-07,1.1824689021428049e-07,0.0,1.972552221237827e-08,1.6215064524545535e-08,4.319179576907679e-10,4.218965959057832e-10,7.021336244506223e-11,0.00019158525850059184,0.0001580330330862575,2.633813040582765e-06,5.254753664417473e-07,0.004085351135556229,0.0038253415782538514,0.000764172930498361,68.1444301199508,66.56656678702925,11.097694136627446,444045.0894103525,415783.52485374874,83059.86185695228,84.80485380529235,30.606074763826463,90.13675041653846,33.22247415523342,-1.5778633329215523,55.4688726504018,0.9768453073839766,5.998234044613759,5.005858524403798,5.005829717966799,0.06858995552549074,True,2.617625191035096,0.41499748181183227,0.8902355427000721,0.30835552883927264,0.9296301748868271,0.00554815490828009,0.0,63.424543500095524,55.04463393724683,False,0.8823732673315057,0.8944003170113564,-0.053672435920739,G12V,fixed_concentration,3.0699386905947587e-05,6.324555320336759e-05,234.3464649308976,316.22776601683796,0.00011,0.8741447571006196,0.00012583728164755018
54.33556472291671,5.929501677020544,23.47801792599739,2.153204266616321,5.724586164787626,0.8908725489969979,0.5679069860463741,0.9603721010797155,0.9528467907910363,0.007525310288679199,1.869847278828898e-07,1.1760025584161671e-07,0.0,1.972552221237827e-08,1.6215064524545535e-08,1.3816867113117856e-10,1.350251987181717e-10,2.2672730011586742e-11,0.00019158525850059184,0.0001580330330862575,8.401763092480175e-07,1.6840855664104392e-07,0.004123550789048483,0.0038628984780771495,0.0007746114561962061,69.035990055119,67.46630794397882,11.334956526683062,448197.0318599553,419865.60100182093,84194.43263728386,84.80485380529235,29.908681881464027,90.13675041653846,32.46617600789524,-1.5696821111401817,56.13135141729576,0.9772628434837114,5.952057053342879,4.98688529220344,4.9868570622791,0.06949955208271763,True,2.5620962508668796,0.4088919842505585,0.8902355427000721,0.3119996137071964,0.9300102572164333,0.005528246240003698,0.0,63.424543500095524,54.90410935803316,False,0.8823732673315057,0.8946438452608332,-0.054530465298919695,G12V,fixed_concentration,3.0699386905947587e-05,0.00020000000000000004,234.3464649308976,1000.0000000000002,0.00011,0.8741447571006196,0.00012583728164755018
54.33556472291671,5.91903601293114,54.33271391545293,5.918610973021594,6.3801273902401645,0.891065160671189,5.2466694297148564e-05,0.8910729831703517,0.8910708761221023,2.1070482493223963e-06,1.8701249888292463e-07,1.8699985585135006e-07,0.0,1.972552221237827e-08,1.6215397214771604e-08,1.9723185984483498e-08,1.621418005360129e-08,1.0596499773446773e-09,0.00019158525850059184,0.0001580361490265037,0.00015801394155229144,1.8496756863433384e-05,8.037373351504104e-07,6.734683589096739e-07,8.359941302561566e-08,0.008976379026413232,0.007499128894781485,0.0005270326436209348,87.36080133568028,73.20145134484326,9.08676882137247,84.81736299569631,84.81098575829957,90.13675041653846,91.88499753573673,-0.0014772501316317474,0.00697209625116055,0.8354291716866121,14.228964724574423,8.055898176023279,8.055828511084194,7.822499162646324e-06,True,5.91872546067812,0.00011448765652577464,0.8904301456394245,4.7388911183166016e-05,0.8904372244389119,1.8864033908272404e-06,0.0,63.44088145403328,63.440110664095464,False,0.8825785738703218,0.8825791648108285,-5.5697735619197886e-06,G12V,fixed_concentration,0.00010570987103277042,2.0000000000000003e-10,806.9455804028277,0.0010000000000000002,0.00011,0.8741447571006196,0.00012583728164755018
54.33556472291671,5.91903601293114,54.32655067205537,5.91769211656663,6.380057960695844,0.891065160671189,0.00016589596348737246,0.8910898939443475,0.8910832325213168,6.661423030629443e-06,1.8701249888292463e-07,1.8697252982035228e-07,0.0,1.972552221237827e-08,1.6215397214771604e-08,1.9718137143969977e-08,1.6211548615429756e-08,1.0596391023140754e-09,0.00019158525850059184,0.0001580361490265037,0.00015796593933482895,1.8494746213542874e-05,2.540739929425148e-06,2.1290893592304295e-06,2.643422309607281e-07,0.028379188626533734,0.023710767691742185,0.0016666065411856446,276.16121084356513,231.41759893121773,28.73248781497134,84.81736299569631,84.79719951753101,90.13675041653846,91.87010168316321,-0.004668420934791549,0.02204416115055654,0.8354984352714472,14.226973857233304,8.054291406607433,8.054213767407756,2.4733273158439317e-05,True,5.918054068748859,0.00036195218222889736,0.8904301456394245,0.00014981766500488103,0.8904525243549769,5.963215817250678e-06,0.0,63.44088145403328,63.43844442615542,False,0.8825785738703218,0.8825804426027255,-1.761100821817685e-05,G12V,fixed_concentration,0.00010570987103277042,6.324555320336759e-10,806.9455804028277,0.00316227766016838,0.00011,0.8741447571006196,0.00012583728164755018
54.33556472291671,5.91903601293114,54.30707082173702,5.914788169137743,6.3798384086983795,0.891065160671189,0.0005244060924919358,0.8911433386346475,0.8911222867646177,2.1051870029764608e-05,1.8701249888292463e-07,1.8688622356086224e-07,0.0,1.972552221237827e-08,1.6215397214771604e-08,1.970218903693694e-08,1.620323251455988e-08,1.059604888695428e-09,0.00019158525850059184,0.0001580361490265037,0.00015781428264451542,1.8488387597444185e-05,8.02552939207709e-06,6.726730631089113e-06,8.356997380637857e-07,0.08967679894990084,0.07494445075261383,0.0052701033689422925,872.3206455283156,731.1500723646783,90.83577754218672,84.81736299569631,84.7536308814078,90.13675041653846,91.8230262626948,-0.014732348197287012,0.06967434738367154,0.8357172828446136,14.220679464140217,8.04921950397415,8.049142002721466,7.817796345843675e-05,True,5.915932034384281,0.0011438652465383115,0.8904301456394245,0.00047337953429049673,0.8905008488758483,1.8835109794390625e-05,0.0,63.44088145403328,63.43317716766465,False,0.8825785738703218,0.8825844832710903,-5.566711048299311e-05,G12V,fixed_concentration,0.00010570987103277042,2e-09,806.9455804028277,0.01,0.00011,0.8741447571006196,0.00012583728164755018
54.33556472291671,5.91903601293114,54.24556992135749,5.90562238905251,6.379144176755534,0.891065160671189,0.0016562780200802818,0.891312027045856,0.8912455870511903,6.643999466571238e-05,1.8701249888292463e-07,1.8661435887961508e-07,0.0,1.972552221237827e-08,1.6215397214771604e-08,1.9651935707279786e-08,1.6176986229462965e-08,1.0594978481540156e-09,0.00019158525850059184,0.0001580361490265037,0.0001573360933722562,1.846828093137301e-05,2.5289347783711773e-05,2.1211530284712775e-05,2.6404602825086836e-06,0.28292433234768405,0.2366400005997856,0.016663855365784616,2748.7806113231004,2305.549646881038,287.00292095879814,84.81736299569631,84.61612741968334,90.13675041653846,91.67445452505393,-0.04628433174789845,0.219976145234001,0.8364073836851194,14.200795398504914,8.033269966310511,8.033192272673839,0.00024686637466697636,True,5.909232443682861,0.003610054630351023,0.8904301456394245,0.0014931114791189026,0.8906530852884559,5.93396417202241e-05,0.0,63.44088145403328,63.41654009005743,False,0.8825785738703218,0.8825972600213898,-0.00017579637611697674,G12V,fixed_concentration,0.00010570987103277042,6.32455532033676e-09,806.9455804028277,0.0316227766016838,0.00011,0.8741447571006196,0.00012583728164755018
54.33556472291671,5.91903601293114,54.05208007939683,5.876809743282692,6.376949123679765,0.891065160671189,0.005217294509875847,0.8918422993622799,0.8916335058103534,0.0002087935519264894,1.8701249888292463e-07,1.8576515144844101e-07,0.0,1.972552221237827e-08,1.6215397214771604e-08,1.9494787136376134e-08,1.6094499948141644e-08,1.0591766356015318e-09,0.00019158525850059184,0.0001580361490265037,0.0001558377378654836,1.8404714979147287e-05,7.908693662906431e-05,6.647893293154146e-05,8.32685041388957e-06,0.8881662925263868,0.744789892625373,0.0526798471370946,8596.212968262857,7225.80896575253,905.0809882541218,84.81736299569631,84.18401345740163,90.13675041653846,91.20754987824307,-0.1433763999010138,0.6921100454882784,0.8385703205497925,14.138042023681727,7.983682860526898,7.98360484810418,0.0007771386910908618,True,5.888154658837121,0.011344915554428958,0.8904301456394245,0.004683444021936212,0.891128755813978,0.0001854458951641158,0.0,63.44088145403328,63.36412207095195,False,0.8825785738703218,0.8826376581121608,-0.0005535379200491963,G12V,fixed_concentration,0.00010570987103277042,2.0000000000000004e-08,806.9455804028277,0.10000000000000002,0.00011,0.8741447571006196,0.00012583728164755018
54.33556472291671,5.91903601293114,53.44998290553543,5.787388214748468,6.370004632800294,0.891065160671189,0.016298382503196374,0.893488026778388,0.8928406223504942,0.000647404427893794,1.8701249888292463e-07,1.8318186480086345e-07,0.0,1.972552221237827e-08,1.6215397214771604e-08,1.9014829380545636e-08,1.5838619757931713e-08,1.058447073463471e-09,0.00019158525850059184,0.0001580361490265037,0.00015123433413864084,1.8203663730504302e-05,0.00024158300538856724,0.00020439720723173767,2.6089531969261455e-05,2.7454839588776143,2.3205352855565433,0.1664741740959668,26258.425149619376,22216.58299446383,2835.7824725124183,84.81736299569631,82.84416562802325,90.13675041653846,89.75975110908298,-0.424948673321071,2.1540611114605763,0.84521902889034,13.939310996183902,7.834452817036249,7.834374889404195,0.0024228661071989954,True,5.8225652999421955,0.03517708519372764,0.8904301456394245,0.014437334446130157,0.8925770490726551,0.0005650068006132214,0.0,63.44088145403328,63.20028333308134,False,0.8825785738703218,0.8827654655788704,-0.0017268876085837492,G12V,fixed_concentration,0.00010570987103277042,6.32455532033676e-08,806.9455804028277,0.316227766016838,0.00011,0.8741447571006196,0.00012583728164755018
54.33556472291671,5.91903601293114,51.639489547927326,5.520803707698208,6.347713694079222,0.891065160671189,0.04961897771262658,0.8983942886054198,0.8964703960359739,0.0019238925694459175,1.8701249888292463e-07,1.7594574987761165e-07,0.0,1.972552221237827e-08,1.6215397214771604e-08,1.764650800239093e-08,1.5072897233931997e-08,1.0625526284199032e-09,0.00019158525850059184,0.0001580361490265037,0.0001379286063576004,1.7559825381490598e-05,0.000688435902694163,0.000592664738548373,7.983607262119902e-05,8.107875331086102,7.0082733447973995,0.5284692474035008,74828.22588281691,64418.555885523114,8677.71902226114,84.81736299569631,78.8609206879599,90.13675041653846,85.45489384948952,-1.099601986288703,6.479804097393899,0.8643785281117039,13.261459165752346,7.423520710498998,7.423443386478497,0.007329127934230795,True,5.625339496925275,0.10453578922706619,0.8904301456394245,0.04219834256350896,0.8966446675829179,0.0015908556945520846,0.0,63.44088145403328,62.701474743041,False,0.8825785738703218,0.8831757114065294,-0.005229193589905701,G12V,fixed_concentration,0.00010570987103277042,2.0000000000000002e-07,806.9455804028277,1.0000000000000002,0.00011,0.8741447571006196,0.00012583728164755018
54.33556472291671,5.91903601293114,46.77857488690474,4.828472789969562,6.270757838386346,0.891065160671189,0.13907999069391674,0.9111360521494112,0.9062158171112835,0.004920235038127663,1.8701249888292463e-07,1.6002306553501851e-07,0.0,1.972552221237827e-08,1.6215397214771604e-08,1.4335062956116218e-08,1.2918141566192719e-08,1.117483049140802e-09,0.00019158525850059184,0.0001580361490265037,0.00010598212559627356,1.5374684417267498e-05,0.0016406816408154736,0.0014595819050366619,0.00022182323788788252,21.149792375317382,19.186111106470378,1.7570860306989988,178330.3608588185,158646.03413255615,24110.83921561083,84.81736299569631,68.59428629604241,90.13675041653846,74.35448888494186,-1.9636812688470044,17.429025075771378,0.9071536384849481,10.919278152156167,6.5799323773931535,6.579863633690485,0.020070891478222164,True,5.095816539335712,0.2673437493661499,0.8904301456394245,0.10631066376347287,0.9056554636620296,0.0035768740770653062,0.0,63.44088145403328,61.336906454208496,False,0.8825785738703218,0.8845920186830859,-0.014317526040617867,G12V,fixed_concentration,0.00010570987103277042,6.324555320336759e-07,806.9455804028277,3.16227766016838,0.00011,0.8741447571006196,0.00012583728164755018
54.33556472291671,5.91903601293114,37.828074543650025,3.6804436712783564,6.075900254842441,0.891065160671189,0.3038063607776297,0.9322645547157425,0.924160257769571,0.00810429694617154,1.8701249888292463e-07,1.394913882221102e-07,0.0,1.972552221237827e-08,1.6215397214771604e-08,8.6960996938871e-09,8.261573399638333e-09,1.002494497991476e-09,0.00019158525850059184,0.0001580361490265037,5.852584558520628e-05,9.981179379360649e-06,0.002841135663033689,0.0026068989381822327,0.00045685432949728056,41.66857079607794,39.66902590344348,4.987472308174085,308810.0324124488,283349.9541682992,49656.99446349254,84.81736299569631,51.81777218705448,90.13675041653846,56.19997685604296,-1.9995448926344537,34.6815535952694,0.9520131155344866,7.953733565282957,5.7061929150389075,5.7061438621021665,0.04119939404455353,True,4.120795222530794,0.44035155125243763,0.8904301456394245,0.19812351317877885,0.9174130334817626,0.00527452335793388,0.0,63.44088145403328,58.84725993742208,False,0.8825785738703218,0.8881782072970734,-0.0300737427230251,G12V,fixed_concentration,0.00010570987103277042,2.0000000000000003e-06,806.9455804028277,10.000000000000002,0.00011,0.8741447571006196,0.00012583728164755018
54.33556472291671,5.91903601293114,29.621675095724722,2.766570011744083,5.8729122618414715,0.891065160671189,0.45483818477308646,0.9490836245863614,0.9406128852500533,0.008470739336308153,1.8701249888292463e-07,1.2594592690255072e-07,0.0,1.972552221237827e-08,1.6215397214771604e-08,3.732384898239461e-09,3.6200681301520884e-09,5.39853316140482e-10,0.00019158525850059184,0.0001580361490265037,2.3559995248739432e-05,4.442676745307812e-06,0.0036331575518479464,0.0033811055061732094,0.0006447950634919468,57.93264063534398,56.220210727033376,8.512796004200771,394895.8326495508,367499.24420620996,70084.56868997728,84.81736299569631,38.68046406869517,90.13675041653846,41.969662943659145,-1.7124299083106038,47.7074147228326,0.970441017541571,6.604200394240698,5.2436901235913975,5.243654217690372,0.0580184639151724,True,3.226832417203012,0.46026240545892927,0.8904301456394245,0.2664062180531468,0.9252667940217891,0.0056465578695295005,0.0,63.44088145403328,56.60885500715804,False,0.8825785738703218,0.8919140292037032,-0.04407229298090842,G12V,fixed_concentration,0.00010570987103277042,6.324555320336759e-06,806.9455804028277,31.622776601683796,0.00011,0.8741447571006196,0.00012583728164755018
54.33556472291671,5.91903601293114,25.513492128234592,2.348376600833424,5.767805908865374,0.891065160671189,0.5304458091428659,0.9567801197464509,0.9488491896628082,0.007930930083642762,1.8701249888292463e-07,1.2024688305030217e-07,0.0,1.972552221237827e-08,1.6215397214771604e-08,1.3174523779033665e-09,1.2849230171689232e-09,2.078205020724535e-10,0.00019158525850059184,0.0001580361490265037,8.10434308263356e-06,1.5928173383580768e-06,0.003968343886905752,0.003710383374995259,0.0007320937182824462,65.44097304206434,63.835377176522584,10.380140199691713,431327.4978572494,403288.66164333315,79573.14695223869,84.81736299569631,32.73197315003103,90.13675041653846,35.52212856048263,-1.6055958655417584,53.455236976830875,0.9754649756734255,6.149760595566761,5.068180865832495,5.068150212601176,0.06571495907526193,True,2.7793081657061234,0.43093156487269946,0.8904301456394245,0.29729094340646034,0.928596196830949,0.005591925819760646,0.0,63.44088145403328,55.486388186823945,False,0.8825785738703218,0.8938484225151941,-0.05101585474919412,G12V,fixed_concentration,0.00010570987103277042,2e-05,806.9455804028277,100.00000000000001,0.00011,0.8741447571006196,0.00012583728164755018
54.33556472291671,5.91903601293114,23.986862764375196,2.198517587894232,5.72833496655323,0.891065160671189,0.5585421282230929,0.9595381478207591,0.9519098576675438,0.007628290153215311,1.8701249888292463e-07,1.1826362336873649e-07,0.0,1.972552221237827e-08,1.6215397214771604e-08,4.319179576907679e-10,4.2190336576715936e-10,7.014658304733859e-11,0.00019158525850059184,0.0001580361490265037,2.6338613861029185e-06,5.251291830677305e-07,0.004085351135556229,0.0038254116884188878,0.0007636696488841724,68.1444301199508,66.56763269359621,11.087143001569904,444045.0894103525,415791.14529689564,83005.15962787786,84.81736299569631,30.60991356409984,90.13675041653846,33.221404863475904,-1.576797426354588,55.4804896920263,0.9768609492576423,6.004038433000318,5.009249344933829,5.009220476906948,0.06847298714957006,True,2.613005041239452,0.4144874533452203,0.8904301456394245,0.30835552883927264,0.929758444755284,0.005541828729662246,0.0,63.44088145403328,55.06652543835289,False,0.8825785738703218,0.8945748517427807,-0.053588535377002255,G12V,fixed_concentration,0.00010570987103277042,6.324555320336759e-05,806.9455804028277,316.22776601683796,0.00011,0.8741447571006196,0.00012583728164755018
54.33556472291671,5.91903601293114,23.47801792599739,2.149181853108318,5.715132829116728,0.891065160671189,0.5679069860463741,0.9604461301899035,0.9529300169498601,0.0075161132400434205,1.8701249888292463e-07,1.1761687998772966e-07,0.0,1.972552221237827e-08,1.6215397214771604e-08,1.3816867113117856e-10,1.350273629266536e-10,2.265131823613822e-11,0.00019158525850059184,0.0001580361490265037,8.401917212077508e-07,1.6829799872094016e-07,0.004123550789048483,0.0038629693035842467,0.000774102984983811,69.035990055119,67.46738858901895,11.324253279125056,448197.0318599553,419873.29920414067,84139.16635269302,84.81736299569631,29.91240265090044,90.13675041653846,32.46509428067783,-1.5686014661000485,56.14313530989389,0.9772784968413191,5.957778135657495,4.9902524321941915,4.990224141800068,0.06938096951871453,True,2.5575741105274674,0.4083922574191492,0.8904301456394245,0.3119996137071964,0.9301378652515571,0.005521967377679182,0.0,63.44088145403328,54.9261178376504,False,0.8825785738703218,0.8948178258887903,-0.05444519619210397,G12V,fixed_concentration,0.00010570987103277042,0.00020000000000000004,806.9455804028277,1000.0000000000002,0.00011,0.8741447571006196,0.00012583728164755018
54.33556472291671,5.916924906237742,54.33271391545293,5.916500017231507,6.377877128328567,0.891104013799967,5.2466694297148564e-05,0.8911118335218821,0.8911097272123851,2.1063094969298035e-06,1.870181108431167e-07,1.8700546750133188e-07,0.0,1.972552221237827e-08,1.6215464583609352e-08,1.9723185984483498e-08,1.6214247060782626e-08,1.0592585071228796e-09,0.00019158525850059184,0.0001580367789290209,0.00015801457052797368,1.849312673804437e-05,8.037373351504104e-07,6.734708401090967e-07,8.358296524345846e-08,0.008976379026413232,0.007499157561794238,0.0005268389693821447,87.36080133568028,73.20172099390255,9.084990711689024,84.81988610545842,84.8135088330785,90.13675041653846,91.88496400122163,-0.0014772214646189942,0.006972318592412093,0.8354323652920369,14.234249927618196,8.05751313257943,8.057434874393323,7.819721915103273e-06,True,5.916614464747504,0.00011444751599665182,0.8904694648432563,4.7388911183166016e-05,0.8904765412568802,1.8858808216171141e-06,0.0,63.44417980846332,63.44340942460924,False,0.8826199884688825,0.8826205789734137,-5.5680366503052525e-06,G12V,fixed_concentration,0.00036399999999999996,2.0000000000000003e-10,2778.625954198473,0.0010000000000000002,0.00011,0.8741447571006196,0.00012583728164755018
54.33556472291671,5.916924906237742,54.32655067205537,5.915581455780651,6.3778077457102045,0.891104013799967,0.00016589596348737246,0.8911287388665774,0.8911220792045175,6.659662059926852e-06,1.870181108431167e-07,1.8697814048133328e-07,0.0,1.972552221237827e-08,1.6215464583609352e-08,1.9718137143969977e-08,1.6211615891393316e-08,1.0592476257834038e-09,0.00019158525850059184,0.0001580367789290209,0.00015796656943936277,1.8491116842386033e-05,2.540739929425148e-06,2.1290972198555226e-06,2.6429023078120513e-07,0.028379188626533734,0.02371085871114994,0.0016659940687148067,276.16121084356513,231.4184531229353,28.726834905342603,84.81988610545842,84.7997220290179,90.13675041653846,91.87006795190034,-0.004668329915383795,0.022044864642435134,0.8355016425304337,14.232258779553245,8.055905863649246,8.055828422639634,2.4725066610442603e-05,True,5.9159433122795395,0.00036185649888853533,0.8904694648432563,0.00014981766500488103,0.8904918361978584,5.9617455782090545e-06,0.0,63.44417980846332,63.44174311289526,False,0.8826199884688825,0.8826218559016783,-1.7605437311218886e-05,G12V,fixed_concentration,0.00036399999999999996,6.324555320336759e-10,2778.625954198473,0.00316227766016838,0.00011,0.8741447571006196,0.00012583728164755018
54.33556472291671,5.916924906237742,54.30707082173702,5.9126784741981115,6.37758834825797,0.891104013799967,0.0005244060924919358,0.8911821657812942,0.8911611195185781,2.1046262716040154e-05,1.870181108431167e-07,1.8689183171507726e-07,0.0,1.972552221237827e-08,1.6215464583609352e-08,1.970218903693694e-08,1.6203299511235042e-08,1.059213373806451e-09,0.00019158525850059184,0.0001580367789290209,0.00015781491028133123,1.848476065611069e-05,8.02552939207709e-06,6.726755394382545e-06,8.355354084352533e-07,0.08967679894990084,0.07494473740698812,0.0052681663688451735,872.3206455283156,731.1527630639592,90.81791612429674,84.81988610545842,84.75615213766118,90.13675041653846,91.82299247546145,-0.01473206154291272,0.06967657103814295,0.8357204793723404,14.225962537970615,8.050832228618603,8.050754677780501,7.815198132721246e-05,True,5.913822034768094,0.001143560569982327,0.8904694648432563,0.00047337953429049673,0.8905401446682529,1.8830311273587697e-05,0.0,63.44417980846332,63.43647660255266,False,0.8826199884688825,0.8826258937257693,-5.564953629688674e-05,G12V,fixed_concentration,0.00036399999999999996,2e-09,2778.625954198473,0.01,0.00011,0.8741447571006196,0.00012583728164755018
54.33556472291671,5.916924906237742,54.24556992135749,5.903515724809955,6.376894586060303,0.891104013799967,0.0016562780200802818,0.8913507984150927,0.891284375828385,6.642258670763734e-05,1.870181108431167e-07,1.8661995847010855e-07,0.0,1.972552221237827e-08,1.6215464583609352e-08,1.9651935707279786e-08,1.6177052964017336e-08,1.0591064823736948e-09,0.00019158525850059184,0.0001580367789290209,0.00015733671968538938,1.8464662674146424e-05,2.5289347783711773e-05,2.121160845753249e-05,2.6399418644355987e-06,0.28292433234768405,0.2366409037532398,0.016657734752451202,2748.7806113231004,2305.5581390352263,286.9465786378266,84.81988610545842,84.61864442716056,90.13675041653846,91.67442025237776,-0.04628342859444426,0.2199831690007886,0.8364105758936039,14.206067467752051,8.034877109715211,8.034799194958227,0.000246784615125728,True,5.907124833569072,0.003609108759117241,0.8904694648432563,0.0014931114791189026,0.8906923308286365,5.932468602365404e-05,0.0,63.44417980846332,63.419841361010256,False,0.8826199884688825,0.882638661830807,-0.00017574057117120123,G12V,fixed_concentration,0.00036399999999999996,6.32455532033676e-09,2778.625954198473,0.0316227766016838,0.00011,0.8741447571006196,0.00012583728164755018
54.33556472291671,5.916924906237742,54.05208007939683,5.874712599707425,6.3747010716773005,0.891104013799967,0.005217294509875847,0.8918808955117072,0.8916721562309159,0.00020873928079134796,1.870181108431167e-07,1.8577072464618908e-07,0.0,1.972552221237827e-08,1.6215464583609352e-08,1.9494787136376134e-08,1.6094566212017436e-08,1.058785535928645e-09,0.00019158525850059184,0.0001580367789290209,0.00015583835651545178,1.840112043465005e-05,7.908693662906431e-05,6.647917738935303e-05,8.325221724156922e-06,0.8881662925263868,0.7447927306722831,0.05266049729962347,8596.212968262857,7225.835528324254,904.9039371577253,84.81988610545842,84.1865169449421,90.13675041653846,91.20751390602422,-0.14337356185410366,0.6921322333726596,0.8385735159501743,14.143290870092267,7.985274097439757,7.98519625300822,0.0007768817117402849,True,5.886054566409079,0.011341966701654549,0.8904694648432563,0.004683444021936212,0.8911678440919765,0.00018539911862081038,0.0,63.44417980846332,63.367428776271844,False,0.8826199884688825,0.8826790316032421,-0.0005533629553707842,G12V,fixed_concentration,0.00036399999999999996,2.0000000000000004e-08,2778.625954198473,0.10000000000000002,0.00011,0.8741447571006196,0.00012583728164755018
54.33556472291671,5.916924906237742,53.44998290553543,5.785320691998981,6.367761400373712,0.891104013799967,0.016298382503196374,0.8935260777816312,0.8928788422361179,0.0006472355455132695,1.870181108431167e-07,1.8318735756960756e-07,0.0,1.972552221237827e-08,1.6215464583609352e-08,1.9014829380545636e-08,1.5838683743162652e-08,1.0580569185798716e-09,0.00019158525850059184,0.0001580367789290209,0.00015123493023742906,1.8200146364326087e-05,0.00024158300538856724,0.00020439795475210405,2.608449171771002e-05,2.7454839588776143,2.3205439721874765,0.16641313330854457,26258.425149619376,22216.66424720166,2835.234614829969,84.81988610545842,82.84662765105003,90.13675041653846,89.75971042766807,-0.42493998669013777,2.154130838878932,0.8452221928610874,13.944476172352239,7.83599530955508,7.835917398509192,0.002422063981664224,True,5.820488600873187,0.03516790887420562,0.8904694648432563,0.014437334446130157,0.8926156578775343,0.0005648640661564119,0.0,63.44417980846332,63.20360763426924,False,0.8826199884688825,0.882806750369744,-0.0017263424253022297,G12V,fixed_concentration,0.00036399999999999996,6.32455532033676e-08,2778.625954198473,0.316227766016838,0.00011,0.8741447571006196,0.00012583728164755018
54.33556472291671,5.916924906237742,51.639489547927326,5.518824802534623,6.345485702159897,0.891104013799967,0.04961897771262658,0.8984307086771293,0.8965073213122209,0.00192338736490838,1.870181108431167e-07,1.7595101621516243e-07,0.0,1.972552221237827e-08,1.6215464583609352e-08,1.764650800239093e-08,1.5072956545078273e-08,1.0621660140010783e-09,0.00019158525850059184,0.0001580367789290209,0.00013792914266181987,1.7556548301638416e-05,0.000688435902694163,0.0005926668882158202,7.982121937101741e-05,8.107875331086102,7.008298989344583,0.5282779775929456,74828.22588281691,64418.78954590765,8676.104568535242,84.81988610545842,78.86325830119523,90.13675041653846,85.45483854734104,-1.0995763417415194,6.480021011751638,0.8643816910299946,13.266309190622163,7.424929021204778,7.424851675892522,0.00732669487716231,True,5.623333141187845,0.10450833865322195,0.8904694648432563,0.04219834256350896,0.8966819249554275,0.0015904530684625051,0.0,63.44417980846332,62.7048529419147,False,0.8826199884688825,0.8832167157087887,-0.0052275489361641725,G12V,fixed_concentration,0.00036399999999999996,2.0000000000000002e-07,2778.625954198473,1.0000000000000002,0.00011,0.8741447571006196,0.00012583728164755018
54.33556472291671,5.916924906237742,46.77857488690474,4.826726682345274,6.268577309951824,0.891104013799967,0.13907999069391674,0.9111681877797887,0.9062492665472724,0.004918921232516249,1.870181108431167e-07,1.6002782704136521e-07,0.0,1.972552221237827e-08,1.6215464583609352e-08,1.4335062956116218e-08,1.291818893163563e-08,1.117123075649097e-09,0.00019158525850059184,0.0001580367789290209,0.00010598253101944238,1.537206815469422e-05,0.0016406816408154736,0.0014595871876989185,0.00022178570402157143,21.149792375317382,19.1861772102829,1.7565231716358944,178330.3608588185,158646.60840623296,24106.759552382566,84.81988610545842,68.59630222716478,90.13675041653846,74.35439909672381,-1.9636151650344829,17.429654038647005,0.9071567639913999,10.922814751378615,6.58106974991028,6.581000986943237,0.020064173979821742,True,5.09399904534159,0.26727236299631585,0.8904694648432563,0.10631066376347287,0.9056896998837723,0.003575971145634238,0.0,63.44417980846332,61.34044024605178,False,0.8826199884688825,0.8846321494601496,-0.014313049920132603,G12V,fixed_concentration,0.00036399999999999996,6.324555320336759e-07,2778.625954198473,3.16227766016838,0.00011,0.8741447571006196,0.00012583728164755018
54.33556472291671,5.916924906237742,37.828074543650025,3.6790917481521928,6.0738221129566865,0.891104013799967,0.3038063607776297,0.9322894357146436,0.92418730707069,0.008102128643953654,1.870181108431167e-07,1.3949548455491937e-07,0.0,1.972552221237827e-08,1.6215464583609352e-08,8.6960996938871e-09,8.261601091660995e-09,1.0022461860202816e-09,0.00019158525850059184,0.0001580367789290209,5.852606522919974e-05,9.979678483161746e-06,0.002841135663033689,0.002606908413612704,0.00045678597314517146,41.66857079607794,39.66915359131205,4.9862431139507395,308810.0324124488,283350.9840147686,49649.5646924149,84.81988610545842,51.819253883225414,90.13675041653846,56.199835321007875,-1.9994172047658836,34.68291047736131,0.9520161799032935,7.955719904696158,5.707067569660684,5.707018495935714,0.04118542191467667,True,4.119325483479135,0.4402337353269421,0.8904694648432563,0.19812351317877885,0.91744326378123,0.005273224512367891,0.0,63.44417980846332,58.85111015045266,False,0.8826199884688825,0.888216453736516,-0.030064328863671497,G12V,fixed_concentration,0.00036399999999999996,2.0000000000000003e-06,2778.625954198473,10.000000000000002,0.00011,0.8741447571006196,0.00012583728164755018
54.33556472291671,5.916924906237742,29.621675095724722,2.7655387044730135,5.870931992187588,0.891104013799967,0.45483818477308646,0.9491026049222856,0.9406340664922652,0.008468538430020378,1.870181108431167e-07,1.2594957211543545e-07,0.0,1.972552221237827e-08,1.6215464583609352e-08,3.732384898239461e-09,3.620079929822849e-09,5.39740043669946e-10,0.00019158525850059184,0.0001580367789290209,2.356008304603118e-05,4.442058029154326e-06,0.0036331575518479464,0.0033811179391230813,0.0006447054882389357,57.93264063534398,56.22039096545569,8.511014667485396,394895.8326495508,367500.59565975075,70074.832636808,84.81988610545842,38.681512010789014,90.13675041653846,41.96947680494212,-1.712249669888287,47.709376297970294,0.9704441287137935,6.605603815986158,5.2444379655567595,5.24440204608801,0.05799859112231864,True,3.225681522445893,0.4601428179728795,0.8904694648432563,0.2664062180531468,0.9252943045931596,0.0056452241174580475,0.0,63.44417980846332,56.61302858014841,False,0.8826199884688825,0.8919504743876997,-0.04405842545464034,G12V,fixed_concentration,0.00036399999999999996,6.324555320336759e-06,2778.625954198473,31.622776601683796,0.00011,0.8741447571006196,0.00012583728164755018
54.33556472291671,5.916924906237742,25.513492128234592,2.347493978667777,5.765874719456467,0.891104013799967,0.5304458091428659,0.9567963636590733,0.9488674333122538,0.007928930346819518,1.870181108431167e-07,1.202503356431497e-07,0.0,1.972552221237827e-08,1.6215464583609352e-08,1.3174523779033665e-09,1.2849271890254724e-09,2.0777962705128592e-10,0.00019158525850059184,0.0001580367789290209,8.104373169377217e-06,1.5926023282218428e-06,0.003968343886905752,0.003710397085545717,0.0007319949864310896,65.44097304206434,63.83558311540331,10.37810072751618,431327.4978572494,403290.15187597694,79562.41567673754,84.81988610545842,32.73281966559777,90.13675041653846,35.52192053550923,-1.605389926661033,53.457482387887126,0.9754681226144191,6.150988971050511,5.0688831950012485,5.06885252849218,0.06569234985910632,True,2.7783168867108907,0.43082290804311363,0.8904694648432563,0.29729094340646034,0.9286225428264209,0.0055906418546017855,0.0,63.44417980846332,55.490739580518856,False,0.8826199884688825,0.893883964418895,-0.05099975924380995,G12V,fixed_concentration,0.00036399999999999996,2e-05,2778.625954198473,100.00000000000001,0.00011,0.8741447571006196,0.00012583728164755018
54.33556472291671,5.916924906237742,23.986862764375196,2.1976886379809843,5.726422011025181,0.891104013799967,0.5585421282230929,0.9595534039410825,0.9519270096870861,0.00762639425399636,1.870181108431167e-07,1.1826700860547843e-07,0.0,1.972552221237827e-08,1.6215464583609352e-08,4.319179576907679e-10,4.2190472670653116e-10,7.01330844088707e-11,0.00019158525850059184,0.0001580367789290209,2.633871147183194e-06,5.250590559728681e-07,0.004085351135556229,0.0038254258438483444,0.0007635676980143068,68.1444301199508,66.56784697344449,11.085010217717732,444045.0894103525,415792.68387937656,82994.07847499083,84.81988610545842,30.610688479619782,90.13675041653846,33.22118990310682,-1.5765831465063087,55.48283675572676,0.9768640937530604,6.005212955694505,5.009936713924046,5.009907833420551,0.06844939014111551,True,2.6120730765714812,0.4143844385904969,0.8904694648432563,0.30835552883927264,0.9297843824992446,0.005540571563682151,0.0,63.44417980846332,55.0709463930321,False,0.8826199884688825,0.8946100580673639,-0.05357161185296022,G12V,fixed_concentration,0.00036399999999999996,6.324555320336759e-05,2778.625954198473,316.22776601683796,0.00011,0.8741447571006196,0.00012583728164755018
54.33556472291671,5.916924906237742,23.47801792599739,2.1483705864898366,5.713225951822295,0.891104013799967,0.5679069860463741,0.9604610608641796,0.9529468051153751,0.007514255748804488,1.870181108431167e-07,1.1762024315960278e-07,0.0,1.972552221237827e-08,1.6215464583609352e-08,1.3816867113117856e-10,1.3502779820418466e-10,2.2646989968268238e-11,0.00019158525850059184,0.0001580367789290209,8.401948336128285e-07,1.682756022564933e-07,0.004123550789048483,0.0038629836066128766,0.000773999980519153,69.035990055119,67.4676059340045,11.32208967853274,448197.0318599553,419874.85382487887,84127.97068590172,84.81988610545842,29.91315367379693,90.13675041653846,32.464876718038845,-1.568384121114505,56.145516255471755,0.977281645126516,5.958935836900014,4.990935017881807,4.990906715110413,0.06935704706421264,True,2.556661916073549,0.4082913295837125,0.8904694648432563,0.3119996137071964,0.9301636694935014,0.005520719992198719,0.0,63.44417980846332,54.9305623944742,False,0.8826199884688825,0.8948529203486373,-0.05442799669097065,G12V,fixed_concentration,0.00036399999999999996,0.00020000000000000004,2778.625954198473,1000.0000000000002,0.00011,0.8741447571006196,0.00012583728164755018
